[{"_key":"4293817","_id":"cloudseer_peoples/4293817","_rev":"_WsNm60q-AP","csId":"d41d8cd98f00b204e9800998ecf8427e","logon":"BHIMASNA","empId":"50131871","empNum":"A003732","emailAddress":"Naveen.Bhimasenachar@amwater.com","since":"20030610132822.0Z","reports_to":"Nicholas W. Santillo Jr.","fall_under":"Voorhees (Corporate)","firstName":"Naveen","lastName":"Bhimasenachar","displayName":"Naveen Bhimasenachar","laptops":["cloudseer_laptops/4242231","cloudseer_laptops/4242233"],"badgeId":"172462957","contactInformation":{"mobile":"7179263098","telephone":"7175204507"},"activities":{"vpn":[{"rank":0,"mac":"60:57:18:44:D4:2D","dev":"Windows10-Workstation","size":1,"session":["cloudseer_source_vpns/4176762"]},{"rank":0,"mac":"80:00:0B:57:64:7B","dev":"Microsoft-Workstation","size":1,"session":["cloudseer_source_vpns/4177502"]}],"badge":[{"place":"609 NJ - WOODCREST","size":12,"links":["cloudseer_source_lenels/4119865","cloudseer_source_lenels/4122817","cloudseer_source_lenels/4166669","cloudseer_source_lenels/4169765","cloudseer_source_lenels/4172771","cloudseer_source_lenels/4125565","cloudseer_source_lenels/4123207","cloudseer_source_lenels/4149371","cloudseer_source_lenels/4119969","cloudseer_source_lenels/4119963","cloudseer_source_lenels/4151777","cloudseer_source_lenels/4170067"]},{"place":"610 NJ - WOODCREST","size":2,"links":["cloudseer_source_lenels/4175491","cloudseer_source_lenels/4173459"]}]}}]