[{"value":"FOR s in cloudseer_vpn_servers\n  FOR p in cloudseer_badging_stations\n   FILTER s.situated_at == p.station\nINSERT {_from: s._id, _to: p._id} INTO cloudseer_are_in","parameter":{},"name":"awsecurity_are_in_edge"},{"value":"FOR s in cloudseer_laptops\n  FOR p in cloudseer_peoples\n   FILTER s.owner == p._id\nINSERT {_from: s.owner, _to: s._id, type: \"established\" } INTO cloudseer_creates","parameter":{},"name":"awsecurity_creates_edge"},{"value":"FOR v in cloudseer_source_vpns\nFILTER v.Server != null\nCOLLECT host= v.Server, hostIp = v.Network_Device_IP, alias = v.Network_Device INTO groups\nINSERT {\"host\": host, \"hostIp\": hostIp, \"situated_at\": \"613 NJ - WOODCREST\", alias: alias } into cloudseer_vpn_servers","parameter":{},"name":"001-cloudseer_vpn_servers"},{"value":"FOR v in cloudseer_source_myaccess\r\nLET identity = v.sAMAccountName\r\nCOLLECT logon = v.sAMAccountName, empId = v.employeeID, empNum = v.employeeNumber, emailAddress = v.mail, since = v.whenCreated, manager = SUBSTITUTE(SPLIT(v.manager, \",\")[0], \"CN=\", \"\"), under = SUBSTITUTE(SPLIT(v.manager, \",\")[1], \"OU=\", \"\"), firstName = SPLIT(v.mail, \".\")[0], cinfo = [v.mobile, v.telephoneNumber], fullName = v.name, csId = MD5(v.logon), badgeMapping = (\r\n        FOR b in cloudseer_source_badges_users_mappings\r\n        FILTER UPPER(identity) == UPPER(b.UserID)\r\n        RETURN b\r\n    ), vpnInformation  = (\r\n        FOR g IN cloudseer_source_vpns\r\n        FILTER UPPER(identity) == UPPER(g.Identity)\r\n        LET mac = g.Endpoint_ID\r\n        COLLECT macd = g.Endpoint_ID, dev = g.Endpoint_Profile, \r\n        sessions = (FOR q in cloudseer_source_vpns FILTER UPPER(q.Endpoint_ID) == UPPER(mac) RETURN q._id) \r\n        WITH count INTO length\r\n        RETURN DISTINCT { rank: 0, mac: macd, dev: dev, size: length, session: sessions }\r\n    )\r\nINSERT {\r\n    csId: csId,\r\n    logon : logon,\r\n    empId : empId,\r\n    empNum : empNum,\r\n    emailAddress: emailAddress,\r\n    since: since,\r\n    reports_to: manager,\r\n    fall_under: under,\r\n    firstName: firstName,\r\n    lastName: badgeMapping[0].Surname,\r\n    displayName: fullName,\r\n    laptops: (FOR mac in vpnInformation[*].mac FOR lp in cloudseer_laptops FILTER lp.mac == mac RETURN lp._id),\r\n    badgeId: badgeMapping[0].BadgeId,\r\n    contactInformation: {\r\n        mobile: cinfo[0],\r\n        telephone: cinfo[1]\r\n    },\r\n    activities:{\r\n        vpn: vpnInformation,\r\n        badge:  (\r\n            FOR bg IN cloudseer_source_lenels\r\n            FILTER bg.BadgeId == badgeMapping[0].BadgeId\r\n            COLLECT place = bg.Panel, links = (FOR e in cloudseer_source_lenels FILTER e.BadgeId == bg.BadgeId AND e.Panel == bg.Panel RETURN e._id) WITH count into total_badges\r\n            RETURN {\r\n\t\t    place: place,\r\n\t\t    size: total_badges,\r\n\t\t    links: links\r\n\t    })\r\n    }\r\n} INTO cloudseer_peoples","parameter":{},"name":"002-cloudseer_peoples"},{"value":"FOR v in cloudseer_source_vpns\r\nFOR p in cloudseer_peoples\r\nFILTER UPPER(v.Identity) == UPPER(p.logon)\r\nCOLLECT people = p._id, hexmac= v.Endpoint_ID, profile= v.Endpoint_Profile\r\n\r\nINSERT {device: \"laptop\", assignedTo: people,  profile: profile, \"model\": \"Dell 184X\", \"mac\": hexmac  } INTO cloudseer_laptops","parameter":{},"name":"003-cloudseer_laptops"},{"value":"FOR a in cloudseer_laptops\n  FOR p in cloudseer_peoples\n   FILTER p.virtualLoginProfile.VpnEndpointId == a.mac\nINSERT {_from: p._id, _to: a._id } INTO cloudseer_owns\n","parameter":{},"name":"X001-cloudseer_owns"},{"value":"FOR l in cloudseer_source_lenels\nLIMIT 1000\nFILTER l.Panel != null \nCOLLECT device = l.Device , location = l.Panel WITH count INTO length\n\nRETURN {\n    station: device,\n    location: location,\n    total_badgings : length,\n    stats : (\n        FOR g in cloudseer_source_lenels\n        LET badgeInfo = g.Detail\n        FILTER g.Device == device\n        COLLECT ev = g.Event, aj = g, hour = DATE_HOUR(CONCAT(g.ISO_Format, \"Z\")), time = CONCAT(g.ISO_Format,\"Z\"), peoples_who_have_check_ins = (\n        FOR p in cloudseer_peoples\n        FILTER CONTAINS(badgeInfo, p.badgeId)\n        RETURN p._id\n        )\n        RETURN {\n             time: time,\n    hour : hour,\n    bucket: (hour/4) /* ascii + 97*/, personnes: peoples_who_have_check_ins\n    }\n    )\n} ","parameter":{},"name":"004-cloudseer_badging_stations"},{"value":"FOR l in cloudseer_source_lenels\nCOLLECT Event = l.Event WITH count into length\nINSERT {\n    type: Event,\n    occurances: length\n} INTO cloudseer_lenel_statuses","parameter":{},"name":"006-cloudseer_lenel_statuses"},{"value":"FOR l in cloudseer_source_lenels\nFOR p in cloudseer_peoples\nFILTER LIKE(l.Details, \"%\"+p.badgeId+\"%\")\nRETURN {\nEmpName: p.displayName,\nEmpId: p.empId,\nDate: l.Date,\nTime: l.Time,\nEvent: l.Event,\nDetails: l.Details,\nDevice: l.Device,\nPanel: l.Panel\n}","parameter":{},"name":"sanjays-explore-raw-lenel"},{"value":"FOR c IN cloudseer_source_vpns\nFOR p IN cloudseer_peoples\nFILTER UPPER(c.Identity) == UPPER(p.logon)\nRETURN DISTINCT {\nempId: p.empId,\nbadgeId: p.badgeId,\ndisplayName: p.displayName,\nLogged_At: c.Logged_At,\nRADIUS_Status: c.RADIUS_Status,\nIdentity: c.Identity,\nEndpoint_ID: c.Endpoint_ID,\nEndpoint_Profile: c.Endpoint_Profile,\nAuthorization_Rule: c.Authorization_Rule,\nServer: c.Server,\nNetwork_Device: c.Network_Device,\nDevice_Type: c.Device_Type,\nLocation: c.Location,\nNetwork_Device_IP: c.Network_Device_IP,\nDevice_Port: c.Device_Port,\nEvent: c.Event,\nService_Type: c.Service_Type,\nAuthentication_Protocol: c.Authentication_Protocol,\nCredential_Check: c.Credential_Check,\nFailure_Reason: c.Failure_Reason,\nMapLocation: c.MapLocation\n}\n","parameter":{},"name":"sanjay-vpn-extracts-17042018"},{"value":"FOR j in cloudseer_time_buckets\r\nFOR h in 0..23\r\n\tFILTER j.hour == h\r\n\tCOLLECT bucket = j.bucket, hour = j.hour WITH count into length\r\n\tINSERT  {\r\n\t\thour : hour,\r\n\t\tsize: length,\r\n\t\tbucket: bucket\r\n\t} INTO cloudseer_badging_total_stats_hourly","parameter":{},"name":"007-cloudseer_badging_total_stats_hourly"},{"value":"FOR j in cloudseer_time_buckets\nFOR h in 0..23\nFOR ev in cloudseer_lenel_statuses\n\tFILTER j.hour == h AND j.event.Event == ev.type\n\tCOLLECT  event = j.event.Event WITH count into length\n\tINSERT { \"activities\" : {\n\t    type: event,\n\t\tsize: length\n\t}\n\t} INTO cloudseer_badging_activities_per_status_pattern_stats_daily","parameter":{},"name":"008-cloudseer_badging_activities_per_status_pattern_stats_daily"},{"value":"FOR j in cloudseer_time_buckets\nFOR h in 0..23\nFOR ev in [ \"Access Granted\", \"Denied, Badge Not in Panel\", \"Invalid Access Level\", \"Invalid Badge\", \"Inactive Badge\" ]\n\tFILTER j.hour == h AND j.event.Event == ev\n\tCOLLECT  event = j.event.Event, hour = j.hour, bucket = j.bucket WITH count into length\n\tINSERT { \"activities\" : {\n\t    type: event,\n\t    hour: hour,\n\t    bucket: bucket,\n\t\tsize: length\n\t}\n\t} INTO cloudseer_badging_activities_per_status_pattern_stats_hourly","parameter":{},"name":"009-cloudseer_badging_activities_per_status_pattern_stats_hourly"},{"value":"FOR j in cloudseer_time_buckets\r\nFOR h in 0..23\r\nFOR ev in [ \"Access Granted\", \"Denied, Badge Not in Panel\", \"Invalid Access Level\", \"Invalid Badge\", \"Inactive Badge\" ]\r\nFOR device in [\r\n  \"609-4-01 New Lane 2 Exit -CR\",\r\n  \"610-2-01 Center Entry Lane\",\r\n  \"613-1-01 BT TRNSTLE IN\",\r\n  \"609-4-00 New Lane 1 Exit -CR\",\r\n  \"613-4-00 SERVICE OUT -CR\",\r\n  \"610-3-00 East Entry Lane\",\r\n  \"610-4-01 Handicap Exit Lane\",\r\n  \"613-2-00 BT TRNSTLE OUT\",\r\n  \"609-3-01 New Lane 2 Entry -CR\",\r\n  \"609-3-00 New Lane 1 Entry -CR\",\r\n  \"610-2-00 Center Exit Lane\",\r\n  \"613-4-01 SERVICE IN -CR\",\r\n  \"610-1-01 West Exit Lane\",\r\n  \"610-3-01 East Exit Lane\",\r\n  \"610-4-00 Handicap Entry Lane\",\r\n  \"610-1-00 West Entry Lane -CR\"\r\n]\r\n\tFILTER j.hour == h AND j.event.Event == ev AND j.event.Device == device\r\n\tCOLLECT  event = j.event.Event, dev = j.event.Device, hour = j.hour, bucket = j.bucket WITH count into length\r\n\tINSERT { \"activities\" : {\r\n\t    type: event,\r\n\t    lane: dev,\r\n\t    hour: hour,\r\n\t    bucket: bucket,\r\n\t\tsize: length\r\n\t}\r\n\t} INTO cloudseer_badging_stations_stats_hourly","parameter":{},"name":"010-cloudseer_badging_stations_stats_hourly"},{"value":"FOR j in cloudseer_time_buckets\r\nFOR h in 0..23\r\nFOR ev in cloudseer_lenel_statuses\r\nFOR ed IN [ \"Entry\", \"Exit\", \"IN\", \"OUT\"]\r\n\tFILTER j.hour == h AND j.event.Event == ev.type AND CONTAINS(j.event.Device, ed)\r\n\tCOLLECT  event = j.event.Event, hour = j.hour, bucket = j.bucket, badgeActivity = ed WITH count into length\r\n\tINSERT { \"activities\" : {\r\n\t    type: event,\r\n\t    hour: hour,\r\n\t    bucket: bucket,\r\n\t    badge_activity: badgeActivity,\r\n\t\tsize: length\r\n\t}\r\n\t} INTO cloudseer_badging_entry_exit_stats_hourly","parameter":{},"name":"011-cloudseer_badging_entry_exit_stats_hourly"},{"value":"FOR j in cloudseer_time_buckets\r\nFOR h in 0..23\r\nFOR d in 1..31\r\nFOR ev in cloudseer_lenel_statuses\r\nFOR ed IN [ \"Entry\", \"Exit\", \"IN\", \"OUT\"]\r\n\tFILTER j.hour == h AND j.event.Event == ev.type AND CONTAINS(j.event.Device, ed) AND d == j.day\r\n\tCOLLECT  event = j.event.Event, dw = j.day WITH count into length\r\n\tRETURN { \"activities\" : {\r\n\t    type: event,\r\n\t    day: dw,\r\n\t    size: length\r\n\t}\r\n\t}","parameter":{},"name":"012-cloudseer_badging_stats_per_day_average"},{"value":"FOR j in cloudseer_time_buckets\r\nFOR h in 0..23\r\nFOR d in 1..31\r\nFOR m in 1..12\r\n\tFILTER j.hour == h AND d == j.day AND h == j.hour AND m == j.month\r\n\tCOLLECT  event = j.event.Event, hour = j.hour, bucket = j.bucket, dw = j.day, dm = j.month WITH count into length\r\n\tINSERT { \"activities\" : {\r\n\t    type: event,\r\n\t    day: dw,\r\n\t    hour: hour,\r\n\t    month: dm,\r\n\t    bucket: bucket,\r\n\t    size: length\r\n\t}\r\n} INTO cloudseer_daywise_hourwise_stats_per_bucket","parameter":{},"name":"012-cloudseer_daywise_hourwise_stats_per_bucket"},{"value":"FOR j in cloudseer_time_buckets\r\nFOR h in 0..23\r\nFOR d in 1..31\r\nFOR m in 1..12\r\n\tFILTER j.hour == h AND d == j.day AND h == j.hour AND m == j.month\r\n\tCOLLECT  event = j.event.Event, hour = j.hour, bucket = j.bucket, dw = j.day, dm = j.month WITH count into length\r\n\tINSERT { \"activities\" : {\r\n\t    type: event,\r\n\t    day: dw,\r\n\t    hour: hour,\r\n\t    month: dm,\r\n\t    bucket: bucket,\r\n\t    size: length\r\n\t}\r\n} INTO cloudseer_daywise_hourwise_stats_per_bucket","parameter":{},"name":"013-cloudseer_daywise_hourwise_stats_per_bucket"},{"value":"FOR h in 0..23\r\nCOLLECT hourgroup = h, sz = (FOR rw IN cloudseer_daywise_hourwise_stats_per_bucket FILTER rw.activities.hour == h RETURN rw.activities.size)\r\nINSERT {hour: hourgroup, all_count:SUM(sz), avg: FLOOR(AVERAGE(sz))} INTO cloudseer_daily_hourwise_total_badging","parameter":{},"name":"014-cloudseer_daily_hourwise_total_badging"},{"value":"FOR m in 1..12\r\nFOR d in 1..31\r\nFOR h in 0..23\r\nCOLLECT hourgroup = h, month = m, day = d, names = (FOR q in cloudseer_time_buckets FILTER q.hour == h AND q.month == m AND q.day == d COLLECT names = q.event.Details INTO groups RETURN DISTINCT UNIQUE(groups[*].q.event.Details))\r\nINSERT {hourgroup: hourgroup, month:month, day: day, persons: UNIQUE(names)} INTO cloudseer_daily_hourwise_total_persons","parameter":{},"name":"015-cloudseer_daily_hourwise_total_persons"},{"value":"FOR h in 0..23\r\nCOLLECT hourgroup = h, names = (FOR q in cloudseer_time_buckets FILTER q.hour == h COLLECT names = q.event.Details INTO groups RETURN DISTINCT UNIQUE(groups[*].q.event.Details))\r\nINSERT {hourgroup: hourgroup, persons: UNIQUE(names)} INTO cloudseer_alltime_hourwise_total_persons","parameter":{},"name":"016-cloudseer_alltime_hourwise_total_persons"},{"value":"FOR v in cloudseer_source_myaccess\r\nLET identity = v.sAMAccountName\r\nCOLLECT logon = v.sAMAccountName, empId = v.employeeID, empNum = v.employeeNumber, emailAddress = v.mail, since = v.whenCreated, manager = SUBSTITUTE(SPLIT(v.manager, \",\")[0], \"CN=\", \"\"), under = SUBSTITUTE(SPLIT(v.manager, \",\")[1], \"OU=\", \"\"), firstName = SPLIT(v.mail, \".\")[0], cinfo = [v.mobile, v.telephoneNumber], fullName = v.name, csId = MD5(v.logon), badgeMapping = (\r\n        FOR b in cloudseer_source_badges_users_mappings\r\n        FILTER UPPER(identity) == UPPER(b.UserID)\r\n        RETURN b\r\n    ), vpnInformation  = (\r\n        FOR g IN cloudseer_source_vpns\r\n        FILTER UPPER(identity) == UPPER(g.Identity)\r\n        LET mac = g.Endpoint_ID\r\n        COLLECT macd = g.Endpoint_ID, dev = g.Endpoint_Profile, \r\n        sessions = (FOR q in cloudseer_source_vpns FILTER UPPER(q.Endpoint_ID) == UPPER(mac) RETURN q._id) \r\n        WITH count INTO length\r\n        RETURN DISTINCT { rank: 0, mac: macd, dev: dev, size: length, session: sessions }\r\n    ), badgingPatterns = (\r\n            FOR bg IN cloudseer_source_lenels\r\n            FILTER bg.BadgeId == badgeMapping[0].BadgeId\r\n            COLLECT place = bg.Panel, links = (FOR e in cloudseer_source_lenels FILTER e.BadgeId == bg.BadgeId AND e.Panel == bg.Panel RETURN e._id) WITH count into badging_length\r\n            RETURN {\r\n\t\t    place: place,\r\n\t\t    size: badging_length,\r\n\t\t    links: links\r\n\t    }), laptops = (FOR mac in vpnInformation[*].mac FOR lp in cloudseer_laptops FILTER lp.mac == mac RETURN lp._id)\r\nRETURN {\r\n    csId: csId,\r\n    logon : logon,\r\n    empId : empId,\r\n    empNum : empNum,\r\n    emailAddress: emailAddress,\r\n    since: since,\r\n    reports_to: manager,\r\n    fall_under: under,\r\n    firstName: firstName,\r\n    lastName: badgeMapping[0].Surname,\r\n    displayName: fullName,\r\n    laptops: laptops,\r\n    badgeId: badgeMapping[0].BadgeId,\r\n    contactInformation: {\r\n        mobile: cinfo[0],\r\n        telephone: cinfo[1]\r\n    },\r\n    activities:{\r\n        vpn: vpnInformation,\r\n        badge: badgingPatterns\r\n    }\r\n}","parameter":{},"name":"foo"},{"value":"FOR v in cloudseer_peoples FILTER LENGTH(v.activities.badge) > 1 AND LENGTH(v.activities.vpn) > 1 RETURN v","parameter":{},"name":"golden_try"},{"value":"FOR j in cloudseer_source_vpns\r\nCOLLECT aj = j, hour = DATE_HOUR(j.Logged_At), dw =DATE_DAY(j.Logged_At), time = j.Logged_At, dm = DATE_MONTH(j.Logged_At) WITH COUNT INTO groups\r\nINSERT {\r\n    time: time,\r\n    hour : hour,\r\n    day: dw,\r\n    month: dm,\r\n    bucket: (\r\n        FOR v in 1..1\r\n        COLLECT a = hour <= 4 ? 1: 0, b = hour > 4 && hour <=8 ? 1: 0, c = hour > 8 && hour <=12 ? 1: 0, d = hour > 12 && hour <=16 ? 1: 0, e = hour > 16 && hour <=20 ? 1 : 0, f = hour > 20 && hour <= 24 ? 1:0\r\n        RETURN {\r\n            a,\r\n            b,\r\n            c,\r\n            d,\r\n            e,\r\n            f\r\n        }\r\n    ), event: aj\r\n} INTO cloudseer_vpn_timebuckets","parameter":{},"name":"018-cloudseer_vpn_timebuckets"},{"value":"FOR j in cloudseer_vpn_timebuckets\r\nCOLLECT hour = j.hour,  event = j.event.Event WITH count into length\r\nINSERT { \"activities\" : {\r\n\t    hour: hour,\r\n\t    type: event,\r\n\t    size: length\r\n    }\r\n} INTO cloudseer_stats_activities_vpn_statuses_per_hour","parameter":{},"name":"019-cloudseer_stats_activities_vpn_statuses_per_hour"},{"value":"FOR j in cloudseer_vpn_timebuckets\r\nCOLLECT hour = j.hour, identities = (FOR q in cloudseer_vpn_timebuckets FILTER q.hour == j.hour RETURN q.event.Identity)\r\nINSERT { \"activities\" : {\r\n\t    hour: hour,\r\n\t    size : length(identities),\r\n\t    users: identities\r\n\t}\r\n} INTO cloudseer_stats_activities_vpn_identities_per_hour\r\n","parameter":{},"name":"020-cloudseer_stats_activities_vpn_identities_per_hour"},{"value":"FOR j in cloudseer_vpn_timebuckets\r\nFOR h in 0..23\r\nFILTER  j.hour == h\r\nCOLLECT device = j.event.Network_Device, hour = j.hour WITH count INTO length\r\nINSERT  { \"activities\":{\r\n    device: device,\r\n    hour: hour,\r\n    size: length\r\n}\r\n} INTO cloudseer_stats_activities_vpn_nw_device_per_hour","parameter":{},"name":"021-cloudseer_stats_activities_vpn_nw_device_per_hour"},{"value":"FOR j in cloudseer_source_lenels\nCOLLECT aj = j, hour = DATE_HOUR(CONCAT(j.ISO_Format, \"Z\")), dw =DATE_DAY(CONCAT(j.ISO_Format, \"Z\")), time = CONCAT(j.ISO_Format,\"Z\"), dm = DATE_MONTH(CONCAT(j.ISO_Format, \"Z\")) WITH COUNT INTO groups\nINSERT {\n    time: time,\n    hour : hour,\n    day: dw,\n    month: dm,\n    bucket: (\n        FOR v in 1..4\n        COLLECT a = hour <= 4 ? 1: 0, b = hour > 4 && hour <=8 ? 1: 0, c = hour > 8 && hour <=12 ? 1: 0, d = hour > 12 && hour <=16 ? 1: 0, e = hour > 16 && hour <=20 ? 1 : 0, f = hour > 20 && hour <= 24 ? 1:0\n        RETURN {\n            a,\n            b,\n            c,\n            d,\n            e,\n            f\n        }\n    ), event: aj\n} INTO cloudseer_time_buckets","parameter":{},"name":"005-cloudseer_time_buckets_repository"}]