[
  {"Dn":"CN=Girish Mahajan,OU=Voorhees (CITE Office),OU=NJ,OU=American Water Service Co Inc,OU=Regulated Business,OU=USA,OU=Domain Users,DC=amwater,DC=net","_id":"cloudseer_source_active_directory_samples/12139339","_key":"12139339","_rev":"_Wz1BDD6--_","accountExpires":"9223372036854775807","cn":"Girish Mahajan","codePage":"0","company":"American Water Service Co Inc","countryCode":"0","dSCorePropagationData":"16010101000001.0Z|20180403222250.0Z","displayName":"Girish Mahajan","distinguishedName":"CN=Girish Mahajan,OU=Voorhees (CITE Office),OU=NJ,OU=American Water Service Co Inc,OU=Regulated Business,OU=USA,OU=Domain Users,DC=amwater,DC=net","employeeID":"110052358","employeeNumber":"A018327","givenName":"Girish","instanceType":"4","lastLogonTimestamp":"131665516262269419","mail":"Girish.Mahajan@amwater.com","mailNickname":"MAHAJAG","manager":"CN=Tommy Riddle,OU=Alton (Consolidated Call Center),OU=IL,OU=American Water Service Co Inc,OU=Regulated Business,OU=USA,OU=Domain Users,DC=amwater,DC=net","memberOf":"CN=AWS-F5-VPN,OU=Specialized Groups,OU=US,OU=Domain Groups,DC=amwater,DC=net|CN=CTX_AnyDevice,OU=CTX_Applications,OU=Specialized Groups,OU=US,OU=Domain Groups,DC=amwater,DC=net|CN=IDC - Application Developers,OU=Accenture IDC,OU=Specialized Groups,OU=US,OU=Domain Groups,DC=amwater,DC=net|CN=IDC - Basis Team,OU=Accenture IDC,OU=Specialized Groups,OU=US,OU=Domain Groups,DC=amwater,DC=net|CN=PS_ResourcePool,OU=US,OU=Domain Groups,DC=amwater,DC=net","mobile":"919423178879","msTSExpireDate":"20180512090215.0Z","msTSLicenseVersion":"393216","msTSManagingLS":"55041-381-9981681-76997","name":"Girish Mahajan","objectCategory":"CN=Person,CN=Schema,CN=Configuration,DC=awwsc,DC=net","objectClass":"organizationalPerson|person|top|user","objectGUID":"BINARY","objectSid":"BINARY","physicalDeliveryOfficeName":"Voorhees (CITE Office)","primaryGroupID":"513","proxyAddresses":"SMTP:Girish.Mahajan@amwater.com","pwdLastSet":"131643000618298871","sAMAccountName":"MAHAJAG","sAMAccountType":"805306368","sn":"Mahajan","targetAddress":"SMTP:Girish.Mahajan@amwater.com","telephoneNumber":"919423178879","uSNChanged":"32737721","uSNCreated":"22825726","userAccountControl":"512","userPrincipalName":"Girish.Mahajan@amwater.com","whenChanged":"20180326152713.0Z","whenCreated":"20180227160256.0Z"}
]