[
  {"_id":"cloudseer_stats_activities_vpn_identities_per_hour/12310030","_key":"12310030","_rev":"_Wz1J_Am--D","activities":{"hour":22,"size":427,"users":["muhajj","mossr2","jenkinje","cephasc","farntrut","hokejm","forcindj","schwarml","taylorjm","packj","klinebj","hoffmamj","grantcn","truehs","laseckme","FARMERJC","harveyr","bladesr","browncd","leachde","forknelb","jacobirl","donahucl","nyced","hollinn","hannocc","gableja","fealyn1","dubys","gallagsa","adamse","aww\\hoerrwr","wildejr","KUNIGAH","russela1","farntrut","siegelgj","gallagsa","motleyme","campanrj","Kondapn","MILLERN","collarjr","kiermaj","morrislt","barajae","lanchosl","clarkmn","dossd","luederma","hearnj","cookejm","baxtersm","magretm","stenzell","hickset","demofos","hatchems","maclautt","johnsok7","hartmalm","blaines","Kondapn","ferrelr2","bofficf","altmang","duncanr1","simpsos1","lewismd","lynnm","taylorml","vaalerlm","munnsmr","braxtos","windmija","manonm1","lairmd","kempmd","errickjm","fiscusja","drewryj","gaskinja","fiscusja","reichacl","runzerjm","packj","aprajsv","destefdm","whittlko","lynnm","pendlep","shephej","palmerc1","zsomboda","donahucl","hainesj","jacobirl","roblesn","schwarml","bowdenga","waltercs","woodwajf","venablrf","salegna","bowlbyjs","drozddm","kundav","motleyme","gallagsa","kotansa","maherm","tuckerc1","brownj11","salegna","myerssl","gillesj2","slonecx","gehlintm","bernhaat","boydse","hickset","bellk","johnsok7","westertr","gallagsa","oeckinmr","lopezp1","modivm","napolekl","Caudila","fiscusja","becerrr","tufaroje","annarudj","playtet","packj","bladesr","mcdermgp","thomasj5","smithb","johnsok7","bellk","johnsdj","smithj4","hopkinmd","woodsrh","johnsdj","silvala","allentl","dietzmdp","bernhakm","michala","degrazd","wingosw","maggarmd","lynnm","adamse","carrernm","gentils","moyerkh","elienj","ballarhr","barajae","malisze","ghoshi","johnsok7","schuckd","bernhakm","mcdermgp","wallssw","stillm","alpizaja","jurpalsf","kasthud","packj","baetzeel","ingstrdj","aww\\hoerrwr","yadavm","etedalta","cookr","joyd","sudzinse","HAYESC","gogginpl","lantersm","modivm","sheparsa","richarp","sudzinse","evittsga","gillesj2","nam","chrnalad","snyderk2","woodla","glaubebs","maynord","eppensj","ballarhr","dossd","perumas1","deandj","clarkna","mittala1","erwind","aprajsv","STRASKJM","myerssl","fitzpas","woodla","lynnm","hopwook","lynnm","deveccnt","millerk5","hardb","baetzeel","carlsoj","lanchosl","packj","castilkc","bofficf","fiscusja","djurasg","taylorjm","petraum1","scheibtl","dardenlm","walcktj","tiernowa","robisoml","wiklemk","jacobubf","stillm","taylorjm","Daustedm","pruittdc","arokiys1","singhs3","mensini","munnsmr","bridwelc","aww\\welcomd","wingosw","annarudj","golyaj","trautwj","packj","motleyme","passmoro","mossr2","packj","srivelk","willoule","thornde","hannocc","nayerie","dextermj","YILMAZNM","johnsdj","jurpalsf","witherc1","anderse","longjs","hokesk","chenz","johnseae","joyd","rigolit","stabilj","cowells","kundav","gentils","rhielks","KUNTALS","stauffmw","adamse","stabilj","browng2","Matheib2","robisoml","lanchosl","passmoro","thornde","snyderk2","taylorka","ocwiejjd","BernarJ","andersca","donahucl","turnervs","lehmanht","mckeemj","chrnalad","franzomt","baxtert","aww\\hoerrwr","murphyc","mensini","LewisD1","brandirw","fasnaca","hernanm","clarkna","dasilvmf","caudlel","fiscusja","taylorml","salegna","lugoe","dephilk","destefdm","rogerskn","singhs3","arndtdc","corrigtf","kamus","boykina","hartmalm","stabilj","woodsrh","cheliujj","couchdj","aww\\hoerrwr","manleyka","singhs3","MCCONNJS","MARASCFJ","salegna","aprajsv","langanpm","murrayj1","lanchosl","myerssl","hickset","simkinch","nyced","janotarp","lipchom","penarx","packj","Braunb","wilemoc","arokiys1","mckeevnl","holmess","rotkowhj","oeckinmr","mckeemj","farntrut","hearnj","teodecw","monahadj","wilemoc","nam","leppanr","tiernowa","larsone","packj","fealyn1","bofficf","forresjm","stevene","houserns","taylorjm","deang","doellme","fasnaca","eggersgm","patelta","lewallmh","gudinl","turnervs","lonabatl","annarudj","akmentgl","reiscl","packj","schneirh","rolonc","donahucl","serisf","ambrosdw","victorr","zhangby","yadavm","kublok","gentils","tanakar","stenzell","nobletc","dossd","lanchosl","mitchena","modivm","brownj4","dunnka","collarjr","KUNIGAH","yuanpz","casabucj","hayscl","bowdenga","johnsos2","castilkc","mossr2","lhoteaj","thielcj","LewisD1","suderbj","tepenih","taylorml","monahadj","gaughaj","waltercs","elliotrm","pagecm","perumas1","gardnetd","thielcj","ogdenrj","mccalln","staleyme","modisc","arokiys1","yuensw"]}},
  {"_id":"cloudseer_stats_activities_vpn_identities_per_hour/12310028","_key":"12310028","_rev":"_Wz1J_Am--B","activities":{"hour":21,"size":594,"users":["snyderkm","stubenw1","shocklb","aurilica","wanninkj","pilarcm2","stillm","grangej","deang","basakss","coxjw","greenta","pricem","goldajs","dubys","molinajh","maggarmd","charrirp","schneirh","debalkga","horvatm","shortds","greenta","salamonr","gresssd","palmiest","dangella","HILLAM","westertr","taylorka","mcintyj","dvorakb","crespojr","mckeemj","hearnj","jeanlal","carrernm","boyerg","gentils","longjs","aww\\hoerrwr","bridwelc","dossd","dixonro","clarkems","santilnw","rotkowhj","johnsdj","schuckd","simpsos1","carbonjl","fiscusja","hallgrm","scheibtl","whitep","michaea","greenta","witherc2","hornt","kiermaj","destefdm","luederma","wigganme","scheibtl","yadavm","kostino","washinja","choatedw","gillesjc","srivelk","aww\\hoerrwr","nylandk","vanhorcd","wheeleh","gaskinja","donahucl","Keetonje","brenemjm","witherc2","combsmr","horvatm","hoffmamj","maitrema","wanninkj","johnseae","saldidm","forcindj","agravaj","scharlj2","swibolga","coxjw","johnsdj","shrobatg","bowlbyjs","raja","kennede","boored","potteidg","ghoshi","johnseae","mckeemj","shrewsj1","donosoj","beltraja","shanklj","clarkna","fuersttj","hartmalm","kullda","perkinhr","hartmalm","stabilj","eppensj","bernhakm","floydl1","baetzeel","arokiys1","packj","pelloclm","gwaraje","ARMBRUSL","nyced","thomasj5","jessenzj","lynnm","keanekt","destefdm","charrirp","sandakra","MonahaB1","vallejed","cafonemj","snyderk2","duncanr1","sledgeca","cokela","aprajsv","johnseae","gracest","caudlel","talkinrn","stevene","novakomw","spitznma","havenswa","dardenlm","bectinkd","griffimj","stubenw1","malisze","arokiys1","snyderkm","wingosw","johnseae","fredaj","keskins","cacchia","hiltonsb","raderdw","kullda","luederma","pirokca","wanninkj","aprajsv","couchdj","carbonjl","linamjt","blaked","linamjt","basaraf","pilarcm2","figuerte","choatedw","mcateeak","hillba","olsonlm","braxtos","binghapw","balohmv","bowdenga","thornde","gehlintm","ramirev","suderbj","gonzalj2","asbellwl","Novotkm","corzinm","arriage","hartmalm","winstoj1","ridenssr","gallagjj","pelloclm","nelsonre","grantcn","vanhorcd","kullda","johnsdj","raymomp","kolpga","akmentgl","bladesr","castilkc","richmoa","fitzpas","markwatf","mensini","bellk","hartmalm","duncanr1","hallep","barrrl","lagranbw","munguiv","carbonjl","richmoa","corsonmj","akmentgl","grondim","keanekt","swaminr","akmentgl","hearnj","simonea","mcdonomk","aww\\hoerrwr","mortonmh","eyrewj","kilpatjt","schwarml","gudinl","shrobatg","mcdermgp","yuanpz","destefdm","mossr2","brobbes","GENTESS","dellesla","BernarJ","turnervs","bhoombk","dietzmdp","kingc1","mckeemj","scheibtl","cookejm","rodrigaa","nylandk","grantcn","carrerjb","klinebj","haugenjl","smitham","brownj4","clarkna","burnsdl","salamonr","prawdzj","aprajsv","dextermj","frymant","myersgl","chilad","Udascokm","cuevasr","passmoro","salamonr","carbonjl","bozmanjg","linamjt","stoneta","kuchmej","bommargt","pilzp","adamse","johnsdj","scheibtl","KUNIGAH","mcdonobt","JOYNERC","rajuh","szedlak","merantj","raja","grantcn","yuensw","dietzmdp","raja","baetzeel","cottonkl","brinkebd","michala","destefdm","johnseae","aww\\welcomd","donahucl","jacobse","pilarcm2","wilemoc","wigganme","kahncr","browng2","newmanad","pilarcm2","potteidg","monacov","hawnjd","kullda","motleyme","johnseae","bowlbyjs","walterm2","leppanr","taylorml","mccaffbj","frankjm","randazm1","czerwtj","manonm1","bellk","michala","encarnef","pagetr","johnsow","forresjm","raisorbm","anderse","brownj4","Yowonsjr","fontanrj","valtmams","brobbes","radforpj","younge","waltercs","brownk6","kirksed","gardnetd","pelloclm","brookslr","nyced","richarp","jeanlal","walkerjw","arokiys1","johnsos2","turaysi","alpizaja","corrallh","leachde","creelse","corsonmj","taylorml","martinjl","nylandk","keanekt","richarp","pabonma","hearnj","garelip","dealj","sevinsk2","merantj","crusecw","lewisa1","couchdj","forcindj","chens","smithb","vanhorcd","bofficf","golyaj","mansfila","mcintyj","luederma","linj","monahadj","johnsorb","hartmalm","richarlk","packj","BernarJ","egnerka","destefdm","nuckolg","sivardp","gentils","whittek","salamonr","duncanr1","greenja","karnerd","ROBINSRD","smithk3","bridwelc","mountc","prichama","scofiejw","basakss","palmertj","davignjn","keanekt","mcdonobt","lynnm","rajuh","mcniecp","wicksfs1","chilad","taylorml","cosgroj","arokiys1","siegelgj","akmentgl","silviuk1","cuevasr","bommargt","dalesl","gallagjj","merantj","yuensw","schneirh","millerj7","jacobubf","roweno","jacobirl","pirokca","gentils","colavetm","carrerjb","arriage","sharman","MARKWAA","keanekt","jacksocd","neidecr","johnsos2","bridwelc","gehlintm","lopezaj","corrallh","dietzmdp","pirokca","paffka","jacobubf","deckelbr","mcdonobt","SCANLOTJ","sharman","thomasj5","thielcj","lipchom","garelip","bridwelc","siegelgj","carbonjl","brothet","weltonjd","waltonsa","ennisd","vaalerlm","delsorj","reiscl","RUSSOTL","coxjw","motleycf","dillerb","milazzm","destefdm","diepenke","pilarcm2","zambonm","scharlj2","knepptl","LAKHANS","mcelhimp","luederma","kullda","akmentgl","wigganme","stolicjr","jeanlal","grizzlsd","thornde","colejr","murrayj1","smitha","jenkinjm","yuensw","bittinrg","wesnerr","johnseae","couchdj","deluhem","tilleyar","lussin","johnsow","daybs","digeroka","riveram1","delapamc","johnseae","thomasj7","dawkinlw","pilarcm2","richarp","manassb","alaimod","destefdm","johnseae","rajuh","lewiswa","harrisum","destefdm","maynord","tilleyar","taylorjm","polillsf","johnseae","stillm","johnseae","bertota","nyced","Novotkm","leightcj","cowells","shocklb","labensme","havenswa","browng2","odraint","raymomp","orfel2","corzinm","truehs","LewisD1","rotkowhj","gauthid1","santysc","Harrisc2","husemab","mazzelaj","brittdl","stauffmw","matlocma","carbonjl","holokadh","JOYNERC","stoneta","mcmanua","ashackrl","arokiys1","kirksed","boedydr","hartbj","corzinm","ambrosdw","akmentgl","johnseae","magretm","jacobirl","creeljl","korterh","aww\\hoerrwr","nyced","motleyme","bennetd2","dephilk","gaskinja","cervanh","deveccnt","weberr2","michala","grizzlsd","trushdd","myerssl","buntins","silviuk1","newmanad","owensaj","dardenlm","myerssl","jacobirl","prawdzj","mowerym","couchdj","thorseda","browncd","keskins","ROBINSRD","bhimasna","Caudila","kullda"]}},
  {"_id":"cloudseer_stats_activities_vpn_identities_per_hour/12310024","_key":"12310024","_rev":"_Wz1J_Am--_","activities":{"hour":20,"size":673,"users":["salegna","lairmd","oconnojc","modivm","davignjn","faisonmp","tangarej","vanhorcd","beltraja","woodbuka","dietzmdp","hoormagj","akmentgl","markwatf","littekme","KUNIGAH","rossigp","scheibtl","mcelhimp","linamjt","xiaoj","millerr2","vaalerlm","kuchmej","couchdj","fasnaca","whitep","langfem","butlere","kuchmej","fasnaca","clunera","gallagjj","jacobubf","snyderkm","tufaroje","etedalta","rajuh","Matheib2","misurama","tsikale1","smithscl","stenzell","ferrels","weinrila","patelid","mendozd","sleepeaw","hickset","urbanrm","hallgrm","brobbes","drozddm","dephilk","stubenw1","chilad","wintonef","pilarcm2","hornmj","woodbuka","santysc","hawkina","stenzell","motleyme","JONESJD","stillm","crislecn","stenzell","laignsp","magretm","greenba","thomasj5","taylorka","LewisD1","silanola","owenssw","myerssl","hooda1","hawkina","dasilvmf","lewisa1","nyced","nyced","millerk5","bridwelc","whitep","quickj","littekme","mossr2","raffaer","bretzri","stoneta","owenssw","fasnaca","okonieb","Novotkm","cuevasr","dietzmdp","springcg","daskasj","STRASKJM","patilsr","brownk6","smithscl","dimaggjl","Braunb","browncd","polysjd","pankierj","washinja","wigganme","hawkina","duchesma","dickeyam","deckelbr","mcelhimp","newelll","ferrels","depaulj2","garnicd","thomasj7","mitchena","mccrohjf","voegelwe","davignjn","bernhaat","hillwa","lyonse","turaysi","bennetd2","oneillbe","whitep","rokoszdr","mortonmh","KUNIGAH","jjembapk","bommargt","santysc","mooreje","hensse1","bauergr","edwardj","shephej","Braunb","lipietal","michaea","digeroka","walkerjw","hainesj","baerjc","rajuh","dextermj","emoryd","hofmeij2","koglerk","whitep","campann","palanstj","luederma","BENHARGL","mcdermgp","burnhas","mcclurl1","mountc","secorrm","edwardwa","syzonen","pirokca","mcdermgp","williad4","murtwd","aww\\welcomd","nayerie","bretzri","williad4","westertr","pajarim","bertota","murrayj1","turaysi","fournika","kempmd","clinem","kerrk","brothet","santysc","cookng","duchesma","moniodme","cauleyjr","diazg","crocej","RANJANJ","munnsmr","bourquc","szyngla","leets","gargp","garelip","santysc","findongb","stevene","hillb2","burgesrt","KUNIGAH","ridenssr","blaked","joshurl","franzomt","turnervs","behnkem","brothet","sheparsa","raja","milcarl","coxjw","staffoka","wanninkj","bladesr","stubenw1","rocheet","motleycf","knightje","knepptl","digeroka","singhm1","TOWERSr","staffoka","shiplel","tuckerc1","witherc2","lynnm","depaolca","braunwte","victorr","gudinl","whitep","crowgm","clinem","cervanh","pirokca","hearnj","horsfoj1","degrazd","snyderk2","wagnerde","richarp","jonesa2","kennarra","nyced","merunkrj","pointimj","deveccnt","smithdw","fordham","coxjp","deveccnt","suderbj","edwardmd","rossetgt","Caudila","tangarej","jurpalsf","johnsok7","greenba","BATESDA","coxge","leppanr","havenswa","macekmj","pelloclm","ortizsl","debalkga","pintonm","LEEPERSE","adamse","shanklj","adamsb","saldidm","williacl","connelcj","pilarcm2","millerbp","victorr","krohnse","yuanpz","donahucl","tangarej","earlym","bridwelc","carrerjb","hoormagj","grondim","casabucj","suderbj","buntins","oneillbe","KUNIGAH","hawkina","stefensg","donahucl","horsfoj1","markwatf","pendlep","cervanh","lagermtm","chilad","forresjm","reichwrl","sheltoja","quartumc","lanchosl","iannelj","JOYNERC","washinja","dalesl","whitep","richmoa","jordanl","templere","richarlk","hearnj","loughmjm","lanchosl","errickjm","oeckinmr","littekme","MARKWAA","mortonmh","kullda","ghoshi","mcmichca","unverzga","patilsr","rotkowhj","mensini","mccrohjf","santysc","HASITYJ","wintonej","braunwte","stoneta","brittdl","leachde","arriage","reidye","jenkinjm","thomasj7","huftondj","shrewsj1","doellme","daskasj","casabucj","cowleyje","douglas2","richmoa","alaimod","silviuk1","yuanpz","lambfw","havenswa","JONESJD","janotarp","sivardp","thomasj5","taylorjm","pankierj","fegercd","haugenjl","grahamjj","bladesr","louissm","luederma","bickerdp","mcdermgp","dawkinlw","bickerdp","mckeevnl","lockhal1","landiske","errickjm","whittlko","yadavm","truehs","nyced","maclearg","robbinmh","ambrosdw","emoryd","faisonmp","annarudj","bladesr","snyderk2","iannelj","palmerc1","masonjw","sudzinse","engallk","digeroka","boyere","edwardmd","murrayj1","maherm","schmitc","pelloclm","lawrennc","kempmd","LAKHANS","lareauem","higginaj","corrigtf","markwatf","barnhacl","johnsdj","garelip","venablrf","millerbp","LIGHTOJ","srivelk","sealsm","tuttled1","snyderk2","matlocma","mountc","JOYNERC","debartsm","thornde","johnsow","boulwaw","rossigp","zambonm","lauep","jaquezj","mcdermgp","pagecm","bennetd2","romainjg","washinja","LEEPERSE","malonec","grahamjj","cervanh","thomassm","harveyr","jordanl","farrelsm","ennisd","jenkinjm","ricej1","hawnjd","shrobatg","rambaljj","polysjd","courtney.awokoya@amwater.com","pilarcm2","pilarcm2","napolekl","hawnjd","wingosw","oranskg","darroca","janotarp","griffimj","brobbes","jaroskl","sladinj","pourtab","bowdenga","kiermaj","burnetj1","dangella","tacketj2","raffaer","hullj","lussin","LewisD1","delanev","wrongml","stefensg","strebeae","smithj8","diepenke","thomasj5","reichwrl","chilad","shanebj","simonea","Livingtw","davignjn","johnsdj","woodwacm","petrydj","ricej1","Hurleyj","shuttams","tilleyar","dephilk","crocej","martinjl","stauffmw","owensaj","eleylc","algeors","walcktj","mcdermgp","andalog1","lechiejl","ennisd","gonzalc","mundelh2","odraint","deveccnt","demofos","silanola","srivelk","woodwacm","keanekt","gaskinja","yakesj","hainesj","michala","odraint","knepptl","ChapmaT1","gavelra","salamonr","aprajsv","dextermj","wootenl","spharj","hoganmr","bauergr","cowleyje","runzerjm","fasnaca","fogartja","havenswa","ferrels","jayakun","beamst","holemeda","sundhatc","suderbj","mcateeak","volpercs","couchdj","napolekl","tanakar","cervanh","surmeimg","szyngla","piercejj","kingar","bittinrg","hodgkikd","comptogm","RANJANJ","havenswa","tsikale1","duchesma","purcelm1","sheltoja","dubatj","KNAPPJ","simpsos1","alagarr","diazg","lisiewjc","kiermaj","deant1","sivardp","markwatf","waltercs","shephej","jacksojt","jordanl","borosktc","digeroka","johnsorb","bishopj1","teodecw","dietzmdp","hickset","Novotkm","adamsme","hildrerm","lewisa1","brownk7","shermar1","wigganme","dephilk","couchdj","dietzmdp","richmoa","taylorml","sadowsra","watheys","pelloclm","lewises","haugenjl","shiremdf","yuanpz","LEEPERSE","solomoj1","dietzmdp","murrayj1","simkinch","cookds","greenta","keenanpj","siegelgj","choatedw","gallagsa","crislecn","snyderp","charrirp","srivelk","reinersd","bladesr","ennisd","bainessd","lindlej","freemas","roscoesl","teodecw","wingosw","snyderjm","brobbes","lawrennc","reiferm","hornink","misurama","beggsp","springcg","schwarml","edingedd","mountc","brabstrj","scheibtl","keskins","campann","aristie","sleepeaw","taylorml","wingosw","wicoffm","pallaspn","YILMAZNM","motleyme","varleywm","cowleyje","mcateeak","littekme","schwarml","tomlindy","couchdj","deang","santardj","edwardwa","coxge","raffaer","smitha","motleyme","johnsok7","harrisum","lawrennc","hearnj","fiscusja","spharj","kennedmm","hatchems","perumas1","johnsdj"]}},
  {"_id":"cloudseer_stats_activities_vpn_identities_per_hour/12310032","_key":"12310032","_rev":"_Wz1J_Am--F","activities":{"hour":23,"size":304,"users":["hatfiej","hongolc","taylorka","clarkmn","diazg","scofiejw","taylorka","taylorr3","reynolc","toolans","lipchom","bennetej","dossd","macekmj","wolfee","kolpga","aww\\welcomd","venablrf","salegna","asbellwl","braxtos","venkatc","woodla","millerk5","gualtip","mullenp","linj","vlcekdc","mannpj","cuevasr","woodla","haferga","arokiys1","raja","waitejm","stoneta","dixonro","toolans","murrayj1","scarpaaj","VENTROKM","gehlintm","taylorka","leeea","millerk5","toolans","heymanj","westfakw","wingosw","millert","ariascd","BENHARGL","ariascd","polonte","monahadj","ghilinln","cervanh","charrirp","thomasj5","jaisons","zhangby","hollinn","joyd","ariascd","vanhorcd","ghilinln","nayerie","kempmd","meyerj","lehmanht","gordonsg","witherc2","woodbuka","srivelk","parks","pagetr","kullda","cookc","glaserlw","ducretcr","jurpalsf","eppensj","mittala1","schneirh","scarpaaj","ghilinln","mowerym","srivelk","LewisD1","haferga","deniscj","polonte","bowdenga","scarpaaj","stolicjr","hollinn","baxtert","grantcn","jacksocd","toolans","WILLIAWA","pittara1","owenssw","tufaroje","fullera","boyere","pittara1","cuevasr","wilemoc","tanakar","snyderk2","clarkmn","simonea","salegna","clarkmn","murrayj1","ariascd","nayerie","pagetr","carlsoj","edwardj4","dardenlm","hornink","monahadj","ariascd","loj","linj","shaffeks","linamjt","polonte","carlsoj","wingosw","willeysp","ghilinln","djurasg","joyd","fuersttj","MyersF1","wingosw","ghilinln","burnhas","tufaroje","risdenjd","blackmka","harrisum","minerdwe","bladesr","lagermtm","macekmj","johnstc","LewisD1","raffaer","youngke","ghoshi","deniscj","myerssl","ariascd","macekmj","laseckme","racicos","lanchosl","nam","ghilinln","palanstj","minerdwe","polonte","tufaroje","passmoro","thomasj5","abramsfa","minerdwe","jenkinje","wingosw","KhanJ","bennetd2","toolans","thielcj","taylorka","castilkc","leachde","polonte","blackmka","polonte","minerdwe","palmiest","bhimasna","mossr2","mitcheja","stoneta","deniscj","palmerc1","martinjl","crowedl","ravalsj","polonte","nyced","millerj3","eppensj","wingosw","nyced","jacksoml","woodbuka","zluchomj","heymanj","salamonr","sillinma","loj","subiasna","gonzalj2","scarpaaj","scarpaaj","gragefc","aprajsv","richarja","ariascd","ariascd","ariascd","drewryj","toolans","andersca","toolans","kennarra","LEEPERSE","STRASKJM","minerdwe","rischmi","pintonm","leightcj","raja","ariascd","pointimj","toolans","taylorka","ariascd","smockcd","bhimasna","polonte","minerdwe","pagetr","magretm","jaisons","LEEPERSE","LEEPERSE","dubatj","ariascd","driscok1","polonte","hofergm","blackmka","gonzalja","clarkmn","polonte","lisiewjc","ghilinln","leeea","doellme","packj","pagetr","pelloclm","andersca","ramirev","zhangby","rossiaf","kingar","stenzell","pagetr","KUNIGAH","packj","linj","settles","corzinm","TANNERSR","michala","mcniecp","ghoshi","westfakw","westfakw","ghoshi","palanstj","taylorka","joyd","ariascd","macekmj","sivardp","ghilinln","hatfiej","shocklb","jurpalsf","cervanh","couchdj","deniscj","mcalpiac","ghilinln","abramsfa","eastonc","cervanh","coxjw","polonte","keanekt","asbellwl","westfakw","ghilinln","lindlej","casalnvs"]}}
]