[
  {"_id":"cloudseer_stats_activities_vpn_statuses_per_hour/12310009","_key":"12310009","_rev":"_Wz1I7ie--D","activities":{"hour":22,"size":427,"type":"Authentication succeeded"}},
  {"_id":"cloudseer_stats_activities_vpn_statuses_per_hour/12310003","_key":"12310003","_rev":"_Wz1I7ie--_","activities":{"hour":20,"size":673,"type":"Authentication succeeded"}},
  {"_id":"cloudseer_stats_activities_vpn_statuses_per_hour/12310011","_key":"12310011","_rev":"_Wz1I7ie--F","activities":{"hour":23,"size":304,"type":"Authentication succeeded"}},
  {"_id":"cloudseer_stats_activities_vpn_statuses_per_hour/12310007","_key":"12310007","_rev":"_Wz1I7ie--B","activities":{"hour":21,"size":594,"type":"Authentication succeeded"}}
]