[
  {"_id":"cloudseer_badging_activities_per_status_pattern_stats_daily/12274906","_key":"12274906","_rev":"_Wz1E-de--_","activities":{"size":29467,"type":"Access Granted"}},
  {"_id":"cloudseer_badging_activities_per_status_pattern_stats_daily/12274914","_key":"12274914","_rev":"_Wz1E-de--F","activities":{"size":55,"type":"Invalid Access Level"}},
  {"_id":"cloudseer_badging_activities_per_status_pattern_stats_daily/12274916","_key":"12274916","_rev":"_Wz1E-de--H","activities":{"size":65,"type":"Invalid Badge"}},
  {"_id":"cloudseer_badging_activities_per_status_pattern_stats_daily/12274912","_key":"12274912","_rev":"_Wz1E-de--D","activities":{"size":5,"type":"Inactive Badge"}},
  {"_id":"cloudseer_badging_activities_per_status_pattern_stats_daily/12274910","_key":"12274910","_rev":"_Wz1E-de--B","activities":{"size":31,"type":"Denied, Badge Not in Panel"}}
]