[
  {"_id":"cloudseer_badging_total_stats_hourly/12274890","_key":"12274890","_rev":"_Wz1D7kC--f","bucket":[{"a":0,"b":1,"c":0,"d":0,"e":0,"f":0}],"hour":6,"size":156},
  {"_id":"cloudseer_badging_total_stats_hourly/12274880","_key":"12274880","_rev":"_Wz1D7kC--V","bucket":[{"a":0,"b":0,"c":1,"d":0,"e":0,"f":0}],"hour":9,"size":2624},
  {"_id":"cloudseer_badging_total_stats_hourly/12274866","_key":"12274866","_rev":"_Wz1D7kC--H","bucket":[{"a":0,"b":0,"c":0,"d":0,"e":1,"f":0}],"hour":18,"size":1264},
  {"_id":"cloudseer_badging_total_stats_hourly/12274874","_key":"12274874","_rev":"_Wz1D7kC--P","bucket":[{"a":0,"b":0,"c":0,"d":1,"e":0,"f":0}],"hour":14,"size":1930},
  {"_id":"cloudseer_badging_total_stats_hourly/12274896","_key":"12274896","_rev":"_Wz1D7kC--l","bucket":[{"a":1,"b":0,"c":0,"d":0,"e":0,"f":0}],"hour":0,"size":70},
  {"_id":"cloudseer_badging_total_stats_hourly/12274888","_key":"12274888","_rev":"_Wz1D7kC--d","bucket":[{"a":0,"b":1,"c":0,"d":0,"e":0,"f":0}],"hour":5,"size":4},
  {"_id":"cloudseer_badging_total_stats_hourly/12274876","_key":"12274876","_rev":"_Wz1D7kC--R","bucket":[{"a":0,"b":0,"c":0,"d":1,"e":0,"f":0}],"hour":15,"size":1727},
  {"_id":"cloudseer_badging_total_stats_hourly/12274862","_key":"12274862","_rev":"_Wz1D7kC--D","bucket":[{"a":0,"b":0,"c":0,"d":0,"e":0,"f":1}],"hour":23,"size":53},
  {"_id":"cloudseer_badging_total_stats_hourly/12274860","_key":"12274860","_rev":"_Wz1D7kC--B","bucket":[{"a":0,"b":0,"c":0,"d":0,"e":0,"f":1}],"hour":22,"size":52},
  {"_id":"cloudseer_badging_total_stats_hourly/12274878","_key":"12274878","_rev":"_Wz1D7kC--T","bucket":[{"a":0,"b":0,"c":0,"d":1,"e":0,"f":0}],"hour":16,"size":2259},
  {"_id":"cloudseer_badging_total_stats_hourly/12274892","_key":"12274892","_rev":"_Wz1D7kC--h","bucket":[{"a":0,"b":1,"c":0,"d":0,"e":0,"f":0}],"hour":7,"size":1308},
  {"_id":"cloudseer_badging_total_stats_hourly/12274856","_key":"12274856","_rev":"_Wz1D7kC--_","bucket":[{"a":0,"b":0,"c":0,"d":0,"e":0,"f":1}],"hour":21,"size":126},
  {"_id":"cloudseer_badging_total_stats_hourly/12274868","_key":"12274868","_rev":"_Wz1D7kC--J","bucket":[{"a":0,"b":0,"c":0,"d":0,"e":1,"f":0}],"hour":19,"size":504},
  {"_id":"cloudseer_badging_total_stats_hourly/12274870","_key":"12274870","_rev":"_Wz1D7kC--L","bucket":[{"a":0,"b":0,"c":0,"d":0,"e":1,"f":0}],"hour":20,"size":191},
  {"_id":"cloudseer_badging_total_stats_hourly/12274894","_key":"12274894","_rev":"_Wz1D7kC--j","bucket":[{"a":0,"b":1,"c":0,"d":0,"e":0,"f":0}],"hour":8,"size":3642},
  {"_id":"cloudseer_badging_total_stats_hourly/12274902","_key":"12274902","_rev":"_Wz1D7kC--r","bucket":[{"a":1,"b":0,"c":0,"d":0,"e":0,"f":0}],"hour":4,"size":2},
  {"_id":"cloudseer_badging_total_stats_hourly/12274900","_key":"12274900","_rev":"_Wz1D7kC--p","bucket":[{"a":1,"b":0,"c":0,"d":0,"e":0,"f":0}],"hour":3,"size":3},
  {"_id":"cloudseer_badging_total_stats_hourly/12274872","_key":"12274872","_rev":"_Wz1D7kC--N","bucket":[{"a":0,"b":0,"c":0,"d":1,"e":0,"f":0}],"hour":13,"size":3074},
  {"_id":"cloudseer_badging_total_stats_hourly/12274898","_key":"12274898","_rev":"_Wz1D7kC--n","bucket":[{"a":1,"b":0,"c":0,"d":0,"e":0,"f":0}],"hour":1,"size":2},
  {"_id":"cloudseer_badging_total_stats_hourly/12274882","_key":"12274882","_rev":"_Wz1D7kC--X","bucket":[{"a":0,"b":0,"c":1,"d":0,"e":0,"f":0}],"hour":10,"size":1602},
  {"_id":"cloudseer_badging_total_stats_hourly/12274864","_key":"12274864","_rev":"_Wz1D7kC--F","bucket":[{"a":0,"b":0,"c":0,"d":0,"e":1,"f":0}],"hour":17,"size":3160},
  {"_id":"cloudseer_badging_total_stats_hourly/12274884","_key":"12274884","_rev":"_Wz1D7kC--Z","bucket":[{"a":0,"b":0,"c":1,"d":0,"e":0,"f":0}],"hour":11,"size":2136},
  {"_id":"cloudseer_badging_total_stats_hourly/12274886","_key":"12274886","_rev":"_Wz1D7kC--b","bucket":[{"a":0,"b":0,"c":1,"d":0,"e":0,"f":0}],"hour":12,"size":3734}
]