[
  {"_id":"cloudseer_source_gender/12207256","_key":"12207256","_rev":"_Wz1BD26-J0","firstname":"Celeste","gender":"female"},
  {"_id":"cloudseer_source_gender/12206688","_key":"12206688","_rev":"_Wz1BD26-A8","firstname":"Edward","gender":"male"},
  {"_id":"cloudseer_source_gender/12206782","_key":"12206782","_rev":"_Wz1BD26-Ca","firstname":"Allen","gender":"male"},
  {"_id":"cloudseer_source_gender/12206880","_key":"12206880","_rev":"_Wz1BD26-D8","firstname":"Brandon","gender":"male"},
  {"_id":"cloudseer_source_gender/12206424","_key":"12206424","_rev":"_Wz1BD22-_p","firstname":"Victor","gender":"male"},
  {"_id":"cloudseer_source_gender/12207172","_key":"12207172","_rev":"_Wz1BD26-Ig","firstname":"Mike","gender":"male"},
  {"_id":"cloudseer_source_gender/12207238","_key":"12207238","_rev":"_Wz1BD26-Ji","firstname":"Julio","gender":"male"},
  {"_id":"cloudseer_source_gender/12206324","_key":"12206324","_rev":"_Wz1BD22--F","firstname":"Brian","gender":"male"},
  {"_id":"cloudseer_source_gender/12206588","_key":"12206588","_rev":"_Wz1BD26-_Y","firstname":"Eugene","gender":"male"},
  {"_id":"cloudseer_source_gender/12206740","_key":"12206740","_rev":"_Wz1BD26-Bw","firstname":"Sean","gender":"male"},
  {"_id":"cloudseer_source_gender/12206364","_key":"12206364","_rev":"_Wz1BD22--t","firstname":"Randy","gender":"male"},
  {"_id":"cloudseer_source_gender/12206730","_key":"12206730","_rev":"_Wz1BD26-Bm","firstname":"Indranil","gender":"male"},
  {"_id":"cloudseer_source_gender/12206980","_key":"12206980","_rev":"_Wz1BD26-Fg","firstname":"Terrill","gender":"male"},
  {"_id":"cloudseer_source_gender/12207046","_key":"12207046","_rev":"_Wz1BD26-Gi","firstname":"Vincent","gender":"male"},
  {"_id":"cloudseer_source_gender/12206474","_key":"12206474","_rev":"_Wz1BD22-Ab","firstname":"Daniel","gender":"male"},
  {"_id":"cloudseer_source_gender/12206446","_key":"12206446","_rev":"_Wz1BD22-A_","firstname":"Michelle","gender":"female"},
  {"_id":"cloudseer_source_gender/12206900","_key":"12206900","_rev":"_Wz1BD26-EQ","firstname":"Dominic","gender":"male"},
  {"_id":"cloudseer_source_gender/12207094","_key":"12207094","_rev":"_Wz1BD26-HS","firstname":"Roger","gender":"male"},
  {"_id":"cloudseer_source_gender/12206710","_key":"12206710","_rev":"_Wz1BD26-BS","firstname":"Cheryl","gender":"female"},
  {"_id":"cloudseer_source_gender/12206978","_key":"12206978","_rev":"_Wz1BD26-Fe","firstname":"scott","gender":"male"},
  {"_id":"cloudseer_source_gender/12207160","_key":"12207160","_rev":"_Wz1BD26-IU","firstname":"Arturo","gender":"male"},
  {"_id":"cloudseer_source_gender/12206640","_key":"12206640","_rev":"_Wz1BD26-AM","firstname":"Bobby","gender":"male"},
  {"_id":"cloudseer_source_gender/12206470","_key":"12206470","_rev":"_Wz1BD22-AX","firstname":"Luke","gender":"male"},
  {"_id":"cloudseer_source_gender/12206428","_key":"12206428","_rev":"_Wz1BD22-_t","firstname":"Nathaniel","gender":"male"},
  {"_id":"cloudseer_source_gender/12206414","_key":"12206414","_rev":"_Wz1BD22-_f","firstname":"Rodney","gender":"male"},
  {"_id":"cloudseer_source_gender/12206502","_key":"12206502","_rev":"_Wz1BD26--C","firstname":"Dawn","gender":"female"},
  {"_id":"cloudseer_source_gender/12206684","_key":"12206684","_rev":"_Wz1BD26-A4","firstname":"Monty","gender":"male"},
  {"_id":"cloudseer_source_gender/12207060","_key":"12207060","_rev":"_Wz1BD26-Gw","firstname":"Tom","gender":"male"},
  {"_id":"cloudseer_source_gender/12206680","_key":"12206680","_rev":"_Wz1BD26-A0","firstname":"Rick","gender":"male"},
  {"_id":"cloudseer_source_gender/12206746","_key":"12206746","_rev":"_Wz1BD26-B2","firstname":"Sheila","gender":"female"},
  {"_id":"cloudseer_source_gender/12206988","_key":"12206988","_rev":"_Wz1BD26-Fo","firstname":"Savino","gender":"male"},
  {"_id":"cloudseer_source_gender/12206464","_key":"12206464","_rev":"_Wz1BD22-AR","firstname":"Dustin","gender":"male"},
  {"_id":"cloudseer_source_gender/12206728","_key":"12206728","_rev":"_Wz1BD26-Bk","firstname":"Sushma","gender":"female"},
  {"_id":"cloudseer_source_gender/12206692","_key":"12206692","_rev":"_Wz1BD26-BA","firstname":"mike","gender":"male"},
  {"_id":"cloudseer_source_gender/12206544","_key":"12206544","_rev":"_Wz1BD26--s","firstname":"Guy","gender":"male"},
  {"_id":"cloudseer_source_gender/12206906","_key":"12206906","_rev":"_Wz1BD26-EW","firstname":"Josh","gender":"male"},
  {"_id":"cloudseer_source_gender/12206546","_key":"12206546","_rev":"_Wz1BD26--u","firstname":"Glenn","gender":"male"},
  {"_id":"cloudseer_source_gender/12206804","_key":"12206804","_rev":"_Wz1BD26-Cw","firstname":"Juan","gender":"male"},
  {"_id":"cloudseer_source_gender/12206786","_key":"12206786","_rev":"_Wz1BD26-Ce","firstname":"Mariano","gender":"male"},
  {"_id":"cloudseer_source_gender/12206508","_key":"12206508","_rev":"_Wz1BD26--I","firstname":"Troy","gender":"male"},
  {"_id":"cloudseer_source_gender/12206934","_key":"12206934","_rev":"_Wz1BD26-Ey","firstname":"Carroll","gender":"male"},
  {"_id":"cloudseer_source_gender/12206558","_key":"12206558","_rev":"_Wz1BD26--6","firstname":"Carrie","gender":"female"},
  {"_id":"cloudseer_source_gender/12207036","_key":"12207036","_rev":"_Wz1BD26-GY","firstname":"josh","gender":"male"},
  {"_id":"cloudseer_source_gender/12207176","_key":"12207176","_rev":"_Wz1BD26-Ik","firstname":"Alfonso","gender":"male"},
  {"_id":"cloudseer_source_gender/12206712","_key":"12206712","_rev":"_Wz1BD26-BU","firstname":"Carolyn","gender":"female"},
  {"_id":"cloudseer_source_gender/12206904","_key":"12206904","_rev":"_Wz1BD26-EU","firstname":"Crystal","gender":"female"},
  {"_id":"cloudseer_source_gender/12206608","_key":"12206608","_rev":"_Wz1BD26-_s","firstname":"Marcia","gender":"female"},
  {"_id":"cloudseer_source_gender/12206662","_key":"12206662","_rev":"_Wz1BD26-Ai","firstname":"Kenneth","gender":"male"},
  {"_id":"cloudseer_source_gender/12206706","_key":"12206706","_rev":"_Wz1BD26-BO","firstname":"Paul","gender":"male"},
  {"_id":"cloudseer_source_gender/12206720","_key":"12206720","_rev":"_Wz1BD26-Bc","firstname":"Tina","gender":"female"},
  {"_id":"cloudseer_source_gender/12207066","_key":"12207066","_rev":"_Wz1BD26-G2","firstname":"Bianca","gender":"female"},
  {"_id":"cloudseer_source_gender/12206700","_key":"12206700","_rev":"_Wz1BD26-BI","firstname":"Francisco","gender":"male"},
  {"_id":"cloudseer_source_gender/12206520","_key":"12206520","_rev":"_Wz1BD26--U","firstname":"MaryAnn","gender":"female"},
  {"_id":"cloudseer_source_gender/12206922","_key":"12206922","_rev":"_Wz1BD26-Em","firstname":"Cheri","gender":"female"},
  {"_id":"cloudseer_source_gender/12207194","_key":"12207194","_rev":"_Wz1BD26-I2","firstname":"Louie","gender":"male"},
  {"_id":"cloudseer_source_gender/12206842","_key":"12206842","_rev":"_Wz1BD26-DW","firstname":"Herminio","gender":"male"},
  {"_id":"cloudseer_source_gender/12207180","_key":"12207180","_rev":"_Wz1BD26-Io","firstname":"Dawnesha","gender":"female"},
  {"_id":"cloudseer_source_gender/12206412","_key":"12206412","_rev":"_Wz1BD22-_d","firstname":"Monica","gender":"female"},
  {"_id":"cloudseer_source_gender/12206620","_key":"12206620","_rev":"_Wz1BD26-_4","firstname":"Ann","gender":"female"},
  {"_id":"cloudseer_source_gender/12206352","_key":"12206352","_rev":"_Wz1BD22--h","firstname":"Jeff","gender":"male"},
  {"_id":"cloudseer_source_gender/12206356","_key":"12206356","_rev":"_Wz1BD22--l","firstname":"Gregory","gender":"male"},
  {"_id":"cloudseer_source_gender/12206968","_key":"12206968","_rev":"_Wz1BD26-FU","firstname":"Clayton","gender":"male"},
  {"_id":"cloudseer_source_gender/12207072","_key":"12207072","_rev":"_Wz1BD26-G8","firstname":"Kristopher","gender":"male"},
  {"_id":"cloudseer_source_gender/12206408","_key":"12206408","_rev":"_Wz1BD22-_Z","firstname":"Danny","gender":"male"},
  {"_id":"cloudseer_source_gender/12206500","_key":"12206500","_rev":"_Wz1BD26--A","firstname":"Varun","gender":"male"},
  {"_id":"cloudseer_source_gender/12206944","_key":"12206944","_rev":"_Wz1BD26-E8","firstname":"Teresa","gender":"female"},
  {"_id":"cloudseer_source_gender/12207040","_key":"12207040","_rev":"_Wz1BD26-Gc","firstname":"Sameer","gender":"male"},
  {"_id":"cloudseer_source_gender/12206392","_key":"12206392","_rev":"_Wz1BD22-_J","firstname":"Adam","gender":"male"},
  {"_id":"cloudseer_source_gender/12206774","_key":"12206774","_rev":"_Wz1BD26-CS","firstname":"Surya","gender":"male"},
  {"_id":"cloudseer_source_gender/12207232","_key":"12207232","_rev":"_Wz1BD26-Jc","firstname":"Tracie","gender":"female"},
  {"_id":"cloudseer_source_gender/12207028","_key":"12207028","_rev":"_Wz1BD26-GQ","firstname":"Gary","gender":"male"},
  {"_id":"cloudseer_source_gender/12206650","_key":"12206650","_rev":"_Wz1BD26-AW","firstname":"eric","gender":"male"},
  {"_id":"cloudseer_source_gender/12206362","_key":"12206362","_rev":"_Wz1BD22--r","firstname":"Jimmy","gender":"male"},
  {"_id":"cloudseer_source_gender/12206818","_key":"12206818","_rev":"_Wz1BD26-D-","firstname":"Shawn","gender":"male"},
  {"_id":"cloudseer_source_gender/12206854","_key":"12206854","_rev":"_Wz1BD26-Di","firstname":"Jackie","gender":"female"},
  {"_id":"cloudseer_source_gender/12207010","_key":"12207010","_rev":"_Wz1BD26-G-","firstname":"Gerald","gender":"male"},
  {"_id":"cloudseer_source_gender/12207048","_key":"12207048","_rev":"_Wz1BD26-Gk","firstname":"Cole","gender":"male"},
  {"_id":"cloudseer_source_gender/12206812","_key":"12206812","_rev":"_Wz1BD26-C4","firstname":"Dean","gender":"male"},
  {"_id":"cloudseer_source_gender/12207116","_key":"12207116","_rev":"_Wz1BD26-Ho","firstname":"Martin","gender":"male"},
  {"_id":"cloudseer_source_gender/12206828","_key":"12206828","_rev":"_Wz1BD26-DI","firstname":"Darlene","gender":"female"},
  {"_id":"cloudseer_source_gender/12207126","_key":"12207126","_rev":"_Wz1BD26-Hy","firstname":"Andie","gender":"female"},
  {"_id":"cloudseer_source_gender/12207020","_key":"12207020","_rev":"_Wz1BD26-GI","firstname":"Antonio","gender":"male"},
  {"_id":"cloudseer_source_gender/12206504","_key":"12206504","_rev":"_Wz1BD26--E","firstname":"Salvador","gender":"male"},
  {"_id":"cloudseer_source_gender/12207088","_key":"12207088","_rev":"_Wz1BD26-HM","firstname":"john","gender":"male"},
  {"_id":"cloudseer_source_gender/12206992","_key":"12206992","_rev":"_Wz1BD26-Fs","firstname":"Patricia","gender":"female"},
  {"_id":"cloudseer_source_gender/12206322","_key":"12206322","_rev":"_Wz1BD22--D","firstname":"Katherine","gender":"female"},
  {"_id":"cloudseer_source_gender/12206512","_key":"12206512","_rev":"_Wz1BD26--M","firstname":"Keith","gender":"male"},
  {"_id":"cloudseer_source_gender/12206550","_key":"12206550","_rev":"_Wz1BD26--y","firstname":"Jose","gender":"male"},
  {"_id":"cloudseer_source_gender/12206678","_key":"12206678","_rev":"_Wz1BD26-Ay","firstname":"Eva","gender":"female"},
  {"_id":"cloudseer_source_gender/12206826","_key":"12206826","_rev":"_Wz1BD26-DG","firstname":"Doug","gender":"male"},
  {"_id":"cloudseer_source_gender/12206990","_key":"12206990","_rev":"_Wz1BD26-Fq","firstname":"Jamie","gender":"male"},
  {"_id":"cloudseer_source_gender/12206326","_key":"12206326","_rev":"_Wz1BD22--H","firstname":"David","gender":"male"},
  {"_id":"cloudseer_source_gender/12206846","_key":"12206846","_rev":"_Wz1BD26-Da","firstname":"Tammy","gender":"female"},
  {"_id":"cloudseer_source_gender/12206910","_key":"12206910","_rev":"_Wz1BD26-Ea","firstname":"Craig","gender":"male"},
  {"_id":"cloudseer_source_gender/12206410","_key":"12206410","_rev":"_Wz1BD22-_b","firstname":"Joan","gender":"female"},
  {"_id":"cloudseer_source_gender/12207032","_key":"12207032","_rev":"_Wz1BD26-GU","firstname":"Logan","gender":"male"},
  {"_id":"cloudseer_source_gender/12206488","_key":"12206488","_rev":"_Wz1BD22-Ap","firstname":"Rob","gender":"male"},
  {"_id":"cloudseer_source_gender/12206714","_key":"12206714","_rev":"_Wz1BD26-BW","firstname":"Subhashini","gender":"female"},
  {"_id":"cloudseer_source_gender/12206388","_key":"12206388","_rev":"_Wz1BD22-_F","firstname":"Angela","gender":"female"},
  {"_id":"cloudseer_source_gender/12206884","_key":"12206884","_rev":"_Wz1BD26-EA","firstname":"Bahman","gender":"male"},
  {"_id":"cloudseer_source_gender/12206496","_key":"12206496","_rev":"_Wz1BD22-Ax","firstname":"Shauna","gender":"female"},
  {"_id":"cloudseer_source_gender/12206824","_key":"12206824","_rev":"_Wz1BD26-DE","firstname":"william","gender":"male"},
  {"_id":"cloudseer_source_gender/12206570","_key":"12206570","_rev":"_Wz1BD26-_G","firstname":"Brandi","gender":"female"},
  {"_id":"cloudseer_source_gender/12206894","_key":"12206894","_rev":"_Wz1BD26-EK","firstname":"Manoj","gender":"male"},
  {"_id":"cloudseer_source_gender/12206750","_key":"12206750","_rev":"_Wz1BD26-B6","firstname":"Pamela","gender":"female"},
  {"_id":"cloudseer_source_gender/12206908","_key":"12206908","_rev":"_Wz1BD26-EY","firstname":"Henry","gender":"male"},
  {"_id":"cloudseer_source_gender/12207114","_key":"12207114","_rev":"_Wz1BD26-Hm","firstname":"Sim","gender":"male"},
  {"_id":"cloudseer_source_gender/12207074","_key":"12207074","_rev":"_Wz1BD26-H-","firstname":"Jodie","gender":"female"},
  {"_id":"cloudseer_source_gender/12206998","_key":"12206998","_rev":"_Wz1BD26-Fy","firstname":"Paula","gender":"female"},
  {"_id":"cloudseer_source_gender/12206938","_key":"12206938","_rev":"_Wz1BD26-E2","firstname":"Emily","gender":"female"},
  {"_id":"cloudseer_source_gender/12206376","_key":"12206376","_rev":"_Wz1BD22--5","firstname":"Kathiresan","gender":"male"},
  {"_id":"cloudseer_source_gender/12207188","_key":"12207188","_rev":"_Wz1BD26-Iw","firstname":"Parul","gender":"female"},
  {"_id":"cloudseer_source_gender/12206616","_key":"12206616","_rev":"_Wz1BD26-_0","firstname":"Kerry","gender":"female"},
  {"_id":"cloudseer_source_gender/12206450","_key":"12206450","_rev":"_Wz1BD22-AD","firstname":"Billy","gender":"male"},
  {"_id":"cloudseer_source_gender/12207042","_key":"12207042","_rev":"_Wz1BD26-Ge","firstname":"Jeromy","gender":"male"},
  {"_id":"cloudseer_source_gender/12207122","_key":"12207122","_rev":"_Wz1BD26-Hu","firstname":"Haylie","gender":"female"},
  {"_id":"cloudseer_source_gender/12206354","_key":"12206354","_rev":"_Wz1BD22--j","firstname":"Tyler","gender":"male"},
  {"_id":"cloudseer_source_gender/12207024","_key":"12207024","_rev":"_Wz1BD26-GM","firstname":"Wallace","gender":"male"},
  {"_id":"cloudseer_source_gender/12207120","_key":"12207120","_rev":"_Wz1BD26-Hs","firstname":"Gregg","gender":"male"},
  {"_id":"cloudseer_source_gender/12207196","_key":"12207196","_rev":"_Wz1BD26-I4","firstname":"Stacey","gender":"female"},
  {"_id":"cloudseer_source_gender/12206704","_key":"12206704","_rev":"_Wz1BD26-BM","firstname":"Lloyd","gender":"male"},
  {"_id":"cloudseer_source_gender/12206762","_key":"12206762","_rev":"_Wz1BD26-CG","firstname":"Jacquelyn","gender":"female"},
  {"_id":"cloudseer_source_gender/12206932","_key":"12206932","_rev":"_Wz1BD26-Ew","firstname":"Hannah","gender":"female"},
  {"_id":"cloudseer_source_gender/12206682","_key":"12206682","_rev":"_Wz1BD26-A2","firstname":"Julie","gender":"female"},
  {"_id":"cloudseer_source_gender/12206836","_key":"12206836","_rev":"_Wz1BD26-DQ","firstname":"Benjamin","gender":"male"},
  {"_id":"cloudseer_source_gender/12207216","_key":"12207216","_rev":"_Wz1BD26-JM","firstname":"Barbora","gender":"female"},
  {"_id":"cloudseer_source_gender/12206524","_key":"12206524","_rev":"_Wz1BD26--Y","firstname":"Gerry","gender":"male"},
  {"_id":"cloudseer_source_gender/12206660","_key":"12206660","_rev":"_Wz1BD26-Ag","firstname":"Josue","gender":"male"},
  {"_id":"cloudseer_source_gender/12206576","_key":"12206576","_rev":"_Wz1BD26-_M","firstname":"Melanie","gender":"female"},
  {"_id":"cloudseer_source_gender/12207054","_key":"12207054","_rev":"_Wz1BD26-Gq","firstname":"Stephanie","gender":"female"},
  {"_id":"cloudseer_source_gender/12207178","_key":"12207178","_rev":"_Wz1BD26-Im","firstname":"Manfredo","gender":"male"},
  {"_id":"cloudseer_source_gender/12206928","_key":"12206928","_rev":"_Wz1BD26-Es","firstname":"Rachel","gender":"female"},
  {"_id":"cloudseer_source_gender/12206768","_key":"12206768","_rev":"_Wz1BD26-CM","firstname":"Ezat","gender":"male"},
  {"_id":"cloudseer_source_gender/12207084","_key":"12207084","_rev":"_Wz1BD26-HI","firstname":"Justin","gender":"male"},
  {"_id":"cloudseer_source_gender/12207170","_key":"12207170","_rev":"_Wz1BD26-Ie","firstname":"Nagaraj","gender":"male"},
  {"_id":"cloudseer_source_gender/12206328","_key":"12206328","_rev":"_Wz1BD22--J","firstname":"Matt","gender":"male"},
  {"_id":"cloudseer_source_gender/12206672","_key":"12206672","_rev":"_Wz1BD26-As","firstname":"Trip","gender":"male"},
  {"_id":"cloudseer_source_gender/12207128","_key":"12207128","_rev":"_Wz1BD26-H0","firstname":"Imelda","gender":"female"},
  {"_id":"cloudseer_source_gender/12206958","_key":"12206958","_rev":"_Wz1BD26-FK","firstname":"Gabe","gender":"male"},
  {"_id":"cloudseer_source_gender/12206506","_key":"12206506","_rev":"_Wz1BD26--G","firstname":"Scott","gender":"male"},
  {"_id":"cloudseer_source_gender/12206996","_key":"12206996","_rev":"_Wz1BD26-Fw","firstname":"Darren","gender":"male"},
  {"_id":"cloudseer_source_gender/12206320","_key":"12206320","_rev":"_Wz1BD22--B","firstname":"Travis","gender":"male"},
  {"_id":"cloudseer_source_gender/12206378","_key":"12206378","_rev":"_Wz1BD22--7","firstname":"Kevin","gender":"male"},
  {"_id":"cloudseer_source_gender/12206918","_key":"12206918","_rev":"_Wz1BD26-Ei","firstname":"Wayne","gender":"male"},
  {"_id":"cloudseer_source_gender/12206518","_key":"12206518","_rev":"_Wz1BD26--S","firstname":"Sarah","gender":"female"},
  {"_id":"cloudseer_source_gender/12206858","_key":"12206858","_rev":"_Wz1BD26-Dm","firstname":"Cord","gender":"male"},
  {"_id":"cloudseer_source_gender/12206398","_key":"12206398","_rev":"_Wz1BD22-_P","firstname":"Jesse","gender":"male"},
  {"_id":"cloudseer_source_gender/12206658","_key":"12206658","_rev":"_Wz1BD26-Ae","firstname":"Siddhesh","gender":"male"},
  {"_id":"cloudseer_source_gender/12206796","_key":"12206796","_rev":"_Wz1BD26-Co","firstname":"Jodi","gender":"female"},
  {"_id":"cloudseer_source_gender/12206690","_key":"12206690","_rev":"_Wz1BD26-B-","firstname":"Megan","gender":"female"},
  {"_id":"cloudseer_source_gender/12206430","_key":"12206430","_rev":"_Wz1BD22-_v","firstname":"Tony","gender":"male"},
  {"_id":"cloudseer_source_gender/12207224","_key":"12207224","_rev":"_Wz1BD26-JU","firstname":"Barbara","gender":"female"},
  {"_id":"cloudseer_source_gender/12206460","_key":"12206460","_rev":"_Wz1BD22-AN","firstname":"Samantha","gender":"female"},
  {"_id":"cloudseer_source_gender/12206982","_key":"12206982","_rev":"_Wz1BD26-Fi","firstname":"Karl","gender":"male"},
  {"_id":"cloudseer_source_gender/12207064","_key":"12207064","_rev":"_Wz1BD26-G0","firstname":"Trisha","gender":"female"},
  {"_id":"cloudseer_source_gender/12206810","_key":"12206810","_rev":"_Wz1BD26-C2","firstname":"Tracy","gender":"female"},
  {"_id":"cloudseer_source_gender/12207098","_key":"12207098","_rev":"_Wz1BD26-HW","firstname":"Victoria","gender":"female"},
  {"_id":"cloudseer_source_gender/12207254","_key":"12207254","_rev":"_Wz1BD26-Jy","firstname":"Marcus","gender":"male"},
  {"_id":"cloudseer_source_gender/12206852","_key":"12206852","_rev":"_Wz1BD26-Dg","firstname":"Fredrick","gender":"male"},
  {"_id":"cloudseer_source_gender/12207268","_key":"12207268","_rev":"_Wz1BD26-KA","firstname":"Sam","gender":"male"},
  {"_id":"cloudseer_source_gender/12207106","_key":"12207106","_rev":"_Wz1BD26-He","firstname":"Pat","gender":"female"},
  {"_id":"cloudseer_source_gender/12207152","_key":"12207152","_rev":"_Wz1BD26-IM","firstname":"Spencer","gender":"male"},
  {"_id":"cloudseer_source_gender/12206898","_key":"12206898","_rev":"_Wz1BD26-EO","firstname":"Ashwani","gender":"male"},
  {"_id":"cloudseer_source_gender/12206766","_key":"12206766","_rev":"_Wz1BD26-CK","firstname":"Socratis","gender":"male"},
  {"_id":"cloudseer_source_gender/12207226","_key":"12207226","_rev":"_Wz1BD26-JW","firstname":"Sonali","gender":"female"},
  {"_id":"cloudseer_source_gender/12206374","_key":"12206374","_rev":"_Wz1BD22--3","firstname":"Art","gender":"male"},
  {"_id":"cloudseer_source_gender/12206358","_key":"12206358","_rev":"_Wz1BD22--n","firstname":"John","gender":"male"},
  {"_id":"cloudseer_source_gender/12206872","_key":"12206872","_rev":"_Wz1BD26-D0","firstname":"Lisa","gender":"female"},
  {"_id":"cloudseer_source_gender/12206972","_key":"12206972","_rev":"_Wz1BD26-FY","firstname":"Jon","gender":"male"},
  {"_id":"cloudseer_source_gender/12206432","_key":"12206432","_rev":"_Wz1BD22-_x","firstname":"Todd","gender":"male"},
  {"_id":"cloudseer_source_gender/12206882","_key":"12206882","_rev":"_Wz1BD26-E-","firstname":"Chris","gender":"male"},
  {"_id":"cloudseer_source_gender/12207138","_key":"12207138","_rev":"_Wz1BD26-I-","firstname":"Marian","gender":"female"},
  {"_id":"cloudseer_source_gender/12206780","_key":"12206780","_rev":"_Wz1BD26-CY","firstname":"Dante","gender":"male"},
  {"_id":"cloudseer_source_gender/12206564","_key":"12206564","_rev":"_Wz1BD26-_A","firstname":"Anne","gender":"female"},
  {"_id":"cloudseer_source_gender/12206920","_key":"12206920","_rev":"_Wz1BD26-Ek","firstname":"Ramesh","gender":"male"},
  {"_id":"cloudseer_source_gender/12206346","_key":"12206346","_rev":"_Wz1BD22--b","firstname":"Joshua","gender":"male"},
  {"_id":"cloudseer_source_gender/12206330","_key":"12206330","_rev":"_Wz1BD22--L","firstname":"Robert","gender":"male"},
  {"_id":"cloudseer_source_gender/12207218","_key":"12207218","_rev":"_Wz1BD26-JO","firstname":"Erin","gender":"female"},
  {"_id":"cloudseer_source_gender/12206966","_key":"12206966","_rev":"_Wz1BD26-FS","firstname":"Jed","gender":"male"},
  {"_id":"cloudseer_source_gender/12206832","_key":"12206832","_rev":"_Wz1BD26-DM","firstname":"Mandi","gender":"female"},
  {"_id":"cloudseer_source_gender/12207206","_key":"12207206","_rev":"_Wz1BD26-JC","firstname":"Brandy","gender":"female"},
  {"_id":"cloudseer_source_gender/12206348","_key":"12206348","_rev":"_Wz1BD22--d","firstname":"Jim","gender":"male"},
  {"_id":"cloudseer_source_gender/12206834","_key":"12206834","_rev":"_Wz1BD26-DO","firstname":"Clinton","gender":"male"},
  {"_id":"cloudseer_source_gender/12207184","_key":"12207184","_rev":"_Wz1BD26-Is","firstname":"Brendan","gender":"male"},
  {"_id":"cloudseer_source_gender/12206924","_key":"12206924","_rev":"_Wz1BD26-Eo","firstname":"Kadeem","gender":"male"},
  {"_id":"cloudseer_source_gender/12206472","_key":"12206472","_rev":"_Wz1BD22-AZ","firstname":"Havier","gender":"male"},
  {"_id":"cloudseer_source_gender/12206886","_key":"12206886","_rev":"_Wz1BD26-EC","firstname":"Lori","gender":"female"},
  {"_id":"cloudseer_source_gender/12207026","_key":"12207026","_rev":"_Wz1BD26-GO","firstname":"Janine","gender":"female"},
  {"_id":"cloudseer_source_gender/12206864","_key":"12206864","_rev":"_Wz1BD26-Ds","firstname":"Alexander","gender":"male"},
  {"_id":"cloudseer_source_gender/12206396","_key":"12206396","_rev":"_Wz1BD22-_N","firstname":"Mark","gender":"male"},
  {"_id":"cloudseer_source_gender/12206748","_key":"12206748","_rev":"_Wz1BD26-B4","firstname":"Kent","gender":"male"},
  {"_id":"cloudseer_source_gender/12206670","_key":"12206670","_rev":"_Wz1BD26-Aq","firstname":"Manny","gender":"male"},
  {"_id":"cloudseer_source_gender/12206372","_key":"12206372","_rev":"_Wz1BD22--1","firstname":"Eric","gender":"male"},
  {"_id":"cloudseer_source_gender/12207156","_key":"12207156","_rev":"_Wz1BD26-IQ","firstname":"Lauren","gender":"female"},
  {"_id":"cloudseer_source_gender/12207270","_key":"12207270","_rev":"_Wz1BD26-KC","firstname":"Miguel","gender":"male"},
  {"_id":"cloudseer_source_gender/12207056","_key":"12207056","_rev":"_Wz1BD26-Gs","firstname":"Kristina","gender":"female"},
  {"_id":"cloudseer_source_gender/12206452","_key":"12206452","_rev":"_Wz1BD22-AF","firstname":"Laura","gender":"female"},
  {"_id":"cloudseer_source_gender/12207142","_key":"12207142","_rev":"_Wz1BD26-IC","firstname":"Malcolm","gender":"male"},
  {"_id":"cloudseer_source_gender/12207004","_key":"12207004","_rev":"_Wz1BD26-F4","firstname":"Phyllis","gender":"female"},
  {"_id":"cloudseer_source_gender/12206484","_key":"12206484","_rev":"_Wz1BD22-Al","firstname":"Randall","gender":"male"},
  {"_id":"cloudseer_source_gender/12206562","_key":"12206562","_rev":"_Wz1BD26-_-","firstname":"Joseph","gender":"male"},
  {"_id":"cloudseer_source_gender/12207134","_key":"12207134","_rev":"_Wz1BD26-H6","firstname":"Fred","gender":"male"},
  {"_id":"cloudseer_source_gender/12206556","_key":"12206556","_rev":"_Wz1BD26--4","firstname":"Nelson","gender":"male"},
  {"_id":"cloudseer_source_gender/12207002","_key":"12207002","_rev":"_Wz1BD26-F2","firstname":"Gordon","gender":"male"},
  {"_id":"cloudseer_source_gender/12207068","_key":"12207068","_rev":"_Wz1BD26-G4","firstname":"Guadalupe","gender":"female"},
  {"_id":"cloudseer_source_gender/12207100","_key":"12207100","_rev":"_Wz1BD26-HY","firstname":"Johnny","gender":"male"},
  {"_id":"cloudseer_source_gender/12206604","_key":"12206604","_rev":"_Wz1BD26-_o","firstname":"Felicia","gender":"female"},
  {"_id":"cloudseer_source_gender/12207192","_key":"12207192","_rev":"_Wz1BD26-I0","firstname":"DeAndre","gender":"male"},
  {"_id":"cloudseer_source_gender/12206592","_key":"12206592","_rev":"_Wz1BD26-_c","firstname":"Akhil","gender":"male"},
  {"_id":"cloudseer_source_gender/12206586","_key":"12206586","_rev":"_Wz1BD26-_W","firstname":"Kurt","gender":"male"},
  {"_id":"cloudseer_source_gender/12206384","_key":"12206384","_rev":"_Wz1BD22-_B","firstname":"Zachary","gender":"male"},
  {"_id":"cloudseer_source_gender/12206632","_key":"12206632","_rev":"_Wz1BD26-AE","firstname":"Lonnie","gender":"male"},
  {"_id":"cloudseer_source_gender/12206600","_key":"12206600","_rev":"_Wz1BD26-_k","firstname":"Kathleen","gender":"female"},
  {"_id":"cloudseer_source_gender/12206702","_key":"12206702","_rev":"_Wz1BD26-BK","firstname":"Parthiban","gender":"male"},
  {"_id":"cloudseer_source_gender/12207136","_key":"12207136","_rev":"_Wz1BD26-H8","firstname":"Rene","gender":"male"},
  {"_id":"cloudseer_source_gender/12207034","_key":"12207034","_rev":"_Wz1BD26-GW","firstname":"Rupesh","gender":"male"},
  {"_id":"cloudseer_source_gender/12207052","_key":"12207052","_rev":"_Wz1BD26-Go","firstname":"Roland","gender":"male"},
  {"_id":"cloudseer_source_gender/12206718","_key":"12206718","_rev":"_Wz1BD26-Ba","firstname":"Jaime","gender":"male"},
  {"_id":"cloudseer_source_gender/12207210","_key":"12207210","_rev":"_Wz1BD26-JG","firstname":"Marianne","gender":"female"},
  {"_id":"cloudseer_source_gender/12206418","_key":"12206418","_rev":"_Wz1BD22-_j","firstname":"Matthew","gender":"male"},
  {"_id":"cloudseer_source_gender/12206380","_key":"12206380","_rev":"_Wz1BD22--9","firstname":"Sabri","gender":"male"},
  {"_id":"cloudseer_source_gender/12206914","_key":"12206914","_rev":"_Wz1BD26-Ee","firstname":"Theresa","gender":"female"},
  {"_id":"cloudseer_source_gender/12206568","_key":"12206568","_rev":"_Wz1BD26-_E","firstname":"Mitch","gender":"male"},
  {"_id":"cloudseer_source_gender/12206420","_key":"12206420","_rev":"_Wz1BD22-_l","firstname":"Mickey","gender":"male"},
  {"_id":"cloudseer_source_gender/12207202","_key":"12207202","_rev":"_Wz1BD26-J-","firstname":"Greer","gender":"female"},
  {"_id":"cloudseer_source_gender/12206816","_key":"12206816","_rev":"_Wz1BD26-C8","firstname":"Clint","gender":"male"},
  {"_id":"cloudseer_source_gender/12206866","_key":"12206866","_rev":"_Wz1BD26-Du","firstname":"Darin","gender":"male"},
  {"_id":"cloudseer_source_gender/12207214","_key":"12207214","_rev":"_Wz1BD26-JK","firstname":"Marija","gender":"female"},
  {"_id":"cloudseer_source_gender/12206336","_key":"12206336","_rev":"_Wz1BD22--R","firstname":"William","gender":"male"},
  {"_id":"cloudseer_source_gender/12207008","_key":"12207008","_rev":"_Wz1BD26-F8","firstname":"Armand","gender":"male"},
  {"_id":"cloudseer_source_gender/12206596","_key":"12206596","_rev":"_Wz1BD26-_g","firstname":"Ralph","gender":"male"},
  {"_id":"cloudseer_source_gender/12206468","_key":"12206468","_rev":"_Wz1BD22-AV","firstname":"Shannon","gender":"female"},
  {"_id":"cloudseer_source_gender/12207246","_key":"12207246","_rev":"_Wz1BD26-Jq","firstname":"DeAngelo","gender":"male"},
  {"_id":"cloudseer_source_gender/12207092","_key":"12207092","_rev":"_Wz1BD26-HQ","firstname":"Deepak","gender":"male"},
  {"_id":"cloudseer_source_gender/12207260","_key":"12207260","_rev":"_Wz1BD26-J4","firstname":"Stefani","gender":"female"},
  {"_id":"cloudseer_source_gender/12207022","_key":"12207022","_rev":"_Wz1BD26-GK","firstname":"Jake","gender":"male"},
  {"_id":"cloudseer_source_gender/12206598","_key":"12206598","_rev":"_Wz1BD26-_i","firstname":"Christian","gender":"male"},
  {"_id":"cloudseer_source_gender/12206442","_key":"12206442","_rev":"_Wz1BD22-_7","firstname":"Roberto","gender":"male"},
  {"_id":"cloudseer_source_gender/12206382","_key":"12206382","_rev":"_Wz1BD22-__","firstname":"H","gender":"male"},
  {"_id":"cloudseer_source_gender/12206456","_key":"12206456","_rev":"_Wz1BD22-AJ","firstname":"Gaetano","gender":"male"},
  {"_id":"cloudseer_source_gender/12206822","_key":"12206822","_rev":"_Wz1BD26-DC","firstname":"Elizabeth","gender":"female"},
  {"_id":"cloudseer_source_gender/12207082","_key":"12207082","_rev":"_Wz1BD26-HG","firstname":"Bernadette","gender":"female"},
  {"_id":"cloudseer_source_gender/12206770","_key":"12206770","_rev":"_Wz1BD26-CO","firstname":"Katie","gender":"female"},
  {"_id":"cloudseer_source_gender/12206830","_key":"12206830","_rev":"_Wz1BD26-DK","firstname":"Ray","gender":"male"},
  {"_id":"cloudseer_source_gender/12206574","_key":"12206574","_rev":"_Wz1BD26-_K","firstname":"Kaylee","gender":"female"},
  {"_id":"cloudseer_source_gender/12206532","_key":"12206532","_rev":"_Wz1BD26--g","firstname":"Abbey","gender":"female"},
  {"_id":"cloudseer_source_gender/12206798","_key":"12206798","_rev":"_Wz1BD26-Cq","firstname":"Kate","gender":"female"},
  {"_id":"cloudseer_source_gender/12206896","_key":"12206896","_rev":"_Wz1BD26-EM","firstname":"Edgar","gender":"male"},
  {"_id":"cloudseer_source_gender/12207230","_key":"12207230","_rev":"_Wz1BD26-Ja","firstname":"Kelly","gender":"female"},
  {"_id":"cloudseer_source_gender/12206756","_key":"12206756","_rev":"_Wz1BD26-CA","firstname":"Steven","gender":"male"},
  {"_id":"cloudseer_source_gender/12207118","_key":"12207118","_rev":"_Wz1BD26-Hq","firstname":"Deepa","gender":"female"},
  {"_id":"cloudseer_source_gender/12206638","_key":"12206638","_rev":"_Wz1BD26-AK","firstname":"Tricia","gender":"female"},
  {"_id":"cloudseer_source_gender/12206360","_key":"12206360","_rev":"_Wz1BD22--p","firstname":"Charles","gender":"male"},
  {"_id":"cloudseer_source_gender/12206994","_key":"12206994","_rev":"_Wz1BD26-Fu","firstname":"Betty","gender":"female"},
  {"_id":"cloudseer_source_gender/12206674","_key":"12206674","_rev":"_Wz1BD26-Au","firstname":"Leah","gender":"female"},
  {"_id":"cloudseer_source_gender/12207030","_key":"12207030","_rev":"_Wz1BD26-GS","firstname":"Kimberly","gender":"female"},
  {"_id":"cloudseer_source_gender/12206530","_key":"12206530","_rev":"_Wz1BD26--e","firstname":"Leonardo","gender":"male"},
  {"_id":"cloudseer_source_gender/12206926","_key":"12206926","_rev":"_Wz1BD26-Eq","firstname":"Gerardo","gender":"male"},
  {"_id":"cloudseer_source_gender/12206534","_key":"12206534","_rev":"_Wz1BD26--i","firstname":"Terry","gender":"male"},
  {"_id":"cloudseer_source_gender/12206514","_key":"12206514","_rev":"_Wz1BD26--O","firstname":"Thomas","gender":"male"},
  {"_id":"cloudseer_source_gender/12207006","_key":"12207006","_rev":"_Wz1BD26-F6","firstname":"Penny","gender":"female"},
  {"_id":"cloudseer_source_gender/12206862","_key":"12206862","_rev":"_Wz1BD26-Dq","firstname":"Alison","gender":"female"},
  {"_id":"cloudseer_source_gender/12206950","_key":"12206950","_rev":"_Wz1BD26-FC","firstname":"Gopinath","gender":"male"},
  {"_id":"cloudseer_source_gender/12206752","_key":"12206752","_rev":"_Wz1BD26-B8","firstname":"Jesus","gender":"male"},
  {"_id":"cloudseer_source_gender/12206802","_key":"12206802","_rev":"_Wz1BD26-Cu","firstname":"Diane","gender":"female"},
  {"_id":"cloudseer_source_gender/12207204","_key":"12207204","_rev":"_Wz1BD26-JA","firstname":"Leland","gender":"male"},
  {"_id":"cloudseer_source_gender/12207108","_key":"12207108","_rev":"_Wz1BD26-Hg","firstname":"Edwin","gender":"male"},
  {"_id":"cloudseer_source_gender/12206454","_key":"12206454","_rev":"_Wz1BD22-AH","firstname":"Angie","gender":"female"},
  {"_id":"cloudseer_source_gender/12206594","_key":"12206594","_rev":"_Wz1BD26-_e","firstname":"Eileen","gender":"female"},
  {"_id":"cloudseer_source_gender/12206844","_key":"12206844","_rev":"_Wz1BD26-DY","firstname":"Sherman","gender":"male"},
  {"_id":"cloudseer_source_gender/12207148","_key":"12207148","_rev":"_Wz1BD26-II","firstname":"Grover","gender":"male"},
  {"_id":"cloudseer_source_gender/12207208","_key":"12207208","_rev":"_Wz1BD26-JE","firstname":"Kendall","gender":"male"},
  {"_id":"cloudseer_source_gender/12206874","_key":"12206874","_rev":"_Wz1BD26-D2","firstname":"Jody","gender":"female"},
  {"_id":"cloudseer_source_gender/12206656","_key":"12206656","_rev":"_Wz1BD26-Ac","firstname":"Stanley","gender":"male"},
  {"_id":"cloudseer_source_gender/12206548","_key":"12206548","_rev":"_Wz1BD26--w","firstname":"Sherry","gender":"female"},
  {"_id":"cloudseer_source_gender/12207264","_key":"12207264","_rev":"_Wz1BD26-J8","firstname":"Louis","gender":"male"},
  {"_id":"cloudseer_source_gender/12206726","_key":"12206726","_rev":"_Wz1BD26-Bi","firstname":"Clarence","gender":"male"},
  {"_id":"cloudseer_source_gender/12206386","_key":"12206386","_rev":"_Wz1BD22-_D","firstname":"Michael","gender":"male"},
  {"_id":"cloudseer_source_gender/12206964","_key":"12206964","_rev":"_Wz1BD26-FQ","firstname":"Wayde","gender":"male"},
  {"_id":"cloudseer_source_gender/12206722","_key":"12206722","_rev":"_Wz1BD26-Be","firstname":"Deena","gender":"female"},
  {"_id":"cloudseer_source_gender/12206368","_key":"12206368","_rev":"_Wz1BD22--x","firstname":"Shane","gender":"male"},
  {"_id":"cloudseer_source_gender/12207166","_key":"12207166","_rev":"_Wz1BD26-Ia","firstname":"Ivan","gender":"male"},
  {"_id":"cloudseer_source_gender/12206510","_key":"12206510","_rev":"_Wz1BD26--K","firstname":"Keion","gender":"male"},
  {"_id":"cloudseer_source_gender/12206738","_key":"12206738","_rev":"_Wz1BD26-Bu","firstname":"Dennis","gender":"male"},
  {"_id":"cloudseer_source_gender/12206952","_key":"12206952","_rev":"_Wz1BD26-FE","firstname":"Alan","gender":"male"},
  {"_id":"cloudseer_source_gender/12206976","_key":"12206976","_rev":"_Wz1BD26-Fc","firstname":"Bruce","gender":"male"},
  {"_id":"cloudseer_source_gender/12207086","_key":"12207086","_rev":"_Wz1BD26-HK","firstname":"Kristen","gender":"female"},
  {"_id":"cloudseer_source_gender/12206902","_key":"12206902","_rev":"_Wz1BD26-ES","firstname":"Carl","gender":"male"},
  {"_id":"cloudseer_source_gender/12207018","_key":"12207018","_rev":"_Wz1BD26-GG","firstname":"Ron","gender":"male"},
  {"_id":"cloudseer_source_gender/12206466","_key":"12206466","_rev":"_Wz1BD22-AT","firstname":"Brad","gender":"male"},
  {"_id":"cloudseer_source_gender/12206394","_key":"12206394","_rev":"_Wz1BD22-_L","firstname":"Jeremy","gender":"male"},
  {"_id":"cloudseer_source_gender/12207080","_key":"12207080","_rev":"_Wz1BD26-HE","firstname":"Oleg","gender":"male"},
  {"_id":"cloudseer_source_gender/12206954","_key":"12206954","_rev":"_Wz1BD26-FG","firstname":"Detlef","gender":"male"},
  {"_id":"cloudseer_source_gender/12206724","_key":"12206724","_rev":"_Wz1BD26-Bg","firstname":"Joe","gender":"male"},
  {"_id":"cloudseer_source_gender/12206654","_key":"12206654","_rev":"_Wz1BD26-Aa","firstname":"Blair","gender":"male"},
  {"_id":"cloudseer_source_gender/12206808","_key":"12206808","_rev":"_Wz1BD26-C0","firstname":"Lynn","gender":"female"},
  {"_id":"cloudseer_source_gender/12207266","_key":"12207266","_rev":"_Wz1BD26-K-","firstname":"Casey","gender":"female"},
  {"_id":"cloudseer_source_gender/12206582","_key":"12206582","_rev":"_Wz1BD26-_S","firstname":"Lenard","gender":"male"},
  {"_id":"cloudseer_source_gender/12206440","_key":"12206440","_rev":"_Wz1BD22-_5","firstname":"Raymond","gender":"male"},
  {"_id":"cloudseer_source_gender/12206974","_key":"12206974","_rev":"_Wz1BD26-Fa","firstname":"Trevor","gender":"male"},
  {"_id":"cloudseer_source_gender/12207012","_key":"12207012","_rev":"_Wz1BD26-GA","firstname":"Gabriel","gender":"male"},
  {"_id":"cloudseer_source_gender/12207242","_key":"12207242","_rev":"_Wz1BD26-Jm","firstname":"Gretchen","gender":"female"},
  {"_id":"cloudseer_source_gender/12206912","_key":"12206912","_rev":"_Wz1BD26-Ec","firstname":"Barry","gender":"male"},
  {"_id":"cloudseer_source_gender/12207158","_key":"12207158","_rev":"_Wz1BD26-IS","firstname":"Ruth","gender":"female"},
  {"_id":"cloudseer_source_gender/12206806","_key":"12206806","_rev":"_Wz1BD26-Cy","firstname":"Kyle","gender":"male"},
  {"_id":"cloudseer_source_gender/12206366","_key":"12206366","_rev":"_Wz1BD22--v","firstname":"Cynthia","gender":"female"},
  {"_id":"cloudseer_source_gender/12207164","_key":"12207164","_rev":"_Wz1BD26-IY","firstname":"Shan","gender":"female"},
  {"_id":"cloudseer_source_gender/12206634","_key":"12206634","_rev":"_Wz1BD26-AG","firstname":"Ryan","gender":"male"},
  {"_id":"cloudseer_source_gender/12206986","_key":"12206986","_rev":"_Wz1BD26-Fm","firstname":"Scotty","gender":"male"},
  {"_id":"cloudseer_source_gender/12207234","_key":"12207234","_rev":"_Wz1BD26-Je","firstname":"Eli","gender":"male"},
  {"_id":"cloudseer_source_gender/12206790","_key":"12206790","_rev":"_Wz1BD26-Ci","firstname":"Shelby","gender":"female"},
  {"_id":"cloudseer_source_gender/12207200","_key":"12207200","_rev":"_Wz1BD26-I8","firstname":"Una","gender":"female"},
  {"_id":"cloudseer_source_gender/12206956","_key":"12206956","_rev":"_Wz1BD26-FI","firstname":"Bond","gender":"male"},
  {"_id":"cloudseer_source_gender/12206876","_key":"12206876","_rev":"_Wz1BD26-D4","firstname":"Lance","gender":"male"},
  {"_id":"cloudseer_source_gender/12207038","_key":"12207038","_rev":"_Wz1BD26-Ga","firstname":"Celina","gender":"female"},
  {"_id":"cloudseer_source_gender/12206344","_key":"12206344","_rev":"_Wz1BD22--Z","firstname":"Richard","gender":"male"},
  {"_id":"cloudseer_source_gender/12206630","_key":"12206630","_rev":"_Wz1BD26-AC","firstname":"Bill","gender":"male"},
  {"_id":"cloudseer_source_gender/12206572","_key":"12206572","_rev":"_Wz1BD26-_I","firstname":"Kameron","gender":"male"},
  {"_id":"cloudseer_source_gender/12207078","_key":"12207078","_rev":"_Wz1BD26-HC","firstname":"Jessie","gender":"female"},
  {"_id":"cloudseer_source_gender/12206622","_key":"12206622","_rev":"_Wz1BD26-_6","firstname":"Brittany","gender":"female"},
  {"_id":"cloudseer_source_gender/12207062","_key":"12207062","_rev":"_Wz1BD26-Gy","firstname":"Kenny","gender":"male"},
  {"_id":"cloudseer_source_gender/12207050","_key":"12207050","_rev":"_Wz1BD26-Gm","firstname":"J","gender":"male"},
  {"_id":"cloudseer_source_gender/12206644","_key":"12206644","_rev":"_Wz1BD26-AQ","firstname":"Melissa","gender":"female"},
  {"_id":"cloudseer_source_gender/12206624","_key":"12206624","_rev":"_Wz1BD26-_8","firstname":"Peter","gender":"male"},
  {"_id":"cloudseer_source_gender/12206892","_key":"12206892","_rev":"_Wz1BD26-EI","firstname":"Jacqueline","gender":"female"},
  {"_id":"cloudseer_source_gender/12207014","_key":"12207014","_rev":"_Wz1BD26-GC","firstname":"Rich","gender":"male"},
  {"_id":"cloudseer_source_gender/12206860","_key":"12206860","_rev":"_Wz1BD26-Do","firstname":"Dee","gender":"female"},
  {"_id":"cloudseer_source_gender/12207248","_key":"12207248","_rev":"_Wz1BD26-Js","firstname":"Nina","gender":"female"},
  {"_id":"cloudseer_source_gender/12206940","_key":"12206940","_rev":"_Wz1BD26-E4","firstname":"Siva","gender":"male"},
  {"_id":"cloudseer_source_gender/12206648","_key":"12206648","_rev":"_Wz1BD26-AU","firstname":"Rudy","gender":"male"},
  {"_id":"cloudseer_source_gender/12206618","_key":"12206618","_rev":"_Wz1BD26-_2","firstname":"Sandra","gender":"female"},
  {"_id":"cloudseer_source_gender/12206744","_key":"12206744","_rev":"_Wz1BD26-B0","firstname":"Andrew","gender":"male"},
  {"_id":"cloudseer_source_gender/12206444","_key":"12206444","_rev":"_Wz1BD22-_9","firstname":"Samuel","gender":"male"},
  {"_id":"cloudseer_source_gender/12207168","_key":"12207168","_rev":"_Wz1BD26-Ic","firstname":"Joyce","gender":"female"},
  {"_id":"cloudseer_source_gender/12207044","_key":"12207044","_rev":"_Wz1BD26-Gg","firstname":"Constance","gender":"female"},
  {"_id":"cloudseer_source_gender/12206626","_key":"12206626","_rev":"_Wz1BD26-A-","firstname":"Evan","gender":"male"},
  {"_id":"cloudseer_source_gender/12206334","_key":"12206334","_rev":"_Wz1BD22--P","firstname":"Jeffrey","gender":"male"},
  {"_id":"cloudseer_source_gender/12207124","_key":"12207124","_rev":"_Wz1BD26-Hw","firstname":"LaKesha","gender":"female"},
  {"_id":"cloudseer_source_gender/12207154","_key":"12207154","_rev":"_Wz1BD26-IO","firstname":"Rajesh","gender":"male"},
  {"_id":"cloudseer_source_gender/12206436","_key":"12206436","_rev":"_Wz1BD22-_1","firstname":"Holly","gender":"female"},
  {"_id":"cloudseer_source_gender/12206916","_key":"12206916","_rev":"_Wz1BD26-Eg","firstname":"Jay","gender":"male"},
  {"_id":"cloudseer_source_gender/12206664","_key":"12206664","_rev":"_Wz1BD26-Ak","firstname":"Harrison","gender":"male"},
  {"_id":"cloudseer_source_gender/12207130","_key":"12207130","_rev":"_Wz1BD26-H2","firstname":"Jian","gender":"male"},
  {"_id":"cloudseer_source_gender/12206636","_key":"12206636","_rev":"_Wz1BD26-AI","firstname":"Taylor","gender":"female"},
  {"_id":"cloudseer_source_gender/12206522","_key":"12206522","_rev":"_Wz1BD26--W","firstname":"Aaron","gender":"male"},
  {"_id":"cloudseer_source_gender/12207090","_key":"12207090","_rev":"_Wz1BD26-HO","firstname":"Albert","gender":"male"},
  {"_id":"cloudseer_source_gender/12206930","_key":"12206930","_rev":"_Wz1BD26-Eu","firstname":"Brenda","gender":"female"},
  {"_id":"cloudseer_source_gender/12206612","_key":"12206612","_rev":"_Wz1BD26-_w","firstname":"Nathan","gender":"male"},
  {"_id":"cloudseer_source_gender/12206736","_key":"12206736","_rev":"_Wz1BD26-Bs","firstname":"Brett","gender":"male"},
  {"_id":"cloudseer_source_gender/12207110","_key":"12207110","_rev":"_Wz1BD26-Hi","firstname":"Noelle","gender":"female"},
  {"_id":"cloudseer_source_gender/12206800","_key":"12206800","_rev":"_Wz1BD26-Cs","firstname":"Lamar","gender":"male"},
  {"_id":"cloudseer_source_gender/12206666","_key":"12206666","_rev":"_Wz1BD26-Am","firstname":"Jeanine","gender":"female"},
  {"_id":"cloudseer_source_gender/12207096","_key":"12207096","_rev":"_Wz1BD26-HU","firstname":"kaitlin","gender":"female"},
  {"_id":"cloudseer_source_gender/12207182","_key":"12207182","_rev":"_Wz1BD26-Iq","firstname":"Takisha","gender":"female"},
  {"_id":"cloudseer_source_gender/12206890","_key":"12206890","_rev":"_Wz1BD26-EG","firstname":"Zach","gender":"male"},
  {"_id":"cloudseer_source_gender/12206878","_key":"12206878","_rev":"_Wz1BD26-D6","firstname":"Clifford","gender":"male"},
  {"_id":"cloudseer_source_gender/12206580","_key":"12206580","_rev":"_Wz1BD26-_Q","firstname":"Mitzi","gender":"female"},
  {"_id":"cloudseer_source_gender/12206772","_key":"12206772","_rev":"_Wz1BD26-CQ","firstname":"Naveen","gender":"male"},
  {"_id":"cloudseer_source_gender/12207000","_key":"12207000","_rev":"_Wz1BD26-F0","firstname":"travis","gender":"male"},
  {"_id":"cloudseer_source_gender/12207132","_key":"12207132","_rev":"_Wz1BD26-H4","firstname":"Vishal","gender":"male"},
  {"_id":"cloudseer_source_gender/12206332","_key":"12206332","_rev":"_Wz1BD22--N","firstname":"Donald","gender":"male"},
  {"_id":"cloudseer_source_gender/12207252","_key":"12207252","_rev":"_Wz1BD26-Jw","firstname":"darrell","gender":"male"},
  {"_id":"cloudseer_source_gender/12206628","_key":"12206628","_rev":"_Wz1BD26-AA","firstname":"Franco","gender":"male"},
  {"_id":"cloudseer_source_gender/12206490","_key":"12206490","_rev":"_Wz1BD22-Ar","firstname":"Jonathan","gender":"male"},
  {"_id":"cloudseer_source_gender/12206552","_key":"12206552","_rev":"_Wz1BD26--0","firstname":"Erica","gender":"female"},
  {"_id":"cloudseer_source_gender/12206962","_key":"12206962","_rev":"_Wz1BD26-FO","firstname":"Gina","gender":"female"},
  {"_id":"cloudseer_source_gender/12207144","_key":"12207144","_rev":"_Wz1BD26-IE","firstname":"Alpa","gender":"female"},
  {"_id":"cloudseer_source_gender/12206342","_key":"12206342","_rev":"_Wz1BD22--X","firstname":"Arthur","gender":"male"},
  {"_id":"cloudseer_source_gender/12206542","_key":"12206542","_rev":"_Wz1BD26--q","firstname":"Pedro","gender":"male"},
  {"_id":"cloudseer_source_gender/12206888","_key":"12206888","_rev":"_Wz1BD26-EE","firstname":"Jane","gender":"female"},
  {"_id":"cloudseer_source_gender/12206538","_key":"12206538","_rev":"_Wz1BD26--m","firstname":"Kira","gender":"female"},
  {"_id":"cloudseer_source_gender/12206792","_key":"12206792","_rev":"_Wz1BD26-Ck","firstname":"Gemmy","gender":"male"},
  {"_id":"cloudseer_source_gender/12206694","_key":"12206694","_rev":"_Wz1BD26-BC","firstname":"Donna","gender":"female"},
  {"_id":"cloudseer_source_gender/12206448","_key":"12206448","_rev":"_Wz1BD22-AB","firstname":"Chad","gender":"male"},
  {"_id":"cloudseer_source_gender/12206422","_key":"12206422","_rev":"_Wz1BD22-_n","firstname":"Billie","gender":"female"},
  {"_id":"cloudseer_source_gender/12206494","_key":"12206494","_rev":"_Wz1BD22-Av","firstname":"Robin","gender":"female"},
  {"_id":"cloudseer_source_gender/12207150","_key":"12207150","_rev":"_Wz1BD26-IK","firstname":"Sunil","gender":"male"},
  {"_id":"cloudseer_source_gender/12206652","_key":"12206652","_rev":"_Wz1BD26-AY","firstname":"Timothy","gender":"male"},
  {"_id":"cloudseer_source_gender/12206614","_key":"12206614","_rev":"_Wz1BD26-_y","firstname":"Mary","gender":"female"},
  {"_id":"cloudseer_source_gender/12206848","_key":"12206848","_rev":"_Wz1BD26-Dc","firstname":"Greg","gender":"male"},
  {"_id":"cloudseer_source_gender/12206526","_key":"12206526","_rev":"_Wz1BD26--a","firstname":"Nicole","gender":"female"},
  {"_id":"cloudseer_source_gender/12206868","_key":"12206868","_rev":"_Wz1BD26-Dw","firstname":"Christina","gender":"female"},
  {"_id":"cloudseer_source_gender/12206434","_key":"12206434","_rev":"_Wz1BD22-_z","firstname":"Dan","gender":"male"},
  {"_id":"cloudseer_source_gender/12206820","_key":"12206820","_rev":"_Wz1BD26-DA","firstname":"Larry","gender":"male"},
  {"_id":"cloudseer_source_gender/12207228","_key":"12207228","_rev":"_Wz1BD26-JY","firstname":"Corey","gender":"male"},
  {"_id":"cloudseer_source_gender/12207212","_key":"12207212","_rev":"_Wz1BD26-JI","firstname":"Nat","gender":"female"},
  {"_id":"cloudseer_source_gender/12206948","_key":"12206948","_rev":"_Wz1BD26-FA","firstname":"shane","gender":"male"},
  {"_id":"cloudseer_source_gender/12206486","_key":"12206486","_rev":"_Wz1BD22-An","firstname":"Enoch","gender":"male"},
  {"_id":"cloudseer_source_gender/12207274","_key":"12207274","_rev":"_Wz1BD26-KG","firstname":"Levi","gender":"male"},
  {"_id":"cloudseer_source_gender/12206794","_key":"12206794","_rev":"_Wz1BD26-Cm","firstname":"Shelley","gender":"female"},
  {"_id":"cloudseer_source_gender/12206340","_key":"12206340","_rev":"_Wz1BD22--V","firstname":"Nancy","gender":"female"},
  {"_id":"cloudseer_source_gender/12207102","_key":"12207102","_rev":"_Wz1BD26-Ha","firstname":"Christy","gender":"female"},
  {"_id":"cloudseer_source_gender/12206946","_key":"12206946","_rev":"_Wz1BD26-F-","firstname":"Walter","gender":"male"},
  {"_id":"cloudseer_source_gender/12207262","_key":"12207262","_rev":"_Wz1BD26-J6","firstname":"Daphne","gender":"female"},
  {"_id":"cloudseer_source_gender/12207146","_key":"12207146","_rev":"_Wz1BD26-IG","firstname":"Gloria","gender":"female"},
  {"_id":"cloudseer_source_gender/12206404","_key":"12206404","_rev":"_Wz1BD22-_V","firstname":"Maria","gender":"female"},
  {"_id":"cloudseer_source_gender/12206606","_key":"12206606","_rev":"_Wz1BD26-_q","firstname":"Lee","gender":"male"},
  {"_id":"cloudseer_source_gender/12206708","_key":"12206708","_rev":"_Wz1BD26-BQ","firstname":"Linda","gender":"female"},
  {"_id":"cloudseer_source_gender/12206870","_key":"12206870","_rev":"_Wz1BD26-Dy","firstname":"Melinda","gender":"female"},
  {"_id":"cloudseer_source_gender/12206584","_key":"12206584","_rev":"_Wz1BD26-_U","firstname":"Lawrence","gender":"male"},
  {"_id":"cloudseer_source_gender/12207236","_key":"12207236","_rev":"_Wz1BD26-Jg","firstname":"Jayshree","gender":"female"},
  {"_id":"cloudseer_source_gender/12206732","_key":"12206732","_rev":"_Wz1BD26-Bo","firstname":"Scarlett","gender":"female"},
  {"_id":"cloudseer_source_gender/12207258","_key":"12207258","_rev":"_Wz1BD26-J2","firstname":"Everette","gender":"male"},
  {"_id":"cloudseer_source_gender/12206642","_key":"12206642","_rev":"_Wz1BD26-AO","firstname":"Luis","gender":"male"},
  {"_id":"cloudseer_source_gender/12206984","_key":"12206984","_rev":"_Wz1BD26-Fk","firstname":"Randal","gender":"male"},
  {"_id":"cloudseer_source_gender/12206646","_key":"12206646","_rev":"_Wz1BD26-AS","firstname":"George","gender":"male"},
  {"_id":"cloudseer_source_gender/12206560","_key":"12206560","_rev":"_Wz1BD26--8","firstname":"James","gender":"male"},
  {"_id":"cloudseer_source_gender/12207140","_key":"12207140","_rev":"_Wz1BD26-IA","firstname":"Oscar","gender":"male"},
  {"_id":"cloudseer_source_gender/12206838","_key":"12206838","_rev":"_Wz1BD26-DS","firstname":"Cody","gender":"male"},
  {"_id":"cloudseer_source_gender/12206942","_key":"12206942","_rev":"_Wz1BD26-E6","firstname":"Bruno","gender":"male"},
  {"_id":"cloudseer_source_gender/12206970","_key":"12206970","_rev":"_Wz1BD26-FW","firstname":"Roy","gender":"male"},
  {"_id":"cloudseer_source_gender/12206416","_key":"12206416","_rev":"_Wz1BD22-_h","firstname":"Frank","gender":"male"},
  {"_id":"cloudseer_source_gender/12206426","_key":"12206426","_rev":"_Wz1BD22-_r","firstname":"Courtney","gender":"female"},
  {"_id":"cloudseer_source_gender/12206602","_key":"12206602","_rev":"_Wz1BD26-_m","firstname":"Amy","gender":"female"},
  {"_id":"cloudseer_source_gender/12206316","_key":"12206316","_rev":"_Wz1BD22--_","firstname":"Howard","gender":"male"},
  {"_id":"cloudseer_source_gender/12206758","_key":"12206758","_rev":"_Wz1BD26-CC","firstname":"Christine","gender":"female"},
  {"_id":"cloudseer_source_gender/12206338","_key":"12206338","_rev":"_Wz1BD22--T","firstname":"Neeru","gender":"female"},
  {"_id":"cloudseer_source_gender/12207070","_key":"12207070","_rev":"_Wz1BD26-G6","firstname":"Jasun","gender":"male"},
  {"_id":"cloudseer_source_gender/12206760","_key":"12206760","_rev":"_Wz1BD26-CE","firstname":"Dwayne","gender":"male"},
  {"_id":"cloudseer_source_gender/12206610","_key":"12206610","_rev":"_Wz1BD26-_u","firstname":"Susan","gender":"female"},
  {"_id":"cloudseer_source_gender/12206784","_key":"12206784","_rev":"_Wz1BD26-Cc","firstname":"Tim","gender":"male"},
  {"_id":"cloudseer_source_gender/12206960","_key":"12206960","_rev":"_Wz1BD26-FM","firstname":"Marty","gender":"male"},
  {"_id":"cloudseer_source_gender/12207240","_key":"12207240","_rev":"_Wz1BD26-Jk","firstname":"Collette","gender":"female"},
  {"_id":"cloudseer_source_gender/12207162","_key":"12207162","_rev":"_Wz1BD26-IW","firstname":"Radhakrishnan","gender":"male"},
  {"_id":"cloudseer_source_gender/12206462","_key":"12206462","_rev":"_Wz1BD22-AP","firstname":"Minnie","gender":"female"},
  {"_id":"cloudseer_source_gender/12207016","_key":"12207016","_rev":"_Wz1BD26-GE","firstname":"Leroy","gender":"male"},
  {"_id":"cloudseer_source_gender/12206458","_key":"12206458","_rev":"_Wz1BD22-AL","firstname":"Alex","gender":"male"},
  {"_id":"cloudseer_source_gender/12206936","_key":"12206936","_rev":"_Wz1BD26-E0","firstname":"Nicholas","gender":"male"},
  {"_id":"cloudseer_source_gender/12206482","_key":"12206482","_rev":"_Wz1BD22-Aj","firstname":"Ronald","gender":"male"},
  {"_id":"cloudseer_source_gender/12207112","_key":"12207112","_rev":"_Wz1BD26-Hk","firstname":"Doreene","gender":"female"},
  {"_id":"cloudseer_source_gender/12207222","_key":"12207222","_rev":"_Wz1BD26-JS","firstname":"Suzana","gender":"female"},
  {"_id":"cloudseer_source_gender/12206668","_key":"12206668","_rev":"_Wz1BD26-Ao","firstname":"Frederick","gender":"male"},
  {"_id":"cloudseer_source_gender/12206686","_key":"12206686","_rev":"_Wz1BD26-A6","firstname":"Anjani","gender":"male"},
  {"_id":"cloudseer_source_gender/12206476","_key":"12206476","_rev":"_Wz1BD22-Ad","firstname":"Charlie","gender":"male"},
  {"_id":"cloudseer_source_gender/12206590","_key":"12206590","_rev":"_Wz1BD26-_a","firstname":"Karen","gender":"female"},
  {"_id":"cloudseer_source_gender/12206676","_key":"12206676","_rev":"_Wz1BD26-Aw","firstname":"Rebecca","gender":"female"},
  {"_id":"cloudseer_source_gender/12207104","_key":"12207104","_rev":"_Wz1BD26-Hc","firstname":"Chelsea","gender":"female"},
  {"_id":"cloudseer_source_gender/12206716","_key":"12206716","_rev":"_Wz1BD26-BY","firstname":"Mario","gender":"male"},
  {"_id":"cloudseer_source_gender/12207190","_key":"12207190","_rev":"_Wz1BD26-Iy","firstname":"Dorothy","gender":"female"},
  {"_id":"cloudseer_source_gender/12206390","_key":"12206390","_rev":"_Wz1BD22-_H","firstname":"Jason","gender":"male"},
  {"_id":"cloudseer_source_gender/12206850","_key":"12206850","_rev":"_Wz1BD26-De","firstname":"Andre","gender":"male"},
  {"_id":"cloudseer_source_gender/12207198","_key":"12207198","_rev":"_Wz1BD26-I6","firstname":"Kenya","gender":"female"},
  {"_id":"cloudseer_source_gender/12206742","_key":"12206742","_rev":"_Wz1BD26-By","firstname":"Uri","gender":"male"},
  {"_id":"cloudseer_source_gender/12206696","_key":"12206696","_rev":"_Wz1BD26-BE","firstname":"Chandan","gender":"male"},
  {"_id":"cloudseer_source_gender/12207220","_key":"12207220","_rev":"_Wz1BD26-JQ","firstname":"Sebastian","gender":"male"},
  {"_id":"cloudseer_source_gender/12206498","_key":"12206498","_rev":"_Wz1BD26---","firstname":"Nick","gender":"male"},
  {"_id":"cloudseer_source_gender/12207174","_key":"12207174","_rev":"_Wz1BD26-Ii","firstname":"Sonja","gender":"female"},
  {"_id":"cloudseer_source_gender/12207058","_key":"12207058","_rev":"_Wz1BD26-Gu","firstname":"Tonya","gender":"female"},
  {"_id":"cloudseer_source_gender/12206406","_key":"12206406","_rev":"_Wz1BD22-_X","firstname":"Tawana","gender":"female"},
  {"_id":"cloudseer_source_gender/12206856","_key":"12206856","_rev":"_Wz1BD26-Dk","firstname":"Stephen","gender":"male"},
  {"_id":"cloudseer_source_gender/12206400","_key":"12206400","_rev":"_Wz1BD22-_R","firstname":"Bret","gender":"male"},
  {"_id":"cloudseer_source_gender/12206528","_key":"12206528","_rev":"_Wz1BD26--c","firstname":"Wesley","gender":"male"},
  {"_id":"cloudseer_source_gender/12206578","_key":"12206578","_rev":"_Wz1BD26-_O","firstname":"Gwen","gender":"female"},
  {"_id":"cloudseer_source_gender/12207186","_key":"12207186","_rev":"_Wz1BD26-Iu","firstname":"Jarvis","gender":"male"},
  {"_id":"cloudseer_source_gender/12206754","_key":"12206754","_rev":"_Wz1BD26-C-","firstname":"Denise","gender":"female"},
  {"_id":"cloudseer_source_gender/12206554","_key":"12206554","_rev":"_Wz1BD26--2","firstname":"Jacob","gender":"male"},
  {"_id":"cloudseer_source_gender/12206438","_key":"12206438","_rev":"_Wz1BD22-_3","firstname":"Steve","gender":"male"},
  {"_id":"cloudseer_source_gender/12206764","_key":"12206764","_rev":"_Wz1BD26-CI","firstname":"Gilberto","gender":"male"},
  {"_id":"cloudseer_source_gender/12206350","_key":"12206350","_rev":"_Wz1BD22--f","firstname":"Bryan","gender":"male"},
  {"_id":"cloudseer_source_gender/12206788","_key":"12206788","_rev":"_Wz1BD26-Cg","firstname":"Jerry","gender":"male"},
  {"_id":"cloudseer_source_gender/12206402","_key":"12206402","_rev":"_Wz1BD22-_T","firstname":"Harikrishna","gender":"male"},
  {"_id":"cloudseer_source_gender/12206566","_key":"12206566","_rev":"_Wz1BD26-_C","firstname":"Ronnie","gender":"male"},
  {"_id":"cloudseer_source_gender/12206814","_key":"12206814","_rev":"_Wz1BD26-C6","firstname":"Patrick","gender":"male"},
  {"_id":"cloudseer_source_gender/12206698","_key":"12206698","_rev":"_Wz1BD26-BG","firstname":"Evens","gender":"male"},
  {"_id":"cloudseer_source_gender/12206480","_key":"12206480","_rev":"_Wz1BD22-Ah","firstname":"Ronnell","gender":"male"},
  {"_id":"cloudseer_source_gender/12206492","_key":"12206492","_rev":"_Wz1BD22-At","firstname":"Anthony","gender":"male"},
  {"_id":"cloudseer_source_gender/12206478","_key":"12206478","_rev":"_Wz1BD22-Af","firstname":"Leszek","gender":"male"},
  {"_id":"cloudseer_source_gender/12206840","_key":"12206840","_rev":"_Wz1BD26-DU","firstname":"Lana","gender":"female"},
  {"_id":"cloudseer_source_gender/12206540","_key":"12206540","_rev":"_Wz1BD26--o","firstname":"Stan","gender":"male"},
  {"_id":"cloudseer_source_gender/12206370","_key":"12206370","_rev":"_Wz1BD22--z","firstname":"Christopher","gender":"male"},
  {"_id":"cloudseer_source_gender/12206778","_key":"12206778","_rev":"_Wz1BD26-CW","firstname":"Royston","gender":"male"},
  {"_id":"cloudseer_source_gender/12206536","_key":"12206536","_rev":"_Wz1BD26--k","firstname":"Jennifer","gender":"female"},
  {"_id":"cloudseer_source_gender/12207272","_key":"12207272","_rev":"_Wz1BD26-KE","firstname":"Preston","gender":"male"},
  {"_id":"cloudseer_source_gender/12206776","_key":"12206776","_rev":"_Wz1BD26-CU","firstname":"Nikole","gender":"female"},
  {"_id":"cloudseer_source_gender/12207244","_key":"12207244","_rev":"_Wz1BD26-Jo","firstname":"Angelita","gender":"female"},
  {"_id":"cloudseer_source_gender/12206516","_key":"12206516","_rev":"_Wz1BD26--Q","firstname":"Jared","gender":"male"},
  {"_id":"cloudseer_source_gender/12207076","_key":"12207076","_rev":"_Wz1BD26-HA","firstname":"Latisha","gender":"female"},
  {"_id":"cloudseer_source_gender/12206734","_key":"12206734","_rev":"_Wz1BD26-Bq","firstname":"Don","gender":"male"},
  {"_id":"cloudseer_source_gender/12207250","_key":"12207250","_rev":"_Wz1BD26-Ju","firstname":"Brent","gender":"male"}
]