[
  {"_id":"cloudseer_badging_readers_stats_hourly/12275306","_key":"12275306","_rev":"_Wz1EV-q-Ah","activities":{"bucket":[{"a":0,"b":1,"c":0,"d":0,"e":0,"f":0}],"hour":8,"lane":"610-2-01 Center Entry Lane","size":371,"type":"Access Granted"}},
  {"_id":"cloudseer_badging_readers_stats_hourly/12275180","_key":"12275180","_rev":"_Wz1EV-q--j","activities":{"bucket":[{"a":0,"b":1,"c":0,"d":0,"e":0,"f":0}],"hour":8,"lane":"609-4-01 New Lane 2 Exit -CR","size":80,"type":"Access Granted"}},
  {"_id":"cloudseer_badging_readers_stats_hourly/12275406","_key":"12275406","_rev":"_Wz1EV-q-CF","activities":{"bucket":[{"a":0,"b":1,"c":0,"d":0,"e":0,"f":0}],"hour":8,"lane":"610-4-00 Handicap Entry Lane","size":8,"type":"Access Granted"}},
  {"_id":"cloudseer_badging_readers_stats_hourly/12275620","_key":"12275620","_rev":"_Wz1EV-q-Fb","activities":{"bucket":[{"a":0,"b":0,"c":0,"d":1,"e":0,"f":0}],"hour":16,"lane":"610-2-00 Center Exit Lane","size":2,"type":"Inactive Badge"}},
  {"_id":"cloudseer_badging_readers_stats_hourly/12275396","_key":"12275396","_rev":"_Wz1EV-q-B7","activities":{"bucket":[{"a":0,"b":0,"c":0,"d":0,"e":0,"f":1}],"hour":21,"lane":"610-3-01 East Exit Lane","size":9,"type":"Access Granted"}},
  {"_id":"cloudseer_badging_readers_stats_hourly/12275440","_key":"12275440","_rev":"_Wz1EV-q-Cn","activities":{"bucket":[{"a":0,"b":0,"c":1,"d":0,"e":0,"f":0}],"hour":11,"lane":"610-4-01 Handicap Exit Lane","size":25,"type":"Access Granted"}},
  {"_id":"cloudseer_badging_readers_stats_hourly/12275454","_key":"12275454","_rev":"_Wz1EV-q-C1","activities":{"bucket":[{"a":0,"b":0,"c":0,"d":0,"e":1,"f":0}],"hour":18,"lane":"610-4-01 Handicap Exit Lane","size":3,"type":"Access Granted"}},
  {"_id":"cloudseer_badging_readers_stats_hourly/12275548","_key":"12275548","_rev":"_Wz1EV-q-ET","activities":{"bucket":[{"a":0,"b":0,"c":0,"d":1,"e":0,"f":0}],"hour":15,"lane":"613-4-00 SERVICE OUT -CR","size":78,"type":"Access Granted"}},
  {"_id":"cloudseer_badging_readers_stats_hourly/12275692","_key":"12275692","_rev":"_Wz1EV-q-Gj","activities":{"bucket":[{"a":0,"b":0,"c":1,"d":0,"e":0,"f":0}],"hour":11,"lane":"610-2-01 Center Entry Lane","size":2,"type":"Invalid Badge"}},
  {"_id":"cloudseer_badging_readers_stats_hourly/12275522","_key":"12275522","_rev":"_Wz1EV-q-D5","activities":{"bucket":[{"a":0,"b":0,"c":0,"d":0,"e":1,"f":0}],"hour":20,"lane":"613-2-00 BT TRNSTLE OUT","size":31,"type":"Access Granted"}},
  {"_id":"cloudseer_badging_readers_stats_hourly/12275212","_key":"12275212","_rev":"_Wz1EV-q-_D","activities":{"bucket":[{"a":0,"b":1,"c":0,"d":0,"e":0,"f":0}],"hour":7,"lane":"610-1-00 West Entry Lane -CR","size":8,"type":"Access Granted"}},
  {"_id":"cloudseer_badging_readers_stats_hourly/12275696","_key":"12275696","_rev":"_Wz1EV-q-Gn","activities":{"bucket":[{"a":0,"b":1,"c":0,"d":0,"e":0,"f":0}],"hour":8,"lane":"610-3-00 East Entry Lane","size":3,"type":"Invalid Badge"}},
  {"_id":"cloudseer_badging_readers_stats_hourly/12275204","_key":"12275204","_rev":"_Wz1EV-q--7","activities":{"bucket":[{"a":0,"b":0,"c":0,"d":0,"e":1,"f":0}],"hour":20,"lane":"609-4-01 New Lane 2 Exit -CR","size":20,"type":"Access Granted"}},
  {"_id":"cloudseer_badging_readers_stats_hourly/12275108","_key":"12275108","_rev":"_Wz1EV-m--1","activities":{"bucket":[{"a":0,"b":0,"c":0,"d":1,"e":0,"f":0}],"hour":13,"lane":"609-3-01 New Lane 2 Entry -CR","size":559,"type":"Access Granted"}},
  {"_id":"cloudseer_badging_readers_stats_hourly/12275414","_key":"12275414","_rev":"_Wz1EV-q-CN","activities":{"bucket":[{"a":0,"b":0,"c":1,"d":0,"e":0,"f":0}],"hour":12,"lane":"610-4-00 Handicap Entry Lane","size":30,"type":"Access Granted"}},
  {"_id":"cloudseer_badging_readers_stats_hourly/12275560","_key":"12275560","_rev":"_Wz1EV-q-Ef","activities":{"bucket":[{"a":0,"b":0,"c":0,"d":0,"e":0,"f":1}],"hour":21,"lane":"613-4-00 SERVICE OUT -CR","size":53,"type":"Access Granted"}},
  {"_id":"cloudseer_badging_readers_stats_hourly/12275466","_key":"12275466","_rev":"_Wz1EV-q-DB","activities":{"bucket":[{"a":0,"b":0,"c":1,"d":0,"e":0,"f":0}],"hour":9,"lane":"613-1-01 BT TRNSTLE IN","size":316,"type":"Access Granted"}},
  {"_id":"cloudseer_badging_readers_stats_hourly/12275296","_key":"12275296","_rev":"_Wz1EV-q-AX","activities":{"bucket":[{"a":0,"b":0,"c":0,"d":0,"e":0,"f":1}],"hour":21,"lane":"610-2-00 Center Exit Lane","size":5,"type":"Access Granted"}},
  {"_id":"cloudseer_badging_readers_stats_hourly/12275160","_key":"12275160","_rev":"_Wz1EV-q--P","activities":{"bucket":[{"a":0,"b":0,"c":0,"d":0,"e":1,"f":0}],"hour":18,"lane":"609-4-00 New Lane 1 Exit -CR","size":181,"type":"Access Granted"}},
  {"_id":"cloudseer_badging_readers_stats_hourly/12275642","_key":"12275642","_rev":"_Wz1EV-q-Fx","activities":{"bucket":[{"a":0,"b":0,"c":0,"d":1,"e":0,"f":0}],"hour":13,"lane":"610-3-00 East Entry Lane","size":1,"type":"Invalid Access Level"}},
  {"_id":"cloudseer_badging_readers_stats_hourly/12275638","_key":"12275638","_rev":"_Wz1EV-q-Ft","activities":{"bucket":[{"a":0,"b":0,"c":1,"d":0,"e":0,"f":0}],"hour":10,"lane":"610-3-00 East Entry Lane","size":2,"type":"Invalid Access Level"}},
  {"_id":"cloudseer_badging_readers_stats_hourly/12275490","_key":"12275490","_rev":"_Wz1EV-q-DZ","activities":{"bucket":[{"a":0,"b":0,"c":0,"d":0,"e":0,"f":1}],"hour":21,"lane":"613-1-01 BT TRNSTLE IN","size":2,"type":"Access Granted"}},
  {"_id":"cloudseer_badging_readers_stats_hourly/12275426","_key":"12275426","_rev":"_Wz1EV-q-CZ","activities":{"bucket":[{"a":0,"b":0,"c":0,"d":0,"e":1,"f":0}],"hour":18,"lane":"610-4-00 Handicap Entry Lane","size":2,"type":"Access Granted"}},
  {"_id":"cloudseer_badging_readers_stats_hourly/12275474","_key":"12275474","_rev":"_Wz1EV-q-DJ","activities":{"bucket":[{"a":0,"b":0,"c":0,"d":1,"e":0,"f":0}],"hour":13,"lane":"613-1-01 BT TRNSTLE IN","size":236,"type":"Access Granted"}},
  {"_id":"cloudseer_badging_readers_stats_hourly/12275402","_key":"12275402","_rev":"_Wz1EV-q-CB","activities":{"bucket":[{"a":0,"b":1,"c":0,"d":0,"e":0,"f":0}],"hour":6,"lane":"610-4-00 Handicap Entry Lane","size":24,"type":"Access Granted"}},
  {"_id":"cloudseer_badging_readers_stats_hourly/12275184","_key":"12275184","_rev":"_Wz1EV-q--n","activities":{"bucket":[{"a":0,"b":0,"c":1,"d":0,"e":0,"f":0}],"hour":10,"lane":"609-4-01 New Lane 2 Exit -CR","size":208,"type":"Access Granted"}},
  {"_id":"cloudseer_badging_readers_stats_hourly/12275102","_key":"12275102","_rev":"_Wz1EV-m--v","activities":{"bucket":[{"a":0,"b":0,"c":1,"d":0,"e":0,"f":0}],"hour":10,"lane":"609-3-01 New Lane 2 Entry -CR","size":343,"type":"Access Granted"}},
  {"_id":"cloudseer_badging_readers_stats_hourly/12275122","_key":"12275122","_rev":"_Wz1EV-m-_D","activities":{"bucket":[{"a":0,"b":0,"c":0,"d":0,"e":1,"f":0}],"hour":20,"lane":"609-3-01 New Lane 2 Entry -CR","size":5,"type":"Access Granted"}},
  {"_id":"cloudseer_badging_readers_stats_hourly/12275082","_key":"12275082","_rev":"_Wz1EV-m--b","activities":{"bucket":[{"a":0,"b":0,"c":0,"d":0,"e":1,"f":0}],"hour":19,"lane":"609-3-00 New Lane 1 Entry -CR","size":5,"type":"Access Granted"}},
  {"_id":"cloudseer_badging_readers_stats_hourly/12275302","_key":"12275302","_rev":"_Wz1EV-q-Ad","activities":{"bucket":[{"a":0,"b":1,"c":0,"d":0,"e":0,"f":0}],"hour":6,"lane":"610-2-01 Center Entry Lane","size":3,"type":"Access Granted"}},
  {"_id":"cloudseer_badging_readers_stats_hourly/12275238","_key":"12275238","_rev":"_Wz1EV-q-_d","activities":{"bucket":[{"a":0,"b":0,"c":1,"d":0,"e":0,"f":0}],"hour":9,"lane":"610-1-01 West Exit Lane","size":32,"type":"Access Granted"}},
  {"_id":"cloudseer_badging_readers_stats_hourly/12275152","_key":"12275152","_rev":"_Wz1EV-q--H","activities":{"bucket":[{"a":0,"b":0,"c":0,"d":1,"e":0,"f":0}],"hour":14,"lane":"609-4-00 New Lane 1 Exit -CR","size":200,"type":"Access Granted"}},
  {"_id":"cloudseer_badging_readers_stats_hourly/12275556","_key":"12275556","_rev":"_Wz1EV-q-Eb","activities":{"bucket":[{"a":0,"b":0,"c":0,"d":0,"e":1,"f":0}],"hour":19,"lane":"613-4-00 SERVICE OUT -CR","size":75,"type":"Access Granted"}},
  {"_id":"cloudseer_badging_readers_stats_hourly/12275206","_key":"12275206","_rev":"_Wz1EV-q--9","activities":{"bucket":[{"a":0,"b":0,"c":0,"d":0,"e":0,"f":1}],"hour":21,"lane":"609-4-01 New Lane 2 Exit -CR","size":8,"type":"Access Granted"}},
  {"_id":"cloudseer_badging_readers_stats_hourly/12275600","_key":"12275600","_rev":"_Wz1EV-q-FH","activities":{"bucket":[{"a":0,"b":0,"c":1,"d":0,"e":0,"f":0}],"hour":9,"lane":"609-3-00 New Lane 1 Entry -CR","size":8,"type":"Denied, Badge Not in Panel"}},
  {"_id":"cloudseer_badging_readers_stats_hourly/12275114","_key":"12275114","_rev":"_Wz1EV-m--7","activities":{"bucket":[{"a":0,"b":0,"c":0,"d":1,"e":0,"f":0}],"hour":16,"lane":"609-3-01 New Lane 2 Entry -CR","size":149,"type":"Access Granted"}},
  {"_id":"cloudseer_badging_readers_stats_hourly/12275610","_key":"12275610","_rev":"_Wz1EV-q-FR","activities":{"bucket":[{"a":0,"b":0,"c":1,"d":0,"e":0,"f":0}],"hour":11,"lane":"610-3-00 East Entry Lane","size":1,"type":"Denied, Badge Not in Panel"}},
  {"_id":"cloudseer_badging_readers_stats_hourly/12275546","_key":"12275546","_rev":"_Wz1EV-q-ER","activities":{"bucket":[{"a":0,"b":0,"c":0,"d":1,"e":0,"f":0}],"hour":14,"lane":"613-4-00 SERVICE OUT -CR","size":60,"type":"Access Granted"}},
  {"_id":"cloudseer_badging_readers_stats_hourly/12275472","_key":"12275472","_rev":"_Wz1EV-q-DH","activities":{"bucket":[{"a":0,"b":0,"c":1,"d":0,"e":0,"f":0}],"hour":12,"lane":"613-1-01 BT TRNSTLE IN","size":148,"type":"Access Granted"}},
  {"_id":"cloudseer_badging_readers_stats_hourly/12275186","_key":"12275186","_rev":"_Wz1EV-q--p","activities":{"bucket":[{"a":0,"b":0,"c":1,"d":0,"e":0,"f":0}],"hour":11,"lane":"609-4-01 New Lane 2 Exit -CR","size":299,"type":"Access Granted"}},
  {"_id":"cloudseer_badging_readers_stats_hourly/12275126","_key":"12275126","_rev":"_Wz1EV-m-_H","activities":{"bucket":[{"a":0,"b":0,"c":0,"d":0,"e":0,"f":1}],"hour":22,"lane":"609-3-01 New Lane 2 Entry -CR","size":7,"type":"Access Granted"}},
  {"_id":"cloudseer_badging_readers_stats_hourly/12275074","_key":"12275074","_rev":"_Wz1EV-m--T","activities":{"bucket":[{"a":0,"b":0,"c":0,"d":1,"e":0,"f":0}],"hour":15,"lane":"609-3-00 New Lane 1 Entry -CR","size":129,"type":"Access Granted"}},
  {"_id":"cloudseer_badging_readers_stats_hourly/12275590","_key":"12275590","_rev":"_Wz1EV-q-E9","activities":{"bucket":[{"a":0,"b":0,"c":0,"d":0,"e":1,"f":0}],"hour":18,"lane":"613-4-01 SERVICE IN -CR","size":76,"type":"Access Granted"}},
  {"_id":"cloudseer_badging_readers_stats_hourly/12275258","_key":"12275258","_rev":"_Wz1EV-q-_x","activities":{"bucket":[{"a":0,"b":0,"c":0,"d":0,"e":1,"f":0}],"hour":19,"lane":"610-1-01 West Exit Lane","size":3,"type":"Access Granted"}},
  {"_id":"cloudseer_badging_readers_stats_hourly/12275130","_key":"12275130","_rev":"_Wz1EV-m-_L","activities":{"bucket":[{"a":1,"b":0,"c":0,"d":0,"e":0,"f":0}],"hour":0,"lane":"609-4-00 New Lane 1 Exit -CR","size":28,"type":"Access Granted"}},
  {"_id":"cloudseer_badging_readers_stats_hourly/12275540","_key":"12275540","_rev":"_Wz1EV-q-EL","activities":{"bucket":[{"a":0,"b":0,"c":1,"d":0,"e":0,"f":0}],"hour":11,"lane":"613-4-00 SERVICE OUT -CR","size":73,"type":"Access Granted"}},
  {"_id":"cloudseer_badging_readers_stats_hourly/12275496","_key":"12275496","_rev":"_Wz1EV-q-Df","activities":{"bucket":[{"a":0,"b":1,"c":0,"d":0,"e":0,"f":0}],"hour":7,"lane":"613-2-00 BT TRNSTLE OUT","size":4,"type":"Access Granted"}},
  {"_id":"cloudseer_badging_readers_stats_hourly/12275320","_key":"12275320","_rev":"_Wz1EV-q-Av","activities":{"bucket":[{"a":0,"b":0,"c":0,"d":1,"e":0,"f":0}],"hour":15,"lane":"610-2-01 Center Entry Lane","size":52,"type":"Access Granted"}},
  {"_id":"cloudseer_badging_readers_stats_hourly/12275242","_key":"12275242","_rev":"_Wz1EV-q-_h","activities":{"bucket":[{"a":0,"b":0,"c":1,"d":0,"e":0,"f":0}],"hour":11,"lane":"610-1-01 West Exit Lane","size":57,"type":"Access Granted"}},
  {"_id":"cloudseer_badging_readers_stats_hourly/12275552","_key":"12275552","_rev":"_Wz1EV-q-EX","activities":{"bucket":[{"a":0,"b":0,"c":0,"d":0,"e":1,"f":0}],"hour":17,"lane":"613-4-00 SERVICE OUT -CR","size":171,"type":"Access Granted"}},
  {"_id":"cloudseer_badging_readers_stats_hourly/12275602","_key":"12275602","_rev":"_Wz1EV-q-FJ","activities":{"bucket":[{"a":0,"b":0,"c":1,"d":0,"e":0,"f":0}],"hour":9,"lane":"609-3-01 New Lane 2 Entry -CR","size":10,"type":"Denied, Badge Not in Panel"}},
  {"_id":"cloudseer_badging_readers_stats_hourly/12275282","_key":"12275282","_rev":"_Wz1EV-q-AJ","activities":{"bucket":[{"a":0,"b":0,"c":0,"d":1,"e":0,"f":0}],"hour":14,"lane":"610-2-00 Center Exit Lane","size":184,"type":"Access Granted"}},
  {"_id":"cloudseer_badging_readers_stats_hourly/12275280","_key":"12275280","_rev":"_Wz1EV-q-AH","activities":{"bucket":[{"a":0,"b":0,"c":0,"d":1,"e":0,"f":0}],"hour":13,"lane":"610-2-00 Center Exit Lane","size":220,"type":"Access Granted"}},
  {"_id":"cloudseer_badging_readers_stats_hourly/12275286","_key":"12275286","_rev":"_Wz1EV-q-AN","activities":{"bucket":[{"a":0,"b":0,"c":0,"d":1,"e":0,"f":0}],"hour":16,"lane":"610-2-00 Center Exit Lane","size":443,"type":"Access Granted"}},
  {"_id":"cloudseer_badging_readers_stats_hourly/12275482","_key":"12275482","_rev":"_Wz1EV-q-DR","activities":{"bucket":[{"a":0,"b":0,"c":0,"d":0,"e":1,"f":0}],"hour":17,"lane":"613-1-01 BT TRNSTLE IN","size":10,"type":"Access Granted"}},
  {"_id":"cloudseer_badging_readers_stats_hourly/12275188","_key":"12275188","_rev":"_Wz1EV-q--r","activities":{"bucket":[{"a":0,"b":0,"c":1,"d":0,"e":0,"f":0}],"hour":12,"lane":"609-4-01 New Lane 2 Exit -CR","size":490,"type":"Access Granted"}},
  {"_id":"cloudseer_badging_readers_stats_hourly/12275162","_key":"12275162","_rev":"_Wz1EV-q--R","activities":{"bucket":[{"a":0,"b":0,"c":0,"d":0,"e":1,"f":0}],"hour":19,"lane":"609-4-00 New Lane 1 Exit -CR","size":80,"type":"Access Granted"}},
  {"_id":"cloudseer_badging_readers_stats_hourly/12275688","_key":"12275688","_rev":"_Wz1EV-q-Gf","activities":{"bucket":[{"a":0,"b":1,"c":0,"d":0,"e":0,"f":0}],"hour":7,"lane":"610-2-01 Center Entry Lane","size":4,"type":"Invalid Badge"}},
  {"_id":"cloudseer_badging_readers_stats_hourly/12275058","_key":"12275058","_rev":"_Wz1EV-m--D","activities":{"bucket":[{"a":0,"b":1,"c":0,"d":0,"e":0,"f":0}],"hour":7,"lane":"609-3-00 New Lane 1 Entry -CR","size":161,"type":"Access Granted"}},
  {"_id":"cloudseer_badging_readers_stats_hourly/12275628","_key":"12275628","_rev":"_Wz1EV-q-Fj","activities":{"bucket":[{"a":0,"b":0,"c":0,"d":0,"e":1,"f":0}],"hour":18,"lane":"609-3-01 New Lane 2 Entry -CR","size":2,"type":"Invalid Access Level"}},
  {"_id":"cloudseer_badging_readers_stats_hourly/12275668","_key":"12275668","_rev":"_Wz1EV-q-GL","activities":{"bucket":[{"a":0,"b":1,"c":0,"d":0,"e":0,"f":0}],"hour":8,"lane":"609-3-00 New Lane 1 Entry -CR","size":2,"type":"Invalid Badge"}},
  {"_id":"cloudseer_badging_readers_stats_hourly/12275502","_key":"12275502","_rev":"_Wz1EV-q-Dl","activities":{"bucket":[{"a":0,"b":0,"c":1,"d":0,"e":0,"f":0}],"hour":10,"lane":"613-2-00 BT TRNSTLE OUT","size":19,"type":"Access Granted"}},
  {"_id":"cloudseer_badging_readers_stats_hourly/12275052","_key":"12275052","_rev":"_Wz1EV-m--_","activities":{"bucket":[{"a":1,"b":0,"c":0,"d":0,"e":0,"f":0}],"hour":0,"lane":"609-3-00 New Lane 1 Entry -CR","size":3,"type":"Access Granted"}},
  {"_id":"cloudseer_badging_readers_stats_hourly/12275080","_key":"12275080","_rev":"_Wz1EV-m--Z","activities":{"bucket":[{"a":0,"b":0,"c":0,"d":0,"e":1,"f":0}],"hour":18,"lane":"609-3-00 New Lane 1 Entry -CR","size":12,"type":"Access Granted"}},
  {"_id":"cloudseer_badging_readers_stats_hourly/12275334","_key":"12275334","_rev":"_Wz1EV-q-A9","activities":{"bucket":[{"a":0,"b":1,"c":0,"d":0,"e":0,"f":0}],"hour":7,"lane":"610-3-00 East Entry Lane","size":452,"type":"Access Granted"}},
  {"_id":"cloudseer_badging_readers_stats_hourly/12275476","_key":"12275476","_rev":"_Wz1EV-q-DL","activities":{"bucket":[{"a":0,"b":0,"c":0,"d":1,"e":0,"f":0}],"hour":14,"lane":"613-1-01 BT TRNSTLE IN","size":67,"type":"Access Granted"}},
  {"_id":"cloudseer_badging_readers_stats_hourly/12275544","_key":"12275544","_rev":"_Wz1EV-q-EP","activities":{"bucket":[{"a":0,"b":0,"c":0,"d":1,"e":0,"f":0}],"hour":13,"lane":"613-4-00 SERVICE OUT -CR","size":39,"type":"Access Granted"}},
  {"_id":"cloudseer_badging_readers_stats_hourly/12275232","_key":"12275232","_rev":"_Wz1EV-q-_X","activities":{"bucket":[{"a":0,"b":0,"c":0,"d":0,"e":1,"f":0}],"hour":17,"lane":"610-1-00 West Entry Lane -CR","size":5,"type":"Access Granted"}},
  {"_id":"cloudseer_badging_readers_stats_hourly/12275178","_key":"12275178","_rev":"_Wz1EV-q--h","activities":{"bucket":[{"a":0,"b":1,"c":0,"d":0,"e":0,"f":0}],"hour":7,"lane":"609-4-01 New Lane 2 Exit -CR","size":12,"type":"Access Granted"}},
  {"_id":"cloudseer_badging_readers_stats_hourly/12275158","_key":"12275158","_rev":"_Wz1EV-q--N","activities":{"bucket":[{"a":0,"b":0,"c":0,"d":0,"e":1,"f":0}],"hour":17,"lane":"609-4-00 New Lane 1 Exit -CR","size":441,"type":"Access Granted"}},
  {"_id":"cloudseer_badging_readers_stats_hourly/12275420","_key":"12275420","_rev":"_Wz1EV-q-CT","activities":{"bucket":[{"a":0,"b":0,"c":0,"d":1,"e":0,"f":0}],"hour":15,"lane":"610-4-00 Handicap Entry Lane","size":9,"type":"Access Granted"}},
  {"_id":"cloudseer_badging_readers_stats_hourly/12275494","_key":"12275494","_rev":"_Wz1EV-q-Dd","activities":{"bucket":[{"a":1,"b":0,"c":0,"d":0,"e":0,"f":0}],"hour":0,"lane":"613-2-00 BT TRNSTLE OUT","size":1,"type":"Access Granted"}},
  {"_id":"cloudseer_badging_readers_stats_hourly/12275288","_key":"12275288","_rev":"_Wz1EV-q-AP","activities":{"bucket":[{"a":0,"b":0,"c":0,"d":0,"e":1,"f":0}],"hour":17,"lane":"610-2-00 Center Exit Lane","size":591,"type":"Access Granted"}},
  {"_id":"cloudseer_badging_readers_stats_hourly/12275208","_key":"12275208","_rev":"_Wz1EV-q-__","activities":{"bucket":[{"a":0,"b":0,"c":0,"d":0,"e":0,"f":1}],"hour":22,"lane":"609-4-01 New Lane 2 Exit -CR","size":3,"type":"Access Granted"}},
  {"_id":"cloudseer_badging_readers_stats_hourly/12275346","_key":"12275346","_rev":"_Wz1EV-q-BJ","activities":{"bucket":[{"a":0,"b":0,"c":0,"d":1,"e":0,"f":0}],"hour":13,"lane":"610-3-00 East Entry Lane","size":545,"type":"Access Granted"}},
  {"_id":"cloudseer_badging_readers_stats_hourly/12275478","_key":"12275478","_rev":"_Wz1EV-q-DN","activities":{"bucket":[{"a":0,"b":0,"c":0,"d":1,"e":0,"f":0}],"hour":15,"lane":"613-1-01 BT TRNSTLE IN","size":27,"type":"Access Granted"}},
  {"_id":"cloudseer_badging_readers_stats_hourly/12275508","_key":"12275508","_rev":"_Wz1EV-q-Dr","activities":{"bucket":[{"a":0,"b":0,"c":0,"d":1,"e":0,"f":0}],"hour":13,"lane":"613-2-00 BT TRNSTLE OUT","size":71,"type":"Access Granted"}},
  {"_id":"cloudseer_badging_readers_stats_hourly/12275634","_key":"12275634","_rev":"_Wz1EV-q-Fp","activities":{"bucket":[{"a":0,"b":1,"c":0,"d":0,"e":0,"f":0}],"hour":7,"lane":"610-3-00 East Entry Lane","size":1,"type":"Invalid Access Level"}},
  {"_id":"cloudseer_badging_readers_stats_hourly/12275352","_key":"12275352","_rev":"_Wz1EV-q-BP","activities":{"bucket":[{"a":0,"b":0,"c":0,"d":1,"e":0,"f":0}],"hour":16,"lane":"610-3-00 East Entry Lane","size":87,"type":"Access Granted"}},
  {"_id":"cloudseer_badging_readers_stats_hourly/12275512","_key":"12275512","_rev":"_Wz1EV-q-Dv","activities":{"bucket":[{"a":0,"b":0,"c":0,"d":1,"e":0,"f":0}],"hour":15,"lane":"613-2-00 BT TRNSTLE OUT","size":93,"type":"Access Granted"}},
  {"_id":"cloudseer_badging_readers_stats_hourly/12275164","_key":"12275164","_rev":"_Wz1EV-q--T","activities":{"bucket":[{"a":0,"b":0,"c":0,"d":0,"e":1,"f":0}],"hour":20,"lane":"609-4-00 New Lane 1 Exit -CR","size":13,"type":"Access Granted"}},
  {"_id":"cloudseer_badging_readers_stats_hourly/12275516","_key":"12275516","_rev":"_Wz1EV-q-Dz","activities":{"bucket":[{"a":0,"b":0,"c":0,"d":0,"e":1,"f":0}],"hour":17,"lane":"613-2-00 BT TRNSTLE OUT","size":417,"type":"Access Granted"}},
  {"_id":"cloudseer_badging_readers_stats_hourly/12275554","_key":"12275554","_rev":"_Wz1EV-q-EZ","activities":{"bucket":[{"a":0,"b":0,"c":0,"d":0,"e":1,"f":0}],"hour":18,"lane":"613-4-00 SERVICE OUT -CR","size":71,"type":"Access Granted"}},
  {"_id":"cloudseer_badging_readers_stats_hourly/12275400","_key":"12275400","_rev":"_Wz1EV-q-C_","activities":{"bucket":[{"a":0,"b":0,"c":0,"d":0,"e":0,"f":1}],"hour":23,"lane":"610-3-01 East Exit Lane","size":1,"type":"Access Granted"}},
  {"_id":"cloudseer_badging_readers_stats_hourly/12275650","_key":"12275650","_rev":"_Wz1EV-q-F5","activities":{"bucket":[{"a":0,"b":0,"c":0,"d":0,"e":1,"f":0}],"hour":20,"lane":"610-3-01 East Exit Lane","size":1,"type":"Invalid Access Level"}},
  {"_id":"cloudseer_badging_readers_stats_hourly/12275256","_key":"12275256","_rev":"_Wz1EV-q-_v","activities":{"bucket":[{"a":0,"b":0,"c":0,"d":0,"e":1,"f":0}],"hour":18,"lane":"610-1-01 West Exit Lane","size":16,"type":"Access Granted"}},
  {"_id":"cloudseer_badging_readers_stats_hourly/12275268","_key":"12275268","_rev":"_Wz1EV-q-_7","activities":{"bucket":[{"a":0,"b":1,"c":0,"d":0,"e":0,"f":0}],"hour":7,"lane":"610-2-00 Center Exit Lane","size":9,"type":"Access Granted"}},
  {"_id":"cloudseer_badging_readers_stats_hourly/12275514","_key":"12275514","_rev":"_Wz1EV-q-Dx","activities":{"bucket":[{"a":0,"b":0,"c":0,"d":1,"e":0,"f":0}],"hour":16,"lane":"613-2-00 BT TRNSTLE OUT","size":135,"type":"Access Granted"}},
  {"_id":"cloudseer_badging_readers_stats_hourly/12275248","_key":"12275248","_rev":"_Wz1EV-q-_n","activities":{"bucket":[{"a":0,"b":0,"c":0,"d":1,"e":0,"f":0}],"hour":14,"lane":"610-1-01 West Exit Lane","size":36,"type":"Access Granted"}},
  {"_id":"cloudseer_badging_readers_stats_hourly/12275140","_key":"12275140","_rev":"_Wz1EV-m-_V","activities":{"bucket":[{"a":0,"b":1,"c":0,"d":0,"e":0,"f":0}],"hour":8,"lane":"609-4-00 New Lane 1 Exit -CR","size":85,"type":"Access Granted"}},
  {"_id":"cloudseer_badging_readers_stats_hourly/12275234","_key":"12275234","_rev":"_Wz1EV-q-_Z","activities":{"bucket":[{"a":0,"b":0,"c":0,"d":0,"e":1,"f":0}],"hour":18,"lane":"610-1-00 West Entry Lane -CR","size":2,"type":"Access Granted"}},
  {"_id":"cloudseer_badging_readers_stats_hourly/12275120","_key":"12275120","_rev":"_Wz1EV-m-_B","activities":{"bucket":[{"a":0,"b":0,"c":0,"d":0,"e":1,"f":0}],"hour":19,"lane":"609-3-01 New Lane 2 Entry -CR","size":8,"type":"Access Granted"}},
  {"_id":"cloudseer_badging_readers_stats_hourly/12275132","_key":"12275132","_rev":"_Wz1EV-m-_N","activities":{"bucket":[{"a":1,"b":0,"c":0,"d":0,"e":0,"f":0}],"hour":1,"lane":"609-4-00 New Lane 1 Exit -CR","size":2,"type":"Access Granted"}},
  {"_id":"cloudseer_badging_readers_stats_hourly/12275390","_key":"12275390","_rev":"_Wz1EV-q-B1","activities":{"bucket":[{"a":0,"b":0,"c":0,"d":0,"e":1,"f":0}],"hour":18,"lane":"610-3-01 East Exit Lane","size":150,"type":"Access Granted"}},
  {"_id":"cloudseer_badging_readers_stats_hourly/12275504","_key":"12275504","_rev":"_Wz1EV-q-Dn","activities":{"bucket":[{"a":0,"b":0,"c":1,"d":0,"e":0,"f":0}],"hour":11,"lane":"613-2-00 BT TRNSTLE OUT","size":145,"type":"Access Granted"}},
  {"_id":"cloudseer_badging_readers_stats_hourly/12275644","_key":"12275644","_rev":"_Wz1EV-q-Fz","activities":{"bucket":[{"a":0,"b":0,"c":0,"d":0,"e":1,"f":0}],"hour":17,"lane":"610-3-00 East Entry Lane","size":2,"type":"Invalid Access Level"}},
  {"_id":"cloudseer_badging_readers_stats_hourly/12275434","_key":"12275434","_rev":"_Wz1EV-q-Ch","activities":{"bucket":[{"a":0,"b":1,"c":0,"d":0,"e":0,"f":0}],"hour":8,"lane":"610-4-01 Handicap Exit Lane","size":6,"type":"Access Granted"}},
  {"_id":"cloudseer_badging_readers_stats_hourly/12275134","_key":"12275134","_rev":"_Wz1EV-m-_P","activities":{"bucket":[{"a":1,"b":0,"c":0,"d":0,"e":0,"f":0}],"hour":3,"lane":"609-4-00 New Lane 1 Exit -CR","size":1,"type":"Access Granted"}},
  {"_id":"cloudseer_badging_readers_stats_hourly/12275078","_key":"12275078","_rev":"_Wz1EV-m--X","activities":{"bucket":[{"a":0,"b":0,"c":0,"d":0,"e":1,"f":0}],"hour":17,"lane":"609-3-00 New Lane 1 Entry -CR","size":59,"type":"Access Granted"}},
  {"_id":"cloudseer_badging_readers_stats_hourly/12275146","_key":"12275146","_rev":"_Wz1EV-q--B","activities":{"bucket":[{"a":0,"b":0,"c":1,"d":0,"e":0,"f":0}],"hour":11,"lane":"609-4-00 New Lane 1 Exit -CR","size":310,"type":"Access Granted"}},
  {"_id":"cloudseer_badging_readers_stats_hourly/12275154","_key":"12275154","_rev":"_Wz1EV-q--J","activities":{"bucket":[{"a":0,"b":0,"c":0,"d":1,"e":0,"f":0}],"hour":15,"lane":"609-4-00 New Lane 1 Exit -CR","size":192,"type":"Access Granted"}},
  {"_id":"cloudseer_badging_readers_stats_hourly/12275394","_key":"12275394","_rev":"_Wz1EV-q-B5","activities":{"bucket":[{"a":0,"b":0,"c":0,"d":0,"e":1,"f":0}],"hour":20,"lane":"610-3-01 East Exit Lane","size":9,"type":"Access Granted"}},
  {"_id":"cloudseer_badging_readers_stats_hourly/12275448","_key":"12275448","_rev":"_Wz1EV-q-Cv","activities":{"bucket":[{"a":0,"b":0,"c":0,"d":1,"e":0,"f":0}],"hour":15,"lane":"610-4-01 Handicap Exit Lane","size":27,"type":"Access Granted"}},
  {"_id":"cloudseer_badging_readers_stats_hourly/12275550","_key":"12275550","_rev":"_Wz1EV-q-EV","activities":{"bucket":[{"a":0,"b":0,"c":0,"d":1,"e":0,"f":0}],"hour":16,"lane":"613-4-00 SERVICE OUT -CR","size":155,"type":"Access Granted"}},
  {"_id":"cloudseer_badging_readers_stats_hourly/12275174","_key":"12275174","_rev":"_Wz1EV-q--d","activities":{"bucket":[{"a":1,"b":0,"c":0,"d":0,"e":0,"f":0}],"hour":4,"lane":"609-4-01 New Lane 2 Exit -CR","size":1,"type":"Access Granted"}},
  {"_id":"cloudseer_badging_readers_stats_hourly/12275190","_key":"12275190","_rev":"_Wz1EV-q--t","activities":{"bucket":[{"a":0,"b":0,"c":0,"d":1,"e":0,"f":0}],"hour":13,"lane":"609-4-01 New Lane 2 Exit -CR","size":280,"type":"Access Granted"}},
  {"_id":"cloudseer_badging_readers_stats_hourly/12275372","_key":"12275372","_rev":"_Wz1EV-q-Bj","activities":{"bucket":[{"a":0,"b":0,"c":1,"d":0,"e":0,"f":0}],"hour":9,"lane":"610-3-01 East Exit Lane","size":67,"type":"Access Granted"}},
  {"_id":"cloudseer_badging_readers_stats_hourly/12275500","_key":"12275500","_rev":"_Wz1EV-q-Dj","activities":{"bucket":[{"a":0,"b":0,"c":1,"d":0,"e":0,"f":0}],"hour":9,"lane":"613-2-00 BT TRNSTLE OUT","size":17,"type":"Access Granted"}},
  {"_id":"cloudseer_badging_readers_stats_hourly/12275498","_key":"12275498","_rev":"_Wz1EV-q-Dh","activities":{"bucket":[{"a":0,"b":1,"c":0,"d":0,"e":0,"f":0}],"hour":8,"lane":"613-2-00 BT TRNSTLE OUT","size":18,"type":"Access Granted"}},
  {"_id":"cloudseer_badging_readers_stats_hourly/12275292","_key":"12275292","_rev":"_Wz1EV-q-AT","activities":{"bucket":[{"a":0,"b":0,"c":0,"d":0,"e":1,"f":0}],"hour":19,"lane":"610-2-00 Center Exit Lane","size":40,"type":"Access Granted"}},
  {"_id":"cloudseer_badging_readers_stats_hourly/12275246","_key":"12275246","_rev":"_Wz1EV-q-_l","activities":{"bucket":[{"a":0,"b":0,"c":0,"d":1,"e":0,"f":0}],"hour":13,"lane":"610-1-01 West Exit Lane","size":54,"type":"Access Granted"}},
  {"_id":"cloudseer_badging_readers_stats_hourly/12275270","_key":"12275270","_rev":"_Wz1EV-q-_9","activities":{"bucket":[{"a":0,"b":1,"c":0,"d":0,"e":0,"f":0}],"hour":8,"lane":"610-2-00 Center Exit Lane","size":58,"type":"Access Granted"}},
  {"_id":"cloudseer_badging_readers_stats_hourly/12275202","_key":"12275202","_rev":"_Wz1EV-q--5","activities":{"bucket":[{"a":0,"b":0,"c":0,"d":0,"e":1,"f":0}],"hour":19,"lane":"609-4-01 New Lane 2 Exit -CR","size":94,"type":"Access Granted"}},
  {"_id":"cloudseer_badging_readers_stats_hourly/12275640","_key":"12275640","_rev":"_Wz1EV-q-Fv","activities":{"bucket":[{"a":0,"b":0,"c":1,"d":0,"e":0,"f":0}],"hour":12,"lane":"610-3-00 East Entry Lane","size":2,"type":"Invalid Access Level"}},
  {"_id":"cloudseer_badging_readers_stats_hourly/12275330","_key":"12275330","_rev":"_Wz1EV-q-A5","activities":{"bucket":[{"a":0,"b":0,"c":0,"d":0,"e":0,"f":1}],"hour":21,"lane":"610-2-01 Center Entry Lane","size":2,"type":"Access Granted"}},
  {"_id":"cloudseer_badging_readers_stats_hourly/12275260","_key":"12275260","_rev":"_Wz1EV-q-_z","activities":{"bucket":[{"a":0,"b":0,"c":0,"d":0,"e":1,"f":0}],"hour":20,"lane":"610-1-01 West Exit Lane","size":1,"type":"Access Granted"}},
  {"_id":"cloudseer_badging_readers_stats_hourly/12275328","_key":"12275328","_rev":"_Wz1EV-q-A3","activities":{"bucket":[{"a":0,"b":0,"c":0,"d":0,"e":1,"f":0}],"hour":20,"lane":"610-2-01 Center Entry Lane","size":2,"type":"Access Granted"}},
  {"_id":"cloudseer_badging_readers_stats_hourly/12275662","_key":"12275662","_rev":"_Wz1EV-q-GF","activities":{"bucket":[{"a":0,"b":0,"c":0,"d":0,"e":1,"f":0}],"hour":17,"lane":"610-4-00 Handicap Entry Lane","size":8,"type":"Invalid Access Level"}},
  {"_id":"cloudseer_badging_readers_stats_hourly/12275684","_key":"12275684","_rev":"_Wz1EV-q-Gb","activities":{"bucket":[{"a":0,"b":0,"c":1,"d":0,"e":0,"f":0}],"hour":12,"lane":"610-1-01 West Exit Lane","size":2,"type":"Invalid Badge"}},
  {"_id":"cloudseer_badging_readers_stats_hourly/12275358","_key":"12275358","_rev":"_Wz1EV-q-BV","activities":{"bucket":[{"a":0,"b":0,"c":0,"d":0,"e":1,"f":0}],"hour":19,"lane":"610-3-00 East Entry Lane","size":11,"type":"Access Granted"}},
  {"_id":"cloudseer_badging_readers_stats_hourly/12275392","_key":"12275392","_rev":"_Wz1EV-q-B3","activities":{"bucket":[{"a":0,"b":0,"c":0,"d":0,"e":1,"f":0}],"hour":19,"lane":"610-3-01 East Exit Lane","size":42,"type":"Access Granted"}},
  {"_id":"cloudseer_badging_readers_stats_hourly/12275264","_key":"12275264","_rev":"_Wz1EV-q-_3","activities":{"bucket":[{"a":1,"b":0,"c":0,"d":0,"e":0,"f":0}],"hour":0,"lane":"610-2-00 Center Exit Lane","size":1,"type":"Access Granted"}},
  {"_id":"cloudseer_badging_readers_stats_hourly/12275518","_key":"12275518","_rev":"_Wz1EV-q-D1","activities":{"bucket":[{"a":0,"b":0,"c":0,"d":0,"e":1,"f":0}],"hour":18,"lane":"613-2-00 BT TRNSTLE OUT","size":237,"type":"Access Granted"}},
  {"_id":"cloudseer_badging_readers_stats_hourly/12275404","_key":"12275404","_rev":"_Wz1EV-q-CD","activities":{"bucket":[{"a":0,"b":1,"c":0,"d":0,"e":0,"f":0}],"hour":7,"lane":"610-4-00 Handicap Entry Lane","size":6,"type":"Access Granted"}},
  {"_id":"cloudseer_badging_readers_stats_hourly/12275272","_key":"12275272","_rev":"_Wz1EV-q-A_","activities":{"bucket":[{"a":0,"b":0,"c":1,"d":0,"e":0,"f":0}],"hour":9,"lane":"610-2-00 Center Exit Lane","size":96,"type":"Access Granted"}},
  {"_id":"cloudseer_badging_readers_stats_hourly/12275450","_key":"12275450","_rev":"_Wz1EV-q-Cx","activities":{"bucket":[{"a":0,"b":0,"c":0,"d":1,"e":0,"f":0}],"hour":16,"lane":"610-4-01 Handicap Exit Lane","size":28,"type":"Access Granted"}},
  {"_id":"cloudseer_badging_readers_stats_hourly/12275720","_key":"12275720","_rev":"_Wz1EV-q-H_","activities":{"bucket":[{"a":0,"b":0,"c":1,"d":0,"e":0,"f":0}],"hour":12,"lane":"610-4-01 Handicap Exit Lane","size":2,"type":"Invalid Badge"}},
  {"_id":"cloudseer_badging_readers_stats_hourly/12275326","_key":"12275326","_rev":"_Wz1EV-q-A1","activities":{"bucket":[{"a":0,"b":0,"c":0,"d":0,"e":1,"f":0}],"hour":18,"lane":"610-2-01 Center Entry Lane","size":2,"type":"Access Granted"}},
  {"_id":"cloudseer_badging_readers_stats_hourly/12275066","_key":"12275066","_rev":"_Wz1EV-m--L","activities":{"bucket":[{"a":0,"b":0,"c":1,"d":0,"e":0,"f":0}],"hour":11,"lane":"609-3-00 New Lane 1 Entry -CR","size":123,"type":"Access Granted"}},
  {"_id":"cloudseer_badging_readers_stats_hourly/12275616","_key":"12275616","_rev":"_Wz1EV-q-FX","activities":{"bucket":[{"a":0,"b":0,"c":1,"d":0,"e":0,"f":0}],"hour":12,"lane":"613-4-00 SERVICE OUT -CR","size":1,"type":"Denied, Badge Not in Panel"}},
  {"_id":"cloudseer_badging_readers_stats_hourly/12275222","_key":"12275222","_rev":"_Wz1EV-q-_N","activities":{"bucket":[{"a":0,"b":0,"c":1,"d":0,"e":0,"f":0}],"hour":12,"lane":"610-1-00 West Entry Lane -CR","size":25,"type":"Access Granted"}},
  {"_id":"cloudseer_badging_readers_stats_hourly/12275370","_key":"12275370","_rev":"_Wz1EV-q-Bh","activities":{"bucket":[{"a":0,"b":1,"c":0,"d":0,"e":0,"f":0}],"hour":8,"lane":"610-3-01 East Exit Lane","size":39,"type":"Access Granted"}},
  {"_id":"cloudseer_badging_readers_stats_hourly/12275568","_key":"12275568","_rev":"_Wz1EV-q-En","activities":{"bucket":[{"a":0,"b":1,"c":0,"d":0,"e":0,"f":0}],"hour":7,"lane":"613-4-01 SERVICE IN -CR","size":126,"type":"Access Granted"}},
  {"_id":"cloudseer_badging_readers_stats_hourly/12275444","_key":"12275444","_rev":"_Wz1EV-q-Cr","activities":{"bucket":[{"a":0,"b":0,"c":0,"d":1,"e":0,"f":0}],"hour":13,"lane":"610-4-01 Handicap Exit Lane","size":19,"type":"Access Granted"}},
  {"_id":"cloudseer_badging_readers_stats_hourly/12275506","_key":"12275506","_rev":"_Wz1EV-q-Dp","activities":{"bucket":[{"a":0,"b":0,"c":1,"d":0,"e":0,"f":0}],"hour":12,"lane":"613-2-00 BT TRNSTLE OUT","size":272,"type":"Access Granted"}},
  {"_id":"cloudseer_badging_readers_stats_hourly/12275304","_key":"12275304","_rev":"_Wz1EV-q-Af","activities":{"bucket":[{"a":0,"b":1,"c":0,"d":0,"e":0,"f":0}],"hour":7,"lane":"610-2-01 Center Entry Lane","size":73,"type":"Access Granted"}},
  {"_id":"cloudseer_badging_readers_stats_hourly/12275338","_key":"12275338","_rev":"_Wz1EV-q-BB","activities":{"bucket":[{"a":0,"b":0,"c":1,"d":0,"e":0,"f":0}],"hour":9,"lane":"610-3-00 East Entry Lane","size":522,"type":"Access Granted"}},
  {"_id":"cloudseer_badging_readers_stats_hourly/12275176","_key":"12275176","_rev":"_Wz1EV-q--f","activities":{"bucket":[{"a":0,"b":1,"c":0,"d":0,"e":0,"f":0}],"hour":6,"lane":"609-4-01 New Lane 2 Exit -CR","size":1,"type":"Access Granted"}},
  {"_id":"cloudseer_badging_readers_stats_hourly/12275416","_key":"12275416","_rev":"_Wz1EV-q-CP","activities":{"bucket":[{"a":0,"b":0,"c":0,"d":1,"e":0,"f":0}],"hour":13,"lane":"610-4-00 Handicap Entry Lane","size":10,"type":"Access Granted"}},
  {"_id":"cloudseer_badging_readers_stats_hourly/12275228","_key":"12275228","_rev":"_Wz1EV-q-_T","activities":{"bucket":[{"a":0,"b":0,"c":0,"d":1,"e":0,"f":0}],"hour":15,"lane":"610-1-00 West Entry Lane -CR","size":15,"type":"Access Granted"}},
  {"_id":"cloudseer_badging_readers_stats_hourly/12275332","_key":"12275332","_rev":"_Wz1EV-q-A7","activities":{"bucket":[{"a":0,"b":1,"c":0,"d":0,"e":0,"f":0}],"hour":6,"lane":"610-3-00 East Entry Lane","size":49,"type":"Access Granted"}},
  {"_id":"cloudseer_badging_readers_stats_hourly/12275694","_key":"12275694","_rev":"_Wz1EV-q-Gl","activities":{"bucket":[{"a":0,"b":1,"c":0,"d":0,"e":0,"f":0}],"hour":7,"lane":"610-3-00 East Entry Lane","size":6,"type":"Invalid Badge"}},
  {"_id":"cloudseer_badging_readers_stats_hourly/12275558","_key":"12275558","_rev":"_Wz1EV-q-Ed","activities":{"bucket":[{"a":0,"b":0,"c":0,"d":0,"e":1,"f":0}],"hour":20,"lane":"613-4-00 SERVICE OUT -CR","size":44,"type":"Access Granted"}},
  {"_id":"cloudseer_badging_readers_stats_hourly/12275586","_key":"12275586","_rev":"_Wz1EV-q-E5","activities":{"bucket":[{"a":0,"b":0,"c":0,"d":1,"e":0,"f":0}],"hour":16,"lane":"613-4-01 SERVICE IN -CR","size":55,"type":"Access Granted"}},
  {"_id":"cloudseer_badging_readers_stats_hourly/12275230","_key":"12275230","_rev":"_Wz1EV-q-_V","activities":{"bucket":[{"a":0,"b":0,"c":0,"d":1,"e":0,"f":0}],"hour":16,"lane":"610-1-00 West Entry Lane -CR","size":3,"type":"Access Granted"}},
  {"_id":"cloudseer_badging_readers_stats_hourly/12275116","_key":"12275116","_rev":"_Wz1EV-m--9","activities":{"bucket":[{"a":0,"b":0,"c":0,"d":0,"e":1,"f":0}],"hour":17,"lane":"609-3-01 New Lane 2 Entry -CR","size":84,"type":"Access Granted"}},
  {"_id":"cloudseer_badging_readers_stats_hourly/12275418","_key":"12275418","_rev":"_Wz1EV-q-CR","activities":{"bucket":[{"a":0,"b":0,"c":0,"d":1,"e":0,"f":0}],"hour":14,"lane":"610-4-00 Handicap Entry Lane","size":8,"type":"Access Granted"}},
  {"_id":"cloudseer_badging_readers_stats_hourly/12275436","_key":"12275436","_rev":"_Wz1EV-q-Cj","activities":{"bucket":[{"a":0,"b":0,"c":1,"d":0,"e":0,"f":0}],"hour":9,"lane":"610-4-01 Handicap Exit Lane","size":9,"type":"Access Granted"}},
  {"_id":"cloudseer_badging_readers_stats_hourly/12275674","_key":"12275674","_rev":"_Wz1EV-q-GR","activities":{"bucket":[{"a":0,"b":0,"c":0,"d":1,"e":0,"f":0}],"hour":13,"lane":"609-4-00 New Lane 1 Exit -CR","size":2,"type":"Invalid Badge"}},
  {"_id":"cloudseer_badging_readers_stats_hourly/12275588","_key":"12275588","_rev":"_Wz1EV-q-E7","activities":{"bucket":[{"a":0,"b":0,"c":0,"d":0,"e":1,"f":0}],"hour":17,"lane":"613-4-01 SERVICE IN -CR","size":94,"type":"Access Granted"}},
  {"_id":"cloudseer_badging_readers_stats_hourly/12275528","_key":"12275528","_rev":"_Wz1EV-q-E_","activities":{"bucket":[{"a":1,"b":0,"c":0,"d":0,"e":0,"f":0}],"hour":0,"lane":"613-4-00 SERVICE OUT -CR","size":1,"type":"Access Granted"}},
  {"_id":"cloudseer_badging_readers_stats_hourly/12275624","_key":"12275624","_rev":"_Wz1EV-q-Ff","activities":{"bucket":[{"a":0,"b":0,"c":0,"d":0,"e":1,"f":0}],"hour":18,"lane":"609-3-00 New Lane 1 Entry -CR","size":10,"type":"Invalid Access Level"}},
  {"_id":"cloudseer_badging_readers_stats_hourly/12275086","_key":"12275086","_rev":"_Wz1EV-m--f","activities":{"bucket":[{"a":0,"b":0,"c":0,"d":0,"e":0,"f":1}],"hour":23,"lane":"609-3-00 New Lane 1 Entry -CR","size":21,"type":"Access Granted"}},
  {"_id":"cloudseer_badging_readers_stats_hourly/12275666","_key":"12275666","_rev":"_Wz1EV-q-GJ","activities":{"bucket":[{"a":0,"b":0,"c":0,"d":0,"e":1,"f":0}],"hour":20,"lane":"610-4-01 Handicap Exit Lane","size":1,"type":"Invalid Access Level"}},
  {"_id":"cloudseer_badging_readers_stats_hourly/12275262","_key":"12275262","_rev":"_Wz1EV-q-_1","activities":{"bucket":[{"a":0,"b":0,"c":0,"d":0,"e":0,"f":1}],"hour":21,"lane":"610-1-01 West Exit Lane","size":1,"type":"Access Granted"}},
  {"_id":"cloudseer_badging_readers_stats_hourly/12275350","_key":"12275350","_rev":"_Wz1EV-q-BN","activities":{"bucket":[{"a":0,"b":0,"c":0,"d":1,"e":0,"f":0}],"hour":15,"lane":"610-3-00 East Entry Lane","size":154,"type":"Access Granted"}},
  {"_id":"cloudseer_badging_readers_stats_hourly/12275290","_key":"12275290","_rev":"_Wz1EV-q-AR","activities":{"bucket":[{"a":0,"b":0,"c":0,"d":0,"e":1,"f":0}],"hour":18,"lane":"610-2-00 Center Exit Lane","size":166,"type":"Access Granted"}},
  {"_id":"cloudseer_badging_readers_stats_hourly/12275432","_key":"12275432","_rev":"_Wz1EV-q-Cf","activities":{"bucket":[{"a":0,"b":1,"c":0,"d":0,"e":0,"f":0}],"hour":7,"lane":"610-4-01 Handicap Exit Lane","size":8,"type":"Access Granted"}},
  {"_id":"cloudseer_badging_readers_stats_hourly/12275096","_key":"12275096","_rev":"_Wz1EV-m--p","activities":{"bucket":[{"a":0,"b":1,"c":0,"d":0,"e":0,"f":0}],"hour":7,"lane":"609-3-01 New Lane 2 Entry -CR","size":282,"type":"Access Granted"}},
  {"_id":"cloudseer_badging_readers_stats_hourly/12275678","_key":"12275678","_rev":"_Wz1EV-q-GV","activities":{"bucket":[{"a":0,"b":0,"c":0,"d":1,"e":0,"f":0}],"hour":13,"lane":"609-4-01 New Lane 2 Exit -CR","size":2,"type":"Invalid Badge"}},
  {"_id":"cloudseer_badging_readers_stats_hourly/12275168","_key":"12275168","_rev":"_Wz1EV-q--X","activities":{"bucket":[{"a":0,"b":0,"c":0,"d":0,"e":0,"f":1}],"hour":22,"lane":"609-4-00 New Lane 1 Exit -CR","size":6,"type":"Access Granted"}},
  {"_id":"cloudseer_badging_readers_stats_hourly/12275382","_key":"12275382","_rev":"_Wz1EV-q-Bt","activities":{"bucket":[{"a":0,"b":0,"c":0,"d":1,"e":0,"f":0}],"hour":14,"lane":"610-3-01 East Exit Lane","size":145,"type":"Access Granted"}},
  {"_id":"cloudseer_badging_readers_stats_hourly/12275520","_key":"12275520","_rev":"_Wz1EV-q-D3","activities":{"bucket":[{"a":0,"b":0,"c":0,"d":0,"e":1,"f":0}],"hour":19,"lane":"613-2-00 BT TRNSTLE OUT","size":78,"type":"Access Granted"}},
  {"_id":"cloudseer_badging_readers_stats_hourly/12275412","_key":"12275412","_rev":"_Wz1EV-q-CL","activities":{"bucket":[{"a":0,"b":0,"c":1,"d":0,"e":0,"f":0}],"hour":11,"lane":"610-4-00 Handicap Entry Lane","size":3,"type":"Access Granted"}},
  {"_id":"cloudseer_badging_readers_stats_hourly/12275562","_key":"12275562","_rev":"_Wz1EV-q-Eh","activities":{"bucket":[{"a":0,"b":0,"c":0,"d":0,"e":0,"f":1}],"hour":22,"lane":"613-4-00 SERVICE OUT -CR","size":10,"type":"Access Granted"}},
  {"_id":"cloudseer_badging_readers_stats_hourly/12275714","_key":"12275714","_rev":"_Wz1EV-q-G5","activities":{"bucket":[{"a":0,"b":0,"c":0,"d":1,"e":0,"f":0}],"hour":13,"lane":"610-3-01 East Exit Lane","size":1,"type":"Invalid Badge"}},
  {"_id":"cloudseer_badging_readers_stats_hourly/12275716","_key":"12275716","_rev":"_Wz1EV-q-G7","activities":{"bucket":[{"a":0,"b":0,"c":0,"d":0,"e":1,"f":0}],"hour":19,"lane":"610-3-01 East Exit Lane","size":2,"type":"Invalid Badge"}},
  {"_id":"cloudseer_badging_readers_stats_hourly/12275088","_key":"12275088","_rev":"_Wz1EV-m--h","activities":{"bucket":[{"a":1,"b":0,"c":0,"d":0,"e":0,"f":0}],"hour":0,"lane":"609-3-01 New Lane 2 Entry -CR","size":12,"type":"Access Granted"}},
  {"_id":"cloudseer_badging_readers_stats_hourly/12275266","_key":"12275266","_rev":"_Wz1EV-q-_5","activities":{"bucket":[{"a":0,"b":1,"c":0,"d":0,"e":0,"f":0}],"hour":6,"lane":"610-2-00 Center Exit Lane","size":3,"type":"Access Granted"}},
  {"_id":"cloudseer_badging_readers_stats_hourly/12275172","_key":"12275172","_rev":"_Wz1EV-q--b","activities":{"bucket":[{"a":1,"b":0,"c":0,"d":0,"e":0,"f":0}],"hour":0,"lane":"609-4-01 New Lane 2 Exit -CR","size":24,"type":"Access Granted"}},
  {"_id":"cloudseer_badging_readers_stats_hourly/12275452","_key":"12275452","_rev":"_Wz1EV-q-Cz","activities":{"bucket":[{"a":0,"b":0,"c":0,"d":0,"e":1,"f":0}],"hour":17,"lane":"610-4-01 Handicap Exit Lane","size":30,"type":"Access Granted"}},
  {"_id":"cloudseer_badging_readers_stats_hourly/12275142","_key":"12275142","_rev":"_Wz1EV-m-_X","activities":{"bucket":[{"a":0,"b":0,"c":1,"d":0,"e":0,"f":0}],"hour":9,"lane":"609-4-00 New Lane 1 Exit -CR","size":136,"type":"Access Granted"}},
  {"_id":"cloudseer_badging_readers_stats_hourly/12275428","_key":"12275428","_rev":"_Wz1EV-q-Cb","activities":{"bucket":[{"a":0,"b":0,"c":0,"d":0,"e":1,"f":0}],"hour":19,"lane":"610-4-00 Handicap Entry Lane","size":2,"type":"Access Granted"}},
  {"_id":"cloudseer_badging_readers_stats_hourly/12275388","_key":"12275388","_rev":"_Wz1EV-q-Bz","activities":{"bucket":[{"a":0,"b":0,"c":0,"d":0,"e":1,"f":0}],"hour":17,"lane":"610-3-01 East Exit Lane","size":580,"type":"Access Granted"}},
  {"_id":"cloudseer_badging_readers_stats_hourly/12275384","_key":"12275384","_rev":"_Wz1EV-q-Bv","activities":{"bucket":[{"a":0,"b":0,"c":0,"d":1,"e":0,"f":0}],"hour":15,"lane":"610-3-01 East Exit Lane","size":170,"type":"Access Granted"}},
  {"_id":"cloudseer_badging_readers_stats_hourly/12275210","_key":"12275210","_rev":"_Wz1EV-q-_B","activities":{"bucket":[{"a":0,"b":0,"c":0,"d":0,"e":0,"f":1}],"hour":23,"lane":"609-4-01 New Lane 2 Exit -CR","size":1,"type":"Access Granted"}},
  {"_id":"cloudseer_badging_readers_stats_hourly/12275068","_key":"12275068","_rev":"_Wz1EV-m--N","activities":{"bucket":[{"a":0,"b":0,"c":1,"d":0,"e":0,"f":0}],"hour":12,"lane":"609-3-00 New Lane 1 Entry -CR","size":174,"type":"Access Granted"}},
  {"_id":"cloudseer_badging_readers_stats_hourly/12275596","_key":"12275596","_rev":"_Wz1EV-q-FD","activities":{"bucket":[{"a":0,"b":0,"c":0,"d":0,"e":0,"f":1}],"hour":21,"lane":"613-4-01 SERVICE IN -CR","size":19,"type":"Access Granted"}},
  {"_id":"cloudseer_badging_readers_stats_hourly/12275112","_key":"12275112","_rev":"_Wz1EV-m--5","activities":{"bucket":[{"a":0,"b":0,"c":0,"d":1,"e":0,"f":0}],"hour":15,"lane":"609-3-01 New Lane 2 Entry -CR","size":264,"type":"Access Granted"}},
  {"_id":"cloudseer_badging_readers_stats_hourly/12275090","_key":"12275090","_rev":"_Wz1EV-m--j","activities":{"bucket":[{"a":1,"b":0,"c":0,"d":0,"e":0,"f":0}],"hour":3,"lane":"609-3-01 New Lane 2 Entry -CR","size":1,"type":"Access Granted"}},
  {"_id":"cloudseer_badging_readers_stats_hourly/12275308","_key":"12275308","_rev":"_Wz1EV-q-Aj","activities":{"bucket":[{"a":0,"b":0,"c":1,"d":0,"e":0,"f":0}],"hour":9,"lane":"610-2-01 Center Entry Lane","size":156,"type":"Access Granted"}},
  {"_id":"cloudseer_badging_readers_stats_hourly/12275056","_key":"12275056","_rev":"_Wz1EV-m--B","activities":{"bucket":[{"a":0,"b":1,"c":0,"d":0,"e":0,"f":0}],"hour":6,"lane":"609-3-00 New Lane 1 Entry -CR","size":6,"type":"Access Granted"}},
  {"_id":"cloudseer_badging_readers_stats_hourly/12275138","_key":"12275138","_rev":"_Wz1EV-m-_T","activities":{"bucket":[{"a":0,"b":1,"c":0,"d":0,"e":0,"f":0}],"hour":7,"lane":"609-4-00 New Lane 1 Exit -CR","size":20,"type":"Access Granted"}},
  {"_id":"cloudseer_badging_readers_stats_hourly/12275686","_key":"12275686","_rev":"_Wz1EV-q-Gd","activities":{"bucket":[{"a":0,"b":0,"c":0,"d":1,"e":0,"f":0}],"hour":16,"lane":"610-2-00 Center Exit Lane","size":3,"type":"Invalid Badge"}},
  {"_id":"cloudseer_badging_readers_stats_hourly/12275718","_key":"12275718","_rev":"_Wz1EV-q-G9","activities":{"bucket":[{"a":0,"b":0,"c":0,"d":1,"e":0,"f":0}],"hour":15,"lane":"610-4-00 Handicap Entry Lane","size":1,"type":"Invalid Badge"}},
  {"_id":"cloudseer_badging_readers_stats_hourly/12275148","_key":"12275148","_rev":"_Wz1EV-q--D","activities":{"bucket":[{"a":0,"b":0,"c":1,"d":0,"e":0,"f":0}],"hour":12,"lane":"609-4-00 New Lane 1 Exit -CR","size":433,"type":"Access Granted"}},
  {"_id":"cloudseer_badging_readers_stats_hourly/12275680","_key":"12275680","_rev":"_Wz1EV-q-GX","activities":{"bucket":[{"a":0,"b":0,"c":0,"d":0,"e":1,"f":0}],"hour":20,"lane":"609-4-01 New Lane 2 Exit -CR","size":2,"type":"Invalid Badge"}},
  {"_id":"cloudseer_badging_readers_stats_hourly/12275712","_key":"12275712","_rev":"_Wz1EV-q-G3","activities":{"bucket":[{"a":0,"b":0,"c":1,"d":0,"e":0,"f":0}],"hour":12,"lane":"610-3-01 East Exit Lane","size":1,"type":"Invalid Badge"}},
  {"_id":"cloudseer_badging_readers_stats_hourly/12275192","_key":"12275192","_rev":"_Wz1EV-q--v","activities":{"bucket":[{"a":0,"b":0,"c":0,"d":1,"e":0,"f":0}],"hour":14,"lane":"609-4-01 New Lane 2 Exit -CR","size":249,"type":"Access Granted"}},
  {"_id":"cloudseer_badging_readers_stats_hourly/12275480","_key":"12275480","_rev":"_Wz1EV-q-DP","activities":{"bucket":[{"a":0,"b":0,"c":0,"d":1,"e":0,"f":0}],"hour":16,"lane":"613-1-01 BT TRNSTLE IN","size":13,"type":"Access Granted"}},
  {"_id":"cloudseer_badging_readers_stats_hourly/12275364","_key":"12275364","_rev":"_Wz1EV-q-Bb","activities":{"bucket":[{"a":0,"b":0,"c":0,"d":0,"e":0,"f":1}],"hour":22,"lane":"610-3-00 East Entry Lane","size":1,"type":"Access Granted"}},
  {"_id":"cloudseer_badging_readers_stats_hourly/12275648","_key":"12275648","_rev":"_Wz1EV-q-F3","activities":{"bucket":[{"a":0,"b":0,"c":1,"d":0,"e":0,"f":0}],"hour":11,"lane":"610-3-01 East Exit Lane","size":1,"type":"Invalid Access Level"}},
  {"_id":"cloudseer_badging_readers_stats_hourly/12275300","_key":"12275300","_rev":"_Wz1EV-q-Ab","activities":{"bucket":[{"a":0,"b":0,"c":0,"d":0,"e":0,"f":1}],"hour":23,"lane":"610-2-00 Center Exit Lane","size":2,"type":"Access Granted"}},
  {"_id":"cloudseer_badging_readers_stats_hourly/12275340","_key":"12275340","_rev":"_Wz1EV-q-BD","activities":{"bucket":[{"a":0,"b":0,"c":1,"d":0,"e":0,"f":0}],"hour":10,"lane":"610-3-00 East Entry Lane","size":227,"type":"Access Granted"}},
  {"_id":"cloudseer_badging_readers_stats_hourly/12275150","_key":"12275150","_rev":"_Wz1EV-q--F","activities":{"bucket":[{"a":0,"b":0,"c":0,"d":1,"e":0,"f":0}],"hour":13,"lane":"609-4-00 New Lane 1 Exit -CR","size":240,"type":"Access Granted"}},
  {"_id":"cloudseer_badging_readers_stats_hourly/12275224","_key":"12275224","_rev":"_Wz1EV-q-_P","activities":{"bucket":[{"a":0,"b":0,"c":0,"d":1,"e":0,"f":0}],"hour":13,"lane":"610-1-00 West Entry Lane -CR","size":53,"type":"Access Granted"}},
  {"_id":"cloudseer_badging_readers_stats_hourly/12275354","_key":"12275354","_rev":"_Wz1EV-q-BR","activities":{"bucket":[{"a":0,"b":0,"c":0,"d":0,"e":1,"f":0}],"hour":17,"lane":"610-3-00 East Entry Lane","size":54,"type":"Access Granted"}},
  {"_id":"cloudseer_badging_readers_stats_hourly/12275060","_key":"12275060","_rev":"_Wz1EV-m--F","activities":{"bucket":[{"a":0,"b":1,"c":0,"d":0,"e":0,"f":0}],"hour":8,"lane":"609-3-00 New Lane 1 Entry -CR","size":293,"type":"Access Granted"}},
  {"_id":"cloudseer_badging_readers_stats_hourly/12275250","_key":"12275250","_rev":"_Wz1EV-q-_p","activities":{"bucket":[{"a":0,"b":0,"c":0,"d":1,"e":0,"f":0}],"hour":15,"lane":"610-1-01 West Exit Lane","size":34,"type":"Access Granted"}},
  {"_id":"cloudseer_badging_readers_stats_hourly/12275098","_key":"12275098","_rev":"_Wz1EV-m--r","activities":{"bucket":[{"a":0,"b":1,"c":0,"d":0,"e":0,"f":0}],"hour":8,"lane":"609-3-01 New Lane 2 Entry -CR","size":669,"type":"Access Granted"}},
  {"_id":"cloudseer_badging_readers_stats_hourly/12275706","_key":"12275706","_rev":"_Wz1EV-q-Gx","activities":{"bucket":[{"a":0,"b":0,"c":0,"d":1,"e":0,"f":0}],"hour":15,"lane":"610-3-00 East Entry Lane","size":1,"type":"Invalid Badge"}},
  {"_id":"cloudseer_badging_readers_stats_hourly/12275570","_key":"12275570","_rev":"_Wz1EV-q-Ep","activities":{"bucket":[{"a":0,"b":1,"c":0,"d":0,"e":0,"f":0}],"hour":8,"lane":"613-4-01 SERVICE IN -CR","size":183,"type":"Access Granted"}},
  {"_id":"cloudseer_badging_readers_stats_hourly/12275342","_key":"12275342","_rev":"_Wz1EV-q-BF","activities":{"bucket":[{"a":0,"b":0,"c":1,"d":0,"e":0,"f":0}],"hour":11,"lane":"610-3-00 East Entry Lane","size":205,"type":"Access Granted"}},
  {"_id":"cloudseer_badging_readers_stats_hourly/12275072","_key":"12275072","_rev":"_Wz1EV-m--R","activities":{"bucket":[{"a":0,"b":0,"c":0,"d":1,"e":0,"f":0}],"hour":14,"lane":"609-3-00 New Lane 1 Entry -CR","size":146,"type":"Access Granted"}},
  {"_id":"cloudseer_badging_readers_stats_hourly/12275094","_key":"12275094","_rev":"_Wz1EV-m--n","activities":{"bucket":[{"a":0,"b":1,"c":0,"d":0,"e":0,"f":0}],"hour":6,"lane":"609-3-01 New Lane 2 Entry -CR","size":44,"type":"Access Granted"}},
  {"_id":"cloudseer_badging_readers_stats_hourly/12275486","_key":"12275486","_rev":"_Wz1EV-q-DV","activities":{"bucket":[{"a":0,"b":0,"c":0,"d":0,"e":1,"f":0}],"hour":19,"lane":"613-1-01 BT TRNSTLE IN","size":2,"type":"Access Granted"}},
  {"_id":"cloudseer_badging_readers_stats_hourly/12275408","_key":"12275408","_rev":"_Wz1EV-q-CH","activities":{"bucket":[{"a":0,"b":0,"c":1,"d":0,"e":0,"f":0}],"hour":9,"lane":"610-4-00 Handicap Entry Lane","size":5,"type":"Access Granted"}},
  {"_id":"cloudseer_badging_readers_stats_hourly/12275356","_key":"12275356","_rev":"_Wz1EV-q-BT","activities":{"bucket":[{"a":0,"b":0,"c":0,"d":0,"e":1,"f":0}],"hour":18,"lane":"610-3-00 East Entry Lane","size":18,"type":"Access Granted"}},
  {"_id":"cloudseer_badging_readers_stats_hourly/12275578","_key":"12275578","_rev":"_Wz1EV-q-Ex","activities":{"bucket":[{"a":0,"b":0,"c":1,"d":0,"e":0,"f":0}],"hour":12,"lane":"613-4-01 SERVICE IN -CR","size":124,"type":"Access Granted"}},
  {"_id":"cloudseer_badging_readers_stats_hourly/12275460","_key":"12275460","_rev":"_Wz1EV-q-C7","activities":{"bucket":[{"a":0,"b":1,"c":0,"d":0,"e":0,"f":0}],"hour":6,"lane":"613-1-01 BT TRNSTLE IN","size":13,"type":"Access Granted"}},
  {"_id":"cloudseer_badging_readers_stats_hourly/12275564","_key":"12275564","_rev":"_Wz1EV-q-Ej","activities":{"bucket":[{"a":0,"b":0,"c":0,"d":0,"e":0,"f":1}],"hour":23,"lane":"613-4-00 SERVICE OUT -CR","size":2,"type":"Access Granted"}},
  {"_id":"cloudseer_badging_readers_stats_hourly/12275572","_key":"12275572","_rev":"_Wz1EV-q-Er","activities":{"bucket":[{"a":0,"b":0,"c":1,"d":0,"e":0,"f":0}],"hour":9,"lane":"613-4-01 SERVICE IN -CR","size":54,"type":"Access Granted"}},
  {"_id":"cloudseer_badging_readers_stats_hourly/12275214","_key":"12275214","_rev":"_Wz1EV-q-_F","activities":{"bucket":[{"a":0,"b":1,"c":0,"d":0,"e":0,"f":0}],"hour":8,"lane":"610-1-00 West Entry Lane -CR","size":83,"type":"Access Granted"}},
  {"_id":"cloudseer_badging_readers_stats_hourly/12275542","_key":"12275542","_rev":"_Wz1EV-q-EN","activities":{"bucket":[{"a":0,"b":0,"c":1,"d":0,"e":0,"f":0}],"hour":12,"lane":"613-4-00 SERVICE OUT -CR","size":146,"type":"Access Granted"}},
  {"_id":"cloudseer_badging_readers_stats_hourly/12275298","_key":"12275298","_rev":"_Wz1EV-q-AZ","activities":{"bucket":[{"a":0,"b":0,"c":0,"d":0,"e":0,"f":1}],"hour":22,"lane":"610-2-00 Center Exit Lane","size":5,"type":"Access Granted"}},
  {"_id":"cloudseer_badging_readers_stats_hourly/12275622","_key":"12275622","_rev":"_Wz1EV-q-Fd","activities":{"bucket":[{"a":0,"b":1,"c":0,"d":0,"e":0,"f":0}],"hour":8,"lane":"610-2-01 Center Entry Lane","size":3,"type":"Inactive Badge"}},
  {"_id":"cloudseer_badging_readers_stats_hourly/12275658","_key":"12275658","_rev":"_Wz1EV-q-GB","activities":{"bucket":[{"a":0,"b":0,"c":0,"d":1,"e":0,"f":0}],"hour":13,"lane":"610-4-00 Handicap Entry Lane","size":1,"type":"Invalid Access Level"}},
  {"_id":"cloudseer_badging_readers_stats_hourly/12275244","_key":"12275244","_rev":"_Wz1EV-q-_j","activities":{"bucket":[{"a":0,"b":0,"c":1,"d":0,"e":0,"f":0}],"hour":12,"lane":"610-1-01 West Exit Lane","size":107,"type":"Access Granted"}},
  {"_id":"cloudseer_badging_readers_stats_hourly/12275524","_key":"12275524","_rev":"_Wz1EV-q-D7","activities":{"bucket":[{"a":0,"b":0,"c":0,"d":0,"e":0,"f":1}],"hour":21,"lane":"613-2-00 BT TRNSTLE OUT","size":9,"type":"Access Granted"}},
  {"_id":"cloudseer_badging_readers_stats_hourly/12275534","_key":"12275534","_rev":"_Wz1EV-q-EF","activities":{"bucket":[{"a":0,"b":1,"c":0,"d":0,"e":0,"f":0}],"hour":8,"lane":"613-4-00 SERVICE OUT -CR","size":38,"type":"Access Granted"}},
  {"_id":"cloudseer_badging_readers_stats_hourly/12275594","_key":"12275594","_rev":"_Wz1EV-q-FB","activities":{"bucket":[{"a":0,"b":0,"c":0,"d":0,"e":1,"f":0}],"hour":20,"lane":"613-4-01 SERVICE IN -CR","size":31,"type":"Access Granted"}},
  {"_id":"cloudseer_badging_readers_stats_hourly/12275422","_key":"12275422","_rev":"_Wz1EV-q-CV","activities":{"bucket":[{"a":0,"b":0,"c":0,"d":1,"e":0,"f":0}],"hour":16,"lane":"610-4-00 Handicap Entry Lane","size":4,"type":"Access Granted"}},
  {"_id":"cloudseer_badging_readers_stats_hourly/12275344","_key":"12275344","_rev":"_Wz1EV-q-BH","activities":{"bucket":[{"a":0,"b":0,"c":1,"d":0,"e":0,"f":0}],"hour":12,"lane":"610-3-00 East Entry Lane","size":406,"type":"Access Granted"}},
  {"_id":"cloudseer_badging_readers_stats_hourly/12275606","_key":"12275606","_rev":"_Wz1EV-q-FN","activities":{"bucket":[{"a":0,"b":1,"c":0,"d":0,"e":0,"f":0}],"hour":8,"lane":"610-3-00 East Entry Lane","size":3,"type":"Denied, Badge Not in Panel"}},
  {"_id":"cloudseer_badging_readers_stats_hourly/12275724","_key":"12275724","_rev":"_Wz1EV-q-HD","activities":{"bucket":[{"a":0,"b":0,"c":0,"d":1,"e":0,"f":0}],"hour":16,"lane":"610-4-01 Handicap Exit Lane","size":1,"type":"Invalid Badge"}},
  {"_id":"cloudseer_badging_readers_stats_hourly/12275584","_key":"12275584","_rev":"_Wz1EV-q-E3","activities":{"bucket":[{"a":0,"b":0,"c":0,"d":1,"e":0,"f":0}],"hour":15,"lane":"613-4-01 SERVICE IN -CR","size":31,"type":"Access Granted"}},
  {"_id":"cloudseer_badging_readers_stats_hourly/12275526","_key":"12275526","_rev":"_Wz1EV-q-D9","activities":{"bucket":[{"a":0,"b":0,"c":0,"d":0,"e":0,"f":1}],"hour":22,"lane":"613-2-00 BT TRNSTLE OUT","size":9,"type":"Access Granted"}},
  {"_id":"cloudseer_badging_readers_stats_hourly/12275128","_key":"12275128","_rev":"_Wz1EV-m-_J","activities":{"bucket":[{"a":0,"b":0,"c":0,"d":0,"e":0,"f":1}],"hour":23,"lane":"609-3-01 New Lane 2 Entry -CR","size":25,"type":"Access Granted"}},
  {"_id":"cloudseer_badging_readers_stats_hourly/12275200","_key":"12275200","_rev":"_Wz1EV-q--3","activities":{"bucket":[{"a":0,"b":0,"c":0,"d":0,"e":1,"f":0}],"hour":18,"lane":"609-4-01 New Lane 2 Exit -CR","size":271,"type":"Access Granted"}},
  {"_id":"cloudseer_badging_readers_stats_hourly/12275348","_key":"12275348","_rev":"_Wz1EV-q-BL","activities":{"bucket":[{"a":0,"b":0,"c":0,"d":1,"e":0,"f":0}],"hour":14,"lane":"610-3-00 East Entry Lane","size":272,"type":"Access Granted"}},
  {"_id":"cloudseer_badging_readers_stats_hourly/12275312","_key":"12275312","_rev":"_Wz1EV-q-An","activities":{"bucket":[{"a":0,"b":0,"c":1,"d":0,"e":0,"f":0}],"hour":11,"lane":"610-2-01 Center Entry Lane","size":59,"type":"Access Granted"}},
  {"_id":"cloudseer_badging_readers_stats_hourly/12275410","_key":"12275410","_rev":"_Wz1EV-q-CJ","activities":{"bucket":[{"a":0,"b":0,"c":1,"d":0,"e":0,"f":0}],"hour":10,"lane":"610-4-00 Handicap Entry Lane","size":11,"type":"Access Granted"}},
  {"_id":"cloudseer_badging_readers_stats_hourly/12275324","_key":"12275324","_rev":"_Wz1EV-q-Az","activities":{"bucket":[{"a":0,"b":0,"c":0,"d":0,"e":1,"f":0}],"hour":17,"lane":"610-2-01 Center Entry Lane","size":16,"type":"Access Granted"}},
  {"_id":"cloudseer_badging_readers_stats_hourly/12275636","_key":"12275636","_rev":"_Wz1EV-q-Fr","activities":{"bucket":[{"a":0,"b":1,"c":0,"d":0,"e":0,"f":0}],"hour":8,"lane":"610-3-00 East Entry Lane","size":2,"type":"Invalid Access Level"}},
  {"_id":"cloudseer_badging_readers_stats_hourly/12275700","_key":"12275700","_rev":"_Wz1EV-q-Gr","activities":{"bucket":[{"a":0,"b":0,"c":1,"d":0,"e":0,"f":0}],"hour":10,"lane":"610-3-00 East Entry Lane","size":3,"type":"Invalid Badge"}},
  {"_id":"cloudseer_badging_readers_stats_hourly/12275538","_key":"12275538","_rev":"_Wz1EV-q-EJ","activities":{"bucket":[{"a":0,"b":0,"c":1,"d":0,"e":0,"f":0}],"hour":10,"lane":"613-4-00 SERVICE OUT -CR","size":45,"type":"Access Granted"}},
  {"_id":"cloudseer_badging_readers_stats_hourly/12275240","_key":"12275240","_rev":"_Wz1EV-q-_f","activities":{"bucket":[{"a":0,"b":0,"c":1,"d":0,"e":0,"f":0}],"hour":10,"lane":"610-1-01 West Exit Lane","size":19,"type":"Access Granted"}},
  {"_id":"cloudseer_badging_readers_stats_hourly/12275708","_key":"12275708","_rev":"_Wz1EV-q-Gz","activities":{"bucket":[{"a":0,"b":0,"c":1,"d":0,"e":0,"f":0}],"hour":10,"lane":"610-3-01 East Exit Lane","size":1,"type":"Invalid Badge"}},
  {"_id":"cloudseer_badging_readers_stats_hourly/12275660","_key":"12275660","_rev":"_Wz1EV-q-GD","activities":{"bucket":[{"a":0,"b":0,"c":0,"d":1,"e":0,"f":0}],"hour":14,"lane":"610-4-00 Handicap Entry Lane","size":1,"type":"Invalid Access Level"}},
  {"_id":"cloudseer_badging_readers_stats_hourly/12275196","_key":"12275196","_rev":"_Wz1EV-q--z","activities":{"bucket":[{"a":0,"b":0,"c":0,"d":1,"e":0,"f":0}],"hour":16,"lane":"609-4-01 New Lane 2 Exit -CR","size":378,"type":"Access Granted"}},
  {"_id":"cloudseer_badging_readers_stats_hourly/12275702","_key":"12275702","_rev":"_Wz1EV-q-Gt","activities":{"bucket":[{"a":0,"b":0,"c":1,"d":0,"e":0,"f":0}],"hour":11,"lane":"610-3-00 East Entry Lane","size":3,"type":"Invalid Badge"}},
  {"_id":"cloudseer_badging_readers_stats_hourly/12275438","_key":"12275438","_rev":"_Wz1EV-q-Cl","activities":{"bucket":[{"a":0,"b":0,"c":1,"d":0,"e":0,"f":0}],"hour":10,"lane":"610-4-01 Handicap Exit Lane","size":22,"type":"Access Granted"}},
  {"_id":"cloudseer_badging_readers_stats_hourly/12275598","_key":"12275598","_rev":"_Wz1EV-q-FF","activities":{"bucket":[{"a":0,"b":0,"c":0,"d":0,"e":0,"f":1}],"hour":22,"lane":"613-4-01 SERVICE IN -CR","size":8,"type":"Access Granted"}},
  {"_id":"cloudseer_badging_readers_stats_hourly/12275092","_key":"12275092","_rev":"_Wz1EV-m--l","activities":{"bucket":[{"a":1,"b":0,"c":0,"d":0,"e":0,"f":0}],"hour":4,"lane":"609-3-01 New Lane 2 Entry -CR","size":1,"type":"Access Granted"}},
  {"_id":"cloudseer_badging_readers_stats_hourly/12275424","_key":"12275424","_rev":"_Wz1EV-q-CX","activities":{"bucket":[{"a":0,"b":0,"c":0,"d":0,"e":1,"f":0}],"hour":17,"lane":"610-4-00 Handicap Entry Lane","size":21,"type":"Access Granted"}},
  {"_id":"cloudseer_badging_readers_stats_hourly/12275690","_key":"12275690","_rev":"_Wz1EV-q-Gh","activities":{"bucket":[{"a":0,"b":0,"c":1,"d":0,"e":0,"f":0}],"hour":9,"lane":"610-2-01 Center Entry Lane","size":1,"type":"Invalid Badge"}},
  {"_id":"cloudseer_badging_readers_stats_hourly/12275316","_key":"12275316","_rev":"_Wz1EV-q-Ar","activities":{"bucket":[{"a":0,"b":0,"c":0,"d":1,"e":0,"f":0}],"hour":13,"lane":"610-2-01 Center Entry Lane","size":244,"type":"Access Granted"}},
  {"_id":"cloudseer_badging_readers_stats_hourly/12275252","_key":"12275252","_rev":"_Wz1EV-q-_r","activities":{"bucket":[{"a":0,"b":0,"c":0,"d":1,"e":0,"f":0}],"hour":16,"lane":"610-1-01 West Exit Lane","size":44,"type":"Access Granted"}},
  {"_id":"cloudseer_badging_readers_stats_hourly/12275366","_key":"12275366","_rev":"_Wz1EV-q-Bd","activities":{"bucket":[{"a":0,"b":1,"c":0,"d":0,"e":0,"f":0}],"hour":6,"lane":"610-3-01 East Exit Lane","size":3,"type":"Access Granted"}},
  {"_id":"cloudseer_badging_readers_stats_hourly/12275470","_key":"12275470","_rev":"_Wz1EV-q-DF","activities":{"bucket":[{"a":0,"b":0,"c":1,"d":0,"e":0,"f":0}],"hour":11,"lane":"613-1-01 BT TRNSTLE IN","size":25,"type":"Access Granted"}},
  {"_id":"cloudseer_badging_readers_stats_hourly/12275530","_key":"12275530","_rev":"_Wz1EV-q-EB","activities":{"bucket":[{"a":1,"b":0,"c":0,"d":0,"e":0,"f":0}],"hour":3,"lane":"613-4-00 SERVICE OUT -CR","size":1,"type":"Access Granted"}},
  {"_id":"cloudseer_badging_readers_stats_hourly/12275084","_key":"12275084","_rev":"_Wz1EV-m--d","activities":{"bucket":[{"a":0,"b":0,"c":0,"d":0,"e":0,"f":1}],"hour":21,"lane":"609-3-00 New Lane 1 Entry -CR","size":1,"type":"Access Granted"}},
  {"_id":"cloudseer_badging_readers_stats_hourly/12275488","_key":"12275488","_rev":"_Wz1EV-q-DX","activities":{"bucket":[{"a":0,"b":0,"c":0,"d":0,"e":1,"f":0}],"hour":20,"lane":"613-1-01 BT TRNSTLE IN","size":2,"type":"Access Granted"}},
  {"_id":"cloudseer_badging_readers_stats_hourly/12275294","_key":"12275294","_rev":"_Wz1EV-q-AV","activities":{"bucket":[{"a":0,"b":0,"c":0,"d":0,"e":1,"f":0}],"hour":20,"lane":"610-2-00 Center Exit Lane","size":17,"type":"Access Granted"}},
  {"_id":"cloudseer_badging_readers_stats_hourly/12275374","_key":"12275374","_rev":"_Wz1EV-q-Bl","activities":{"bucket":[{"a":0,"b":0,"c":1,"d":0,"e":0,"f":0}],"hour":10,"lane":"610-3-01 East Exit Lane","size":97,"type":"Access Granted"}},
  {"_id":"cloudseer_badging_readers_stats_hourly/12275274","_key":"12275274","_rev":"_Wz1EV-q-AB","activities":{"bucket":[{"a":0,"b":0,"c":1,"d":0,"e":0,"f":0}],"hour":10,"lane":"610-2-00 Center Exit Lane","size":105,"type":"Access Granted"}},
  {"_id":"cloudseer_badging_readers_stats_hourly/12275226","_key":"12275226","_rev":"_Wz1EV-q-_R","activities":{"bucket":[{"a":0,"b":0,"c":0,"d":1,"e":0,"f":0}],"hour":14,"lane":"610-1-00 West Entry Lane -CR","size":31,"type":"Access Granted"}},
  {"_id":"cloudseer_badging_readers_stats_hourly/12275646","_key":"12275646","_rev":"_Wz1EV-q-F1","activities":{"bucket":[{"a":0,"b":0,"c":0,"d":0,"e":1,"f":0}],"hour":20,"lane":"610-3-00 East Entry Lane","size":2,"type":"Invalid Access Level"}},
  {"_id":"cloudseer_badging_readers_stats_hourly/12275654","_key":"12275654","_rev":"_Wz1EV-q-F9","activities":{"bucket":[{"a":0,"b":1,"c":0,"d":0,"e":0,"f":0}],"hour":8,"lane":"610-4-00 Handicap Entry Lane","size":1,"type":"Invalid Access Level"}},
  {"_id":"cloudseer_badging_readers_stats_hourly/12275456","_key":"12275456","_rev":"_Wz1EV-q-C3","activities":{"bucket":[{"a":0,"b":0,"c":0,"d":0,"e":1,"f":0}],"hour":19,"lane":"610-4-01 Handicap Exit Lane","size":2,"type":"Access Granted"}},
  {"_id":"cloudseer_badging_readers_stats_hourly/12275062","_key":"12275062","_rev":"_Wz1EV-m--H","activities":{"bucket":[{"a":0,"b":0,"c":1,"d":0,"e":0,"f":0}],"hour":9,"lane":"609-3-00 New Lane 1 Entry -CR","size":241,"type":"Access Granted"}},
  {"_id":"cloudseer_badging_readers_stats_hourly/12275314","_key":"12275314","_rev":"_Wz1EV-q-Ap","activities":{"bucket":[{"a":0,"b":0,"c":1,"d":0,"e":0,"f":0}],"hour":12,"lane":"610-2-01 Center Entry Lane","size":124,"type":"Access Granted"}},
  {"_id":"cloudseer_badging_readers_stats_hourly/12275064","_key":"12275064","_rev":"_Wz1EV-m--J","activities":{"bucket":[{"a":0,"b":0,"c":1,"d":0,"e":0,"f":0}],"hour":10,"lane":"609-3-00 New Lane 1 Entry -CR","size":153,"type":"Access Granted"}},
  {"_id":"cloudseer_badging_readers_stats_hourly/12275386","_key":"12275386","_rev":"_Wz1EV-q-Bx","activities":{"bucket":[{"a":0,"b":0,"c":0,"d":1,"e":0,"f":0}],"hour":16,"lane":"610-3-01 East Exit Lane","size":296,"type":"Access Granted"}},
  {"_id":"cloudseer_badging_readers_stats_hourly/12275710","_key":"12275710","_rev":"_Wz1EV-q-G1","activities":{"bucket":[{"a":0,"b":0,"c":1,"d":0,"e":0,"f":0}],"hour":11,"lane":"610-3-01 East Exit Lane","size":1,"type":"Invalid Badge"}},
  {"_id":"cloudseer_badging_readers_stats_hourly/12275118","_key":"12275118","_rev":"_Wz1EV-m-__","activities":{"bucket":[{"a":0,"b":0,"c":0,"d":0,"e":1,"f":0}],"hour":18,"lane":"609-3-01 New Lane 2 Entry -CR","size":31,"type":"Access Granted"}},
  {"_id":"cloudseer_badging_readers_stats_hourly/12275458","_key":"12275458","_rev":"_Wz1EV-q-C5","activities":{"bucket":[{"a":0,"b":1,"c":0,"d":0,"e":0,"f":0}],"hour":5,"lane":"613-1-01 BT TRNSTLE IN","size":4,"type":"Access Granted"}},
  {"_id":"cloudseer_badging_readers_stats_hourly/12275182","_key":"12275182","_rev":"_Wz1EV-q--l","activities":{"bucket":[{"a":0,"b":0,"c":1,"d":0,"e":0,"f":0}],"hour":9,"lane":"609-4-01 New Lane 2 Exit -CR","size":161,"type":"Access Granted"}},
  {"_id":"cloudseer_badging_readers_stats_hourly/12275510","_key":"12275510","_rev":"_Wz1EV-q-Dt","activities":{"bucket":[{"a":0,"b":0,"c":0,"d":1,"e":0,"f":0}],"hour":14,"lane":"613-2-00 BT TRNSTLE OUT","size":46,"type":"Access Granted"}},
  {"_id":"cloudseer_badging_readers_stats_hourly/12275220","_key":"12275220","_rev":"_Wz1EV-q-_L","activities":{"bucket":[{"a":0,"b":0,"c":1,"d":0,"e":0,"f":0}],"hour":11,"lane":"610-1-00 West Entry Lane -CR","size":14,"type":"Access Granted"}},
  {"_id":"cloudseer_badging_readers_stats_hourly/12275592","_key":"12275592","_rev":"_Wz1EV-q-F_","activities":{"bucket":[{"a":0,"b":0,"c":0,"d":0,"e":1,"f":0}],"hour":19,"lane":"613-4-01 SERVICE IN -CR","size":58,"type":"Access Granted"}},
  {"_id":"cloudseer_badging_readers_stats_hourly/12275430","_key":"12275430","_rev":"_Wz1EV-q-Cd","activities":{"bucket":[{"a":0,"b":1,"c":0,"d":0,"e":0,"f":0}],"hour":6,"lane":"610-4-01 Handicap Exit Lane","size":5,"type":"Access Granted"}},
  {"_id":"cloudseer_badging_readers_stats_hourly/12275318","_key":"12275318","_rev":"_Wz1EV-q-At","activities":{"bucket":[{"a":0,"b":0,"c":0,"d":1,"e":0,"f":0}],"hour":14,"lane":"610-2-01 Center Entry Lane","size":97,"type":"Access Granted"}},
  {"_id":"cloudseer_badging_readers_stats_hourly/12275144","_key":"12275144","_rev":"_Wz1EV-q--_","activities":{"bucket":[{"a":0,"b":0,"c":1,"d":0,"e":0,"f":0}],"hour":10,"lane":"609-4-00 New Lane 1 Exit -CR","size":156,"type":"Access Granted"}},
  {"_id":"cloudseer_badging_readers_stats_hourly/12275676","_key":"12275676","_rev":"_Wz1EV-q-GT","activities":{"bucket":[{"a":0,"b":0,"c":0,"d":0,"e":1,"f":0}],"hour":20,"lane":"609-4-00 New Lane 1 Exit -CR","size":2,"type":"Invalid Badge"}},
  {"_id":"cloudseer_badging_readers_stats_hourly/12275368","_key":"12275368","_rev":"_Wz1EV-q-Bf","activities":{"bucket":[{"a":0,"b":1,"c":0,"d":0,"e":0,"f":0}],"hour":7,"lane":"610-3-01 East Exit Lane","size":11,"type":"Access Granted"}},
  {"_id":"cloudseer_badging_readers_stats_hourly/12275376","_key":"12275376","_rev":"_Wz1EV-q-Bn","activities":{"bucket":[{"a":0,"b":0,"c":1,"d":0,"e":0,"f":0}],"hour":11,"lane":"610-3-01 East Exit Lane","size":176,"type":"Access Granted"}},
  {"_id":"cloudseer_badging_readers_stats_hourly/12275380","_key":"12275380","_rev":"_Wz1EV-q-Br","activities":{"bucket":[{"a":0,"b":0,"c":0,"d":1,"e":0,"f":0}],"hour":13,"lane":"610-3-01 East Exit Lane","size":143,"type":"Access Granted"}},
  {"_id":"cloudseer_badging_readers_stats_hourly/12275216","_key":"12275216","_rev":"_Wz1EV-q-_H","activities":{"bucket":[{"a":0,"b":0,"c":1,"d":0,"e":0,"f":0}],"hour":9,"lane":"610-1-00 West Entry Lane -CR","size":40,"type":"Access Granted"}},
  {"_id":"cloudseer_badging_readers_stats_hourly/12275604","_key":"12275604","_rev":"_Wz1EV-q-FL","activities":{"bucket":[{"a":0,"b":0,"c":0,"d":0,"e":1,"f":0}],"hour":20,"lane":"610-2-01 Center Entry Lane","size":1,"type":"Denied, Badge Not in Panel"}},
  {"_id":"cloudseer_badging_readers_stats_hourly/12275136","_key":"12275136","_rev":"_Wz1EV-m-_R","activities":{"bucket":[{"a":0,"b":1,"c":0,"d":0,"e":0,"f":0}],"hour":6,"lane":"609-4-00 New Lane 1 Exit -CR","size":2,"type":"Access Granted"}},
  {"_id":"cloudseer_badging_readers_stats_hourly/12275104","_key":"12275104","_rev":"_Wz1EV-m--x","activities":{"bucket":[{"a":0,"b":0,"c":1,"d":0,"e":0,"f":0}],"hour":11,"lane":"609-3-01 New Lane 2 Entry -CR","size":278,"type":"Access Granted"}},
  {"_id":"cloudseer_badging_readers_stats_hourly/12275626","_key":"12275626","_rev":"_Wz1EV-q-Fh","activities":{"bucket":[{"a":0,"b":0,"c":1,"d":0,"e":0,"f":0}],"hour":10,"lane":"609-3-01 New Lane 2 Entry -CR","size":2,"type":"Invalid Access Level"}},
  {"_id":"cloudseer_badging_readers_stats_hourly/12275336","_key":"12275336","_rev":"_Wz1EV-q-B_","activities":{"bucket":[{"a":0,"b":1,"c":0,"d":0,"e":0,"f":0}],"hour":8,"lane":"610-3-00 East Entry Lane","size":1122,"type":"Access Granted"}},
  {"_id":"cloudseer_badging_readers_stats_hourly/12275652","_key":"12275652","_rev":"_Wz1EV-q-F7","activities":{"bucket":[{"a":0,"b":1,"c":0,"d":0,"e":0,"f":0}],"hour":7,"lane":"610-4-00 Handicap Entry Lane","size":5,"type":"Invalid Access Level"}},
  {"_id":"cloudseer_badging_readers_stats_hourly/12275574","_key":"12275574","_rev":"_Wz1EV-q-Et","activities":{"bucket":[{"a":0,"b":0,"c":1,"d":0,"e":0,"f":0}],"hour":10,"lane":"613-4-01 SERVICE IN -CR","size":41,"type":"Access Granted"}},
  {"_id":"cloudseer_badging_readers_stats_hourly/12275726","_key":"12275726","_rev":"_Wz1EV-q-HF","activities":{"bucket":[{"a":0,"b":0,"c":0,"d":0,"e":1,"f":0}],"hour":17,"lane":"610-4-01 Handicap Exit Lane","size":1,"type":"Invalid Badge"}},
  {"_id":"cloudseer_badging_readers_stats_hourly/12275618","_key":"12275618","_rev":"_Wz1EV-q-FZ","activities":{"bucket":[{"a":0,"b":0,"c":1,"d":0,"e":0,"f":0}],"hour":12,"lane":"613-4-01 SERVICE IN -CR","size":3,"type":"Denied, Badge Not in Panel"}},
  {"_id":"cloudseer_badging_readers_stats_hourly/12275076","_key":"12275076","_rev":"_Wz1EV-m--V","activities":{"bucket":[{"a":0,"b":0,"c":0,"d":1,"e":0,"f":0}],"hour":16,"lane":"609-3-00 New Lane 1 Entry -CR","size":68,"type":"Access Granted"}},
  {"_id":"cloudseer_badging_readers_stats_hourly/12275580","_key":"12275580","_rev":"_Wz1EV-q-Ez","activities":{"bucket":[{"a":0,"b":0,"c":0,"d":1,"e":0,"f":0}],"hour":13,"lane":"613-4-01 SERVICE IN -CR","size":72,"type":"Access Granted"}},
  {"_id":"cloudseer_badging_readers_stats_hourly/12275656","_key":"12275656","_rev":"_Wz1EV-q-G_","activities":{"bucket":[{"a":0,"b":0,"c":1,"d":0,"e":0,"f":0}],"hour":9,"lane":"610-4-00 Handicap Entry Lane","size":4,"type":"Invalid Access Level"}},
  {"_id":"cloudseer_badging_readers_stats_hourly/12275492","_key":"12275492","_rev":"_Wz1EV-q-Db","activities":{"bucket":[{"a":0,"b":0,"c":0,"d":0,"e":0,"f":1}],"hour":22,"lane":"613-1-01 BT TRNSTLE IN","size":1,"type":"Access Granted"}},
  {"_id":"cloudseer_badging_readers_stats_hourly/12275156","_key":"12275156","_rev":"_Wz1EV-q--L","activities":{"bucket":[{"a":0,"b":0,"c":0,"d":1,"e":0,"f":0}],"hour":16,"lane":"609-4-00 New Lane 1 Exit -CR","size":370,"type":"Access Granted"}},
  {"_id":"cloudseer_badging_readers_stats_hourly/12275698","_key":"12275698","_rev":"_Wz1EV-q-Gp","activities":{"bucket":[{"a":0,"b":0,"c":1,"d":0,"e":0,"f":0}],"hour":9,"lane":"610-3-00 East Entry Lane","size":2,"type":"Invalid Badge"}},
  {"_id":"cloudseer_badging_readers_stats_hourly/12275608","_key":"12275608","_rev":"_Wz1EV-q-FP","activities":{"bucket":[{"a":0,"b":0,"c":1,"d":0,"e":0,"f":0}],"hour":9,"lane":"610-3-00 East Entry Lane","size":2,"type":"Denied, Badge Not in Panel"}},
  {"_id":"cloudseer_badging_readers_stats_hourly/12275722","_key":"12275722","_rev":"_Wz1EV-q-HB","activities":{"bucket":[{"a":0,"b":0,"c":0,"d":1,"e":0,"f":0}],"hour":15,"lane":"610-4-01 Handicap Exit Lane","size":2,"type":"Invalid Badge"}},
  {"_id":"cloudseer_badging_readers_stats_hourly/12275664","_key":"12275664","_rev":"_Wz1EV-q-GH","activities":{"bucket":[{"a":0,"b":0,"c":0,"d":0,"e":1,"f":0}],"hour":19,"lane":"610-4-01 Handicap Exit Lane","size":1,"type":"Invalid Access Level"}},
  {"_id":"cloudseer_badging_readers_stats_hourly/12275704","_key":"12275704","_rev":"_Wz1EV-q-Gv","activities":{"bucket":[{"a":0,"b":0,"c":0,"d":1,"e":0,"f":0}],"hour":13,"lane":"610-3-00 East Entry Lane","size":2,"type":"Invalid Badge"}},
  {"_id":"cloudseer_badging_readers_stats_hourly/12275254","_key":"12275254","_rev":"_Wz1EV-q-_t","activities":{"bucket":[{"a":0,"b":0,"c":0,"d":0,"e":1,"f":0}],"hour":17,"lane":"610-1-01 West Exit Lane","size":68,"type":"Access Granted"}},
  {"_id":"cloudseer_badging_readers_stats_hourly/12275446","_key":"12275446","_rev":"_Wz1EV-q-Ct","activities":{"bucket":[{"a":0,"b":0,"c":0,"d":1,"e":0,"f":0}],"hour":14,"lane":"610-4-01 Handicap Exit Lane","size":10,"type":"Access Granted"}},
  {"_id":"cloudseer_badging_readers_stats_hourly/12275322","_key":"12275322","_rev":"_Wz1EV-q-Ax","activities":{"bucket":[{"a":0,"b":0,"c":0,"d":1,"e":0,"f":0}],"hour":16,"lane":"610-2-01 Center Entry Lane","size":25,"type":"Access Granted"}},
  {"_id":"cloudseer_badging_readers_stats_hourly/12275198","_key":"12275198","_rev":"_Wz1EV-q--1","activities":{"bucket":[{"a":0,"b":0,"c":0,"d":0,"e":1,"f":0}],"hour":17,"lane":"609-4-01 New Lane 2 Exit -CR","size":505,"type":"Access Granted"}},
  {"_id":"cloudseer_badging_readers_stats_hourly/12275532","_key":"12275532","_rev":"_Wz1EV-q-ED","activities":{"bucket":[{"a":0,"b":1,"c":0,"d":0,"e":0,"f":0}],"hour":7,"lane":"613-4-00 SERVICE OUT -CR","size":10,"type":"Access Granted"}},
  {"_id":"cloudseer_badging_readers_stats_hourly/12275566","_key":"12275566","_rev":"_Wz1EV-q-El","activities":{"bucket":[{"a":0,"b":1,"c":0,"d":0,"e":0,"f":0}],"hour":6,"lane":"613-4-01 SERVICE IN -CR","size":3,"type":"Access Granted"}},
  {"_id":"cloudseer_badging_readers_stats_hourly/12275398","_key":"12275398","_rev":"_Wz1EV-q-B9","activities":{"bucket":[{"a":0,"b":0,"c":0,"d":0,"e":0,"f":1}],"hour":22,"lane":"610-3-01 East Exit Lane","size":2,"type":"Access Granted"}},
  {"_id":"cloudseer_badging_readers_stats_hourly/12275360","_key":"12275360","_rev":"_Wz1EV-q-BX","activities":{"bucket":[{"a":0,"b":0,"c":0,"d":0,"e":1,"f":0}],"hour":20,"lane":"610-3-00 East Entry Lane","size":7,"type":"Access Granted"}},
  {"_id":"cloudseer_badging_readers_stats_hourly/12275464","_key":"12275464","_rev":"_Wz1EV-q-D_","activities":{"bucket":[{"a":0,"b":1,"c":0,"d":0,"e":0,"f":0}],"hour":8,"lane":"613-1-01 BT TRNSTLE IN","size":545,"type":"Access Granted"}},
  {"_id":"cloudseer_badging_readers_stats_hourly/12275362","_key":"12275362","_rev":"_Wz1EV-q-BZ","activities":{"bucket":[{"a":0,"b":0,"c":0,"d":0,"e":0,"f":1}],"hour":21,"lane":"610-3-00 East Entry Lane","size":5,"type":"Access Granted"}},
  {"_id":"cloudseer_badging_readers_stats_hourly/12275194","_key":"12275194","_rev":"_Wz1EV-q--x","activities":{"bucket":[{"a":0,"b":0,"c":0,"d":1,"e":0,"f":0}],"hour":15,"lane":"609-4-01 New Lane 2 Exit -CR","size":246,"type":"Access Granted"}},
  {"_id":"cloudseer_badging_readers_stats_hourly/12275582","_key":"12275582","_rev":"_Wz1EV-q-E1","activities":{"bucket":[{"a":0,"b":0,"c":0,"d":1,"e":0,"f":0}],"hour":14,"lane":"613-4-01 SERVICE IN -CR","size":47,"type":"Access Granted"}},
  {"_id":"cloudseer_badging_readers_stats_hourly/12275442","_key":"12275442","_rev":"_Wz1EV-q-Cp","activities":{"bucket":[{"a":0,"b":0,"c":1,"d":0,"e":0,"f":0}],"hour":12,"lane":"610-4-01 Handicap Exit Lane","size":32,"type":"Access Granted"}},
  {"_id":"cloudseer_badging_readers_stats_hourly/12275276","_key":"12275276","_rev":"_Wz1EV-q-AD","activities":{"bucket":[{"a":0,"b":0,"c":1,"d":0,"e":0,"f":0}],"hour":11,"lane":"610-2-00 Center Exit Lane","size":285,"type":"Access Granted"}},
  {"_id":"cloudseer_badging_readers_stats_hourly/12275070","_key":"12275070","_rev":"_Wz1EV-m--P","activities":{"bucket":[{"a":0,"b":0,"c":0,"d":1,"e":0,"f":0}],"hour":13,"lane":"609-3-00 New Lane 1 Entry -CR","size":280,"type":"Access Granted"}},
  {"_id":"cloudseer_badging_readers_stats_hourly/12275106","_key":"12275106","_rev":"_Wz1EV-m--z","activities":{"bucket":[{"a":0,"b":0,"c":1,"d":0,"e":0,"f":0}],"hour":12,"lane":"609-3-01 New Lane 2 Entry -CR","size":420,"type":"Access Granted"}},
  {"_id":"cloudseer_badging_readers_stats_hourly/12275632","_key":"12275632","_rev":"_Wz1EV-q-Fn","activities":{"bucket":[{"a":0,"b":0,"c":0,"d":0,"e":1,"f":0}],"hour":17,"lane":"610-2-01 Center Entry Lane","size":3,"type":"Invalid Access Level"}},
  {"_id":"cloudseer_badging_readers_stats_hourly/12275462","_key":"12275462","_rev":"_Wz1EV-q-C9","activities":{"bucket":[{"a":0,"b":1,"c":0,"d":0,"e":0,"f":0}],"hour":7,"lane":"613-1-01 BT TRNSTLE IN","size":109,"type":"Access Granted"}},
  {"_id":"cloudseer_badging_readers_stats_hourly/12275310","_key":"12275310","_rev":"_Wz1EV-q-Al","activities":{"bucket":[{"a":0,"b":0,"c":1,"d":0,"e":0,"f":0}],"hour":10,"lane":"610-2-01 Center Entry Lane","size":74,"type":"Access Granted"}},
  {"_id":"cloudseer_badging_readers_stats_hourly/12275100","_key":"12275100","_rev":"_Wz1EV-m--t","activities":{"bucket":[{"a":0,"b":0,"c":1,"d":0,"e":0,"f":0}],"hour":9,"lane":"609-3-01 New Lane 2 Entry -CR","size":699,"type":"Access Granted"}},
  {"_id":"cloudseer_badging_readers_stats_hourly/12275110","_key":"12275110","_rev":"_Wz1EV-m--3","activities":{"bucket":[{"a":0,"b":0,"c":0,"d":1,"e":0,"f":0}],"hour":14,"lane":"609-3-01 New Lane 2 Entry -CR","size":331,"type":"Access Granted"}},
  {"_id":"cloudseer_badging_readers_stats_hourly/12275614","_key":"12275614","_rev":"_Wz1EV-q-FV","activities":{"bucket":[{"a":0,"b":0,"c":0,"d":0,"e":0,"f":1}],"hour":21,"lane":"610-4-01 Handicap Exit Lane","size":1,"type":"Denied, Badge Not in Panel"}},
  {"_id":"cloudseer_badging_readers_stats_hourly/12275284","_key":"12275284","_rev":"_Wz1EV-q-AL","activities":{"bucket":[{"a":0,"b":0,"c":0,"d":1,"e":0,"f":0}],"hour":15,"lane":"610-2-00 Center Exit Lane","size":202,"type":"Access Granted"}},
  {"_id":"cloudseer_badging_readers_stats_hourly/12275166","_key":"12275166","_rev":"_Wz1EV-q--V","activities":{"bucket":[{"a":0,"b":0,"c":0,"d":0,"e":0,"f":1}],"hour":21,"lane":"609-4-00 New Lane 1 Exit -CR","size":8,"type":"Access Granted"}},
  {"_id":"cloudseer_badging_readers_stats_hourly/12275728","_key":"12275728","_rev":"_Wz1EV-q-HH","activities":{"bucket":[{"a":0,"b":0,"c":0,"d":0,"e":1,"f":0}],"hour":19,"lane":"610-4-01 Handicap Exit Lane","size":1,"type":"Invalid Badge"}},
  {"_id":"cloudseer_badging_readers_stats_hourly/12275378","_key":"12275378","_rev":"_Wz1EV-q-Bp","activities":{"bucket":[{"a":0,"b":0,"c":1,"d":0,"e":0,"f":0}],"hour":12,"lane":"610-3-01 East Exit Lane","size":317,"type":"Access Granted"}},
  {"_id":"cloudseer_badging_readers_stats_hourly/12275630","_key":"12275630","_rev":"_Wz1EV-q-Fl","activities":{"bucket":[{"a":0,"b":1,"c":0,"d":0,"e":0,"f":0}],"hour":8,"lane":"610-2-01 Center Entry Lane","size":2,"type":"Invalid Access Level"}},
  {"_id":"cloudseer_badging_readers_stats_hourly/12275236","_key":"12275236","_rev":"_Wz1EV-q-_b","activities":{"bucket":[{"a":0,"b":1,"c":0,"d":0,"e":0,"f":0}],"hour":8,"lane":"610-1-01 West Exit Lane","size":28,"type":"Access Granted"}},
  {"_id":"cloudseer_badging_readers_stats_hourly/12275670","_key":"12275670","_rev":"_Wz1EV-q-GN","activities":{"bucket":[{"a":0,"b":0,"c":1,"d":0,"e":0,"f":0}],"hour":10,"lane":"609-3-00 New Lane 1 Entry -CR","size":4,"type":"Invalid Badge"}},
  {"_id":"cloudseer_badging_readers_stats_hourly/12275468","_key":"12275468","_rev":"_Wz1EV-q-DD","activities":{"bucket":[{"a":0,"b":0,"c":1,"d":0,"e":0,"f":0}],"hour":10,"lane":"613-1-01 BT TRNSTLE IN","size":49,"type":"Access Granted"}},
  {"_id":"cloudseer_badging_readers_stats_hourly/12275278","_key":"12275278","_rev":"_Wz1EV-q-AF","activities":{"bucket":[{"a":0,"b":0,"c":1,"d":0,"e":0,"f":0}],"hour":12,"lane":"610-2-00 Center Exit Lane","size":475,"type":"Access Granted"}},
  {"_id":"cloudseer_badging_readers_stats_hourly/12275672","_key":"12275672","_rev":"_Wz1EV-q-GP","activities":{"bucket":[{"a":0,"b":0,"c":1,"d":0,"e":0,"f":0}],"hour":10,"lane":"609-3-01 New Lane 2 Entry -CR","size":4,"type":"Invalid Badge"}},
  {"_id":"cloudseer_badging_readers_stats_hourly/12275170","_key":"12275170","_rev":"_Wz1EV-q--Z","activities":{"bucket":[{"a":0,"b":0,"c":0,"d":0,"e":0,"f":1}],"hour":23,"lane":"609-4-00 New Lane 1 Exit -CR","size":1,"type":"Access Granted"}},
  {"_id":"cloudseer_badging_readers_stats_hourly/12275218","_key":"12275218","_rev":"_Wz1EV-q-_J","activities":{"bucket":[{"a":0,"b":0,"c":1,"d":0,"e":0,"f":0}],"hour":10,"lane":"610-1-00 West Entry Lane -CR","size":17,"type":"Access Granted"}},
  {"_id":"cloudseer_badging_readers_stats_hourly/12275484","_key":"12275484","_rev":"_Wz1EV-q-DT","activities":{"bucket":[{"a":0,"b":0,"c":0,"d":0,"e":1,"f":0}],"hour":18,"lane":"613-1-01 BT TRNSTLE IN","size":14,"type":"Access Granted"}},
  {"_id":"cloudseer_badging_readers_stats_hourly/12275612","_key":"12275612","_rev":"_Wz1EV-q-FT","activities":{"bucket":[{"a":0,"b":0,"c":0,"d":0,"e":0,"f":1}],"hour":21,"lane":"610-3-01 East Exit Lane","size":1,"type":"Denied, Badge Not in Panel"}},
  {"_id":"cloudseer_badging_readers_stats_hourly/12275124","_key":"12275124","_rev":"_Wz1EV-m-_F","activities":{"bucket":[{"a":0,"b":0,"c":0,"d":0,"e":0,"f":1}],"hour":21,"lane":"609-3-01 New Lane 2 Entry -CR","size":2,"type":"Access Granted"}},
  {"_id":"cloudseer_badging_readers_stats_hourly/12275536","_key":"12275536","_rev":"_Wz1EV-q-EH","activities":{"bucket":[{"a":0,"b":0,"c":1,"d":0,"e":0,"f":0}],"hour":9,"lane":"613-4-00 SERVICE OUT -CR","size":46,"type":"Access Granted"}},
  {"_id":"cloudseer_badging_readers_stats_hourly/12275576","_key":"12275576","_rev":"_Wz1EV-q-Ev","activities":{"bucket":[{"a":0,"b":0,"c":1,"d":0,"e":0,"f":0}],"hour":11,"lane":"613-4-01 SERVICE IN -CR","size":51,"type":"Access Granted"}},
  {"_id":"cloudseer_badging_readers_stats_hourly/12275682","_key":"12275682","_rev":"_Wz1EV-q-GZ","activities":{"bucket":[{"a":0,"b":1,"c":0,"d":0,"e":0,"f":0}],"hour":7,"lane":"610-1-00 West Entry Lane -CR","size":1,"type":"Invalid Badge"}}
]