[
  {"_id":"cloudseer_badging_entry_exit_stats_hourly/12275832","_key":"12275832","_rev":"_Wz1EmrO-_P","activities":{"badge_activity":"OUT","bucket":[{"a":0,"b":0,"c":0,"d":1,"e":0,"f":0}],"hour":13,"size":110,"type":"Access Granted"}},
  {"_id":"cloudseer_badging_entry_exit_stats_hourly/12275778","_key":"12275778","_rev":"_Wz1EmrO--Z","activities":{"badge_activity":"Entry","bucket":[{"a":0,"b":1,"c":0,"d":0,"e":0,"f":0}],"hour":7,"size":982,"type":"Access Granted"}},
  {"_id":"cloudseer_badging_entry_exit_stats_hourly/12275770","_key":"12275770","_rev":"_Wz1EmrO--R","activities":{"badge_activity":"IN","bucket":[{"a":0,"b":1,"c":0,"d":0,"e":0,"f":0}],"hour":5,"size":4,"type":"Access Granted"}},
  {"_id":"cloudseer_badging_entry_exit_stats_hourly/12275830","_key":"12275830","_rev":"_Wz1EmrO-_N","activities":{"badge_activity":"IN","bucket":[{"a":0,"b":0,"c":0,"d":1,"e":0,"f":0}],"hour":13,"size":308,"type":"Access Granted"}},
  {"_id":"cloudseer_badging_entry_exit_stats_hourly/12275892","_key":"12275892","_rev":"_Wz1EmrO-AL","activities":{"badge_activity":"Exit","bucket":[{"a":0,"b":0,"c":0,"d":0,"e":0,"f":1}],"hour":21,"size":31,"type":"Access Granted"}},
  {"_id":"cloudseer_badging_entry_exit_stats_hourly/12275894","_key":"12275894","_rev":"_Wz1EmrO-AN","activities":{"badge_activity":"IN","bucket":[{"a":0,"b":0,"c":0,"d":0,"e":0,"f":1}],"hour":21,"size":21,"type":"Access Granted"}},
  {"_id":"cloudseer_badging_entry_exit_stats_hourly/12275860","_key":"12275860","_rev":"_Wz1EmrO-_r","activities":{"badge_activity":"Exit","bucket":[{"a":0,"b":0,"c":0,"d":0,"e":1,"f":0}],"hour":17,"size":2215,"type":"Access Granted"}},
  {"_id":"cloudseer_badging_entry_exit_stats_hourly/12275754","_key":"12275754","_rev":"_Wz1EmrO--B","activities":{"badge_activity":"Exit","bucket":[{"a":1,"b":0,"c":0,"d":0,"e":0,"f":0}],"hour":0,"size":53,"type":"Access Granted"}},
  {"_id":"cloudseer_badging_entry_exit_stats_hourly/12275960","_key":"12275960","_rev":"_Wz1EmrO-BP","activities":{"badge_activity":"Entry","bucket":[{"a":0,"b":0,"c":1,"d":0,"e":0,"f":0}],"hour":9,"size":3,"type":"Invalid Badge"}},
  {"_id":"cloudseer_badging_entry_exit_stats_hourly/12275802","_key":"12275802","_rev":"_Wz1EmrO--x","activities":{"badge_activity":"Entry","bucket":[{"a":0,"b":0,"c":1,"d":0,"e":0,"f":0}],"hour":10,"size":825,"type":"Access Granted"}},
  {"_id":"cloudseer_badging_entry_exit_stats_hourly/12275766","_key":"12275766","_rev":"_Wz1EmrO--N","activities":{"badge_activity":"Entry","bucket":[{"a":1,"b":0,"c":0,"d":0,"e":0,"f":0}],"hour":4,"size":1,"type":"Access Granted"}},
  {"_id":"cloudseer_badging_entry_exit_stats_hourly/12275896","_key":"12275896","_rev":"_Wz1EmrO-AP","activities":{"badge_activity":"OUT","bucket":[{"a":0,"b":0,"c":0,"d":0,"e":0,"f":1}],"hour":21,"size":62,"type":"Access Granted"}},
  {"_id":"cloudseer_badging_entry_exit_stats_hourly/12275904","_key":"12275904","_rev":"_Wz1EmrO-AX","activities":{"badge_activity":"OUT","bucket":[{"a":0,"b":0,"c":0,"d":0,"e":0,"f":1}],"hour":22,"size":19,"type":"Access Granted"}},
  {"_id":"cloudseer_badging_entry_exit_stats_hourly/12275966","_key":"12275966","_rev":"_Wz1EmrO-BV","activities":{"badge_activity":"Entry","bucket":[{"a":0,"b":0,"c":1,"d":0,"e":0,"f":0}],"hour":11,"size":5,"type":"Invalid Badge"}},
  {"_id":"cloudseer_badging_entry_exit_stats_hourly/12275812","_key":"12275812","_rev":"_Wz1EmrO--7","activities":{"badge_activity":"Exit","bucket":[{"a":0,"b":0,"c":1,"d":0,"e":0,"f":0}],"hour":11,"size":1152,"type":"Access Granted"}},
  {"_id":"cloudseer_badging_entry_exit_stats_hourly/12275870","_key":"12275870","_rev":"_Wz1EmrO-_1","activities":{"badge_activity":"IN","bucket":[{"a":0,"b":0,"c":0,"d":0,"e":1,"f":0}],"hour":18,"size":90,"type":"Access Granted"}},
  {"_id":"cloudseer_badging_entry_exit_stats_hourly/12275824","_key":"12275824","_rev":"_Wz1EmrO-_H","activities":{"badge_activity":"OUT","bucket":[{"a":0,"b":0,"c":1,"d":0,"e":0,"f":0}],"hour":12,"size":418,"type":"Access Granted"}},
  {"_id":"cloudseer_badging_entry_exit_stats_hourly/12275782","_key":"12275782","_rev":"_Wz1EmrO--d","activities":{"badge_activity":"IN","bucket":[{"a":0,"b":1,"c":0,"d":0,"e":0,"f":0}],"hour":7,"size":235,"type":"Access Granted"}},
  {"_id":"cloudseer_badging_entry_exit_stats_hourly/12275898","_key":"12275898","_rev":"_Wz1EmrO-AR","activities":{"badge_activity":"Entry","bucket":[{"a":0,"b":0,"c":0,"d":0,"e":0,"f":1}],"hour":22,"size":8,"type":"Access Granted"}},
  {"_id":"cloudseer_badging_entry_exit_stats_hourly/12275908","_key":"12275908","_rev":"_Wz1EmrO-Ab","activities":{"badge_activity":"Exit","bucket":[{"a":0,"b":0,"c":0,"d":0,"e":0,"f":1}],"hour":23,"size":5,"type":"Access Granted"}},
  {"_id":"cloudseer_badging_entry_exit_stats_hourly/12275846","_key":"12275846","_rev":"_Wz1EmrO-_d","activities":{"badge_activity":"IN","bucket":[{"a":0,"b":0,"c":0,"d":1,"e":0,"f":0}],"hour":15,"size":58,"type":"Access Granted"}},
  {"_id":"cloudseer_badging_entry_exit_stats_hourly/12275810","_key":"12275810","_rev":"_Wz1EmrO--5","activities":{"badge_activity":"Entry","bucket":[{"a":0,"b":0,"c":1,"d":0,"e":0,"f":0}],"hour":11,"size":682,"type":"Access Granted"}},
  {"_id":"cloudseer_badging_entry_exit_stats_hourly/12275972","_key":"12275972","_rev":"_Wz1EmrO-Bb","activities":{"badge_activity":"Entry","bucket":[{"a":0,"b":0,"c":0,"d":1,"e":0,"f":0}],"hour":13,"size":2,"type":"Invalid Badge"}},
  {"_id":"cloudseer_badging_entry_exit_stats_hourly/12275980","_key":"12275980","_rev":"_Wz1EmrO-Bj","activities":{"badge_activity":"Exit","bucket":[{"a":0,"b":0,"c":0,"d":1,"e":0,"f":0}],"hour":16,"size":4,"type":"Invalid Badge"}},
  {"_id":"cloudseer_badging_entry_exit_stats_hourly/12275884","_key":"12275884","_rev":"_Wz1EmrO-AD","activities":{"badge_activity":"Exit","bucket":[{"a":0,"b":0,"c":0,"d":0,"e":1,"f":0}],"hour":20,"size":60,"type":"Access Granted"}},
  {"_id":"cloudseer_badging_entry_exit_stats_hourly/12275926","_key":"12275926","_rev":"_Wz1EmrO-At","activities":{"badge_activity":"Entry","bucket":[{"a":0,"b":1,"c":0,"d":0,"e":0,"f":0}],"hour":8,"size":3,"type":"Inactive Badge"}},
  {"_id":"cloudseer_badging_entry_exit_stats_hourly/12275854","_key":"12275854","_rev":"_Wz1EmrO-_l","activities":{"badge_activity":"IN","bucket":[{"a":0,"b":0,"c":0,"d":1,"e":0,"f":0}],"hour":16,"size":68,"type":"Access Granted"}},
  {"_id":"cloudseer_badging_entry_exit_stats_hourly/12275844","_key":"12275844","_rev":"_Wz1EmrO-_b","activities":{"badge_activity":"Exit","bucket":[{"a":0,"b":0,"c":0,"d":1,"e":0,"f":0}],"hour":15,"size":871,"type":"Access Granted"}},
  {"_id":"cloudseer_badging_entry_exit_stats_hourly/12275816","_key":"12275816","_rev":"_Wz1EmrO-__","activities":{"badge_activity":"OUT","bucket":[{"a":0,"b":0,"c":1,"d":0,"e":0,"f":0}],"hour":11,"size":218,"type":"Access Granted"}},
  {"_id":"cloudseer_badging_entry_exit_stats_hourly/12275918","_key":"12275918","_rev":"_Wz1EmrO-Al","activities":{"badge_activity":"IN","bucket":[{"a":0,"b":0,"c":1,"d":0,"e":0,"f":0}],"hour":12,"size":3,"type":"Denied, Badge Not in Panel"}},
  {"_id":"cloudseer_badging_entry_exit_stats_hourly/12275760","_key":"12275760","_rev":"_Wz1EmrO--H","activities":{"badge_activity":"Entry","bucket":[{"a":1,"b":0,"c":0,"d":0,"e":0,"f":0}],"hour":3,"size":1,"type":"Access Granted"}},
  {"_id":"cloudseer_badging_entry_exit_stats_hourly/12275932","_key":"12275932","_rev":"_Wz1EmrO-Az","activities":{"badge_activity":"Entry","bucket":[{"a":0,"b":1,"c":0,"d":0,"e":0,"f":0}],"hour":8,"size":5,"type":"Invalid Access Level"}},
  {"_id":"cloudseer_badging_entry_exit_stats_hourly/12275916","_key":"12275916","_rev":"_Wz1EmrO-Aj","activities":{"badge_activity":"Entry","bucket":[{"a":0,"b":0,"c":1,"d":0,"e":0,"f":0}],"hour":11,"size":1,"type":"Denied, Badge Not in Panel"}},
  {"_id":"cloudseer_badging_entry_exit_stats_hourly/12275940","_key":"12275940","_rev":"_Wz1EmrO-A7","activities":{"badge_activity":"Entry","bucket":[{"a":0,"b":0,"c":1,"d":0,"e":0,"f":0}],"hour":12,"size":2,"type":"Invalid Access Level"}},
  {"_id":"cloudseer_badging_entry_exit_stats_hourly/12275964","_key":"12275964","_rev":"_Wz1EmrO-BT","activities":{"badge_activity":"Exit","bucket":[{"a":0,"b":0,"c":1,"d":0,"e":0,"f":0}],"hour":10,"size":1,"type":"Invalid Badge"}},
  {"_id":"cloudseer_badging_entry_exit_stats_hourly/12275792","_key":"12275792","_rev":"_Wz1EmrO--n","activities":{"badge_activity":"OUT","bucket":[{"a":0,"b":1,"c":0,"d":0,"e":0,"f":0}],"hour":8,"size":56,"type":"Access Granted"}},
  {"_id":"cloudseer_badging_entry_exit_stats_hourly/12275842","_key":"12275842","_rev":"_Wz1EmrO-_Z","activities":{"badge_activity":"Entry","bucket":[{"a":0,"b":0,"c":0,"d":1,"e":0,"f":0}],"hour":15,"size":623,"type":"Access Granted"}},
  {"_id":"cloudseer_badging_entry_exit_stats_hourly/12275784","_key":"12275784","_rev":"_Wz1EmrO--f","activities":{"badge_activity":"OUT","bucket":[{"a":0,"b":1,"c":0,"d":0,"e":0,"f":0}],"hour":7,"size":14,"type":"Access Granted"}},
  {"_id":"cloudseer_badging_entry_exit_stats_hourly/12275944","_key":"12275944","_rev":"_Wz1EmrO-B_","activities":{"badge_activity":"Entry","bucket":[{"a":0,"b":0,"c":0,"d":1,"e":0,"f":0}],"hour":14,"size":1,"type":"Invalid Access Level"}},
  {"_id":"cloudseer_badging_entry_exit_stats_hourly/12275758","_key":"12275758","_rev":"_Wz1EmrO--F","activities":{"badge_activity":"Exit","bucket":[{"a":1,"b":0,"c":0,"d":0,"e":0,"f":0}],"hour":1,"size":2,"type":"Access Granted"}},
  {"_id":"cloudseer_badging_entry_exit_stats_hourly/12275818","_key":"12275818","_rev":"_Wz1EmrO-_B","activities":{"badge_activity":"Entry","bucket":[{"a":0,"b":0,"c":1,"d":0,"e":0,"f":0}],"hour":12,"size":1179,"type":"Access Granted"}},
  {"_id":"cloudseer_badging_entry_exit_stats_hourly/12275780","_key":"12275780","_rev":"_Wz1EmrO--b","activities":{"badge_activity":"Exit","bucket":[{"a":0,"b":1,"c":0,"d":0,"e":0,"f":0}],"hour":7,"size":60,"type":"Access Granted"}},
  {"_id":"cloudseer_badging_entry_exit_stats_hourly/12275866","_key":"12275866","_rev":"_Wz1EmrO-_x","activities":{"badge_activity":"Entry","bucket":[{"a":0,"b":0,"c":0,"d":0,"e":1,"f":0}],"hour":18,"size":67,"type":"Access Granted"}},
  {"_id":"cloudseer_badging_entry_exit_stats_hourly/12275902","_key":"12275902","_rev":"_Wz1EmrO-AV","activities":{"badge_activity":"IN","bucket":[{"a":0,"b":0,"c":0,"d":0,"e":0,"f":1}],"hour":22,"size":9,"type":"Access Granted"}},
  {"_id":"cloudseer_badging_entry_exit_stats_hourly/12275874","_key":"12275874","_rev":"_Wz1EmrO-_5","activities":{"badge_activity":"Entry","bucket":[{"a":0,"b":0,"c":0,"d":0,"e":1,"f":0}],"hour":19,"size":26,"type":"Access Granted"}},
  {"_id":"cloudseer_badging_entry_exit_stats_hourly/12275880","_key":"12275880","_rev":"_Wz1EmrO-A_","activities":{"badge_activity":"OUT","bucket":[{"a":0,"b":0,"c":0,"d":0,"e":1,"f":0}],"hour":19,"size":153,"type":"Access Granted"}},
  {"_id":"cloudseer_badging_entry_exit_stats_hourly/12275858","_key":"12275858","_rev":"_Wz1EmrO-_p","activities":{"badge_activity":"Entry","bucket":[{"a":0,"b":0,"c":0,"d":0,"e":1,"f":0}],"hour":17,"size":239,"type":"Access Granted"}},
  {"_id":"cloudseer_badging_entry_exit_stats_hourly/12275788","_key":"12275788","_rev":"_Wz1EmrO--j","activities":{"badge_activity":"Exit","bucket":[{"a":0,"b":1,"c":0,"d":0,"e":0,"f":0}],"hour":8,"size":296,"type":"Access Granted"}},
  {"_id":"cloudseer_badging_entry_exit_stats_hourly/12275838","_key":"12275838","_rev":"_Wz1EmrO-_V","activities":{"badge_activity":"IN","bucket":[{"a":0,"b":0,"c":0,"d":1,"e":0,"f":0}],"hour":14,"size":114,"type":"Access Granted"}},
  {"_id":"cloudseer_badging_entry_exit_stats_hourly/12275762","_key":"12275762","_rev":"_Wz1EmrO--J","activities":{"badge_activity":"Exit","bucket":[{"a":1,"b":0,"c":0,"d":0,"e":0,"f":0}],"hour":3,"size":1,"type":"Access Granted"}},
  {"_id":"cloudseer_badging_entry_exit_stats_hourly/12275968","_key":"12275968","_rev":"_Wz1EmrO-BX","activities":{"badge_activity":"Exit","bucket":[{"a":0,"b":0,"c":1,"d":0,"e":0,"f":0}],"hour":11,"size":1,"type":"Invalid Badge"}},
  {"_id":"cloudseer_badging_entry_exit_stats_hourly/12275952","_key":"12275952","_rev":"_Wz1EmrO-BH","activities":{"badge_activity":"Entry","bucket":[{"a":0,"b":0,"c":0,"d":0,"e":1,"f":0}],"hour":20,"size":2,"type":"Invalid Access Level"}},
  {"_id":"cloudseer_badging_entry_exit_stats_hourly/12275750","_key":"12275750","_rev":"_Wz1EmrO--_","activities":{"badge_activity":"Entry","bucket":[{"a":1,"b":0,"c":0,"d":0,"e":0,"f":0}],"hour":0,"size":15,"type":"Access Granted"}},
  {"_id":"cloudseer_badging_entry_exit_stats_hourly/12275806","_key":"12275806","_rev":"_Wz1EmrO--1","activities":{"badge_activity":"IN","bucket":[{"a":0,"b":0,"c":1,"d":0,"e":0,"f":0}],"hour":10,"size":90,"type":"Access Granted"}},
  {"_id":"cloudseer_badging_entry_exit_stats_hourly/12275900","_key":"12275900","_rev":"_Wz1EmrO-AT","activities":{"badge_activity":"Exit","bucket":[{"a":0,"b":0,"c":0,"d":0,"e":0,"f":1}],"hour":22,"size":16,"type":"Access Granted"}},
  {"_id":"cloudseer_badging_entry_exit_stats_hourly/12275914","_key":"12275914","_rev":"_Wz1EmrO-Ah","activities":{"badge_activity":"Entry","bucket":[{"a":0,"b":0,"c":1,"d":0,"e":0,"f":0}],"hour":9,"size":20,"type":"Denied, Badge Not in Panel"}},
  {"_id":"cloudseer_badging_entry_exit_stats_hourly/12275862","_key":"12275862","_rev":"_Wz1EmrO-_t","activities":{"badge_activity":"IN","bucket":[{"a":0,"b":0,"c":0,"d":0,"e":1,"f":0}],"hour":17,"size":104,"type":"Access Granted"}},
  {"_id":"cloudseer_badging_entry_exit_stats_hourly/12275776","_key":"12275776","_rev":"_Wz1EmrO--X","activities":{"badge_activity":"IN","bucket":[{"a":0,"b":1,"c":0,"d":0,"e":0,"f":0}],"hour":6,"size":16,"type":"Access Granted"}},
  {"_id":"cloudseer_badging_entry_exit_stats_hourly/12275948","_key":"12275948","_rev":"_Wz1EmrO-BD","activities":{"badge_activity":"Entry","bucket":[{"a":0,"b":0,"c":0,"d":0,"e":1,"f":0}],"hour":18,"size":12,"type":"Invalid Access Level"}},
  {"_id":"cloudseer_badging_entry_exit_stats_hourly/12275840","_key":"12275840","_rev":"_Wz1EmrO-_X","activities":{"badge_activity":"OUT","bucket":[{"a":0,"b":0,"c":0,"d":1,"e":0,"f":0}],"hour":14,"size":106,"type":"Access Granted"}},
  {"_id":"cloudseer_badging_entry_exit_stats_hourly/12275888","_key":"12275888","_rev":"_Wz1EmrO-AH","activities":{"badge_activity":"OUT","bucket":[{"a":0,"b":0,"c":0,"d":0,"e":1,"f":0}],"hour":20,"size":75,"type":"Access Granted"}},
  {"_id":"cloudseer_badging_entry_exit_stats_hourly/12275920","_key":"12275920","_rev":"_Wz1EmrO-An","activities":{"badge_activity":"OUT","bucket":[{"a":0,"b":0,"c":1,"d":0,"e":0,"f":0}],"hour":12,"size":1,"type":"Denied, Badge Not in Panel"}},
  {"_id":"cloudseer_badging_entry_exit_stats_hourly/12275834","_key":"12275834","_rev":"_Wz1EmrO-_R","activities":{"badge_activity":"Entry","bucket":[{"a":0,"b":0,"c":0,"d":1,"e":0,"f":0}],"hour":14,"size":885,"type":"Access Granted"}},
  {"_id":"cloudseer_badging_entry_exit_stats_hourly/12275772","_key":"12275772","_rev":"_Wz1EmrO--T","activities":{"badge_activity":"Entry","bucket":[{"a":0,"b":1,"c":0,"d":0,"e":0,"f":0}],"hour":6,"size":126,"type":"Access Granted"}},
  {"_id":"cloudseer_badging_entry_exit_stats_hourly/12275928","_key":"12275928","_rev":"_Wz1EmrO-Av","activities":{"badge_activity":"Exit","bucket":[{"a":0,"b":0,"c":0,"d":1,"e":0,"f":0}],"hour":16,"size":2,"type":"Inactive Badge"}},
  {"_id":"cloudseer_badging_entry_exit_stats_hourly/12275814","_key":"12275814","_rev":"_Wz1EmrO--9","activities":{"badge_activity":"IN","bucket":[{"a":0,"b":0,"c":1,"d":0,"e":0,"f":0}],"hour":11,"size":76,"type":"Access Granted"}},
  {"_id":"cloudseer_badging_entry_exit_stats_hourly/12275936","_key":"12275936","_rev":"_Wz1EmrO-A3","activities":{"badge_activity":"Entry","bucket":[{"a":0,"b":0,"c":1,"d":0,"e":0,"f":0}],"hour":10,"size":4,"type":"Invalid Access Level"}},
  {"_id":"cloudseer_badging_entry_exit_stats_hourly/12275786","_key":"12275786","_rev":"_Wz1EmrO--h","activities":{"badge_activity":"Entry","bucket":[{"a":0,"b":1,"c":0,"d":0,"e":0,"f":0}],"hour":8,"size":2546,"type":"Access Granted"}},
  {"_id":"cloudseer_badging_entry_exit_stats_hourly/12275828","_key":"12275828","_rev":"_Wz1EmrO-_L","activities":{"badge_activity":"Exit","bucket":[{"a":0,"b":0,"c":0,"d":1,"e":0,"f":0}],"hour":13,"size":956,"type":"Access Granted"}},
  {"_id":"cloudseer_badging_entry_exit_stats_hourly/12275910","_key":"12275910","_rev":"_Wz1EmrO-Ad","activities":{"badge_activity":"OUT","bucket":[{"a":0,"b":0,"c":0,"d":0,"e":0,"f":1}],"hour":23,"size":2,"type":"Access Granted"}},
  {"_id":"cloudseer_badging_entry_exit_stats_hourly/12275890","_key":"12275890","_rev":"_Wz1EmrO-AJ","activities":{"badge_activity":"Entry","bucket":[{"a":0,"b":0,"c":0,"d":0,"e":0,"f":1}],"hour":21,"size":10,"type":"Access Granted"}},
  {"_id":"cloudseer_badging_entry_exit_stats_hourly/12275800","_key":"12275800","_rev":"_Wz1EmrO--v","activities":{"badge_activity":"OUT","bucket":[{"a":0,"b":0,"c":1,"d":0,"e":0,"f":0}],"hour":9,"size":63,"type":"Access Granted"}},
  {"_id":"cloudseer_badging_entry_exit_stats_hourly/12275774","_key":"12275774","_rev":"_Wz1EmrO--V","activities":{"badge_activity":"Exit","bucket":[{"a":0,"b":1,"c":0,"d":0,"e":0,"f":0}],"hour":6,"size":14,"type":"Access Granted"}},
  {"_id":"cloudseer_badging_entry_exit_stats_hourly/12275836","_key":"12275836","_rev":"_Wz1EmrO-_T","activities":{"badge_activity":"Exit","bucket":[{"a":0,"b":0,"c":0,"d":1,"e":0,"f":0}],"hour":14,"size":824,"type":"Access Granted"}},
  {"_id":"cloudseer_badging_entry_exit_stats_hourly/12275790","_key":"12275790","_rev":"_Wz1EmrO--l","activities":{"badge_activity":"IN","bucket":[{"a":0,"b":1,"c":0,"d":0,"e":0,"f":0}],"hour":8,"size":728,"type":"Access Granted"}},
  {"_id":"cloudseer_badging_entry_exit_stats_hourly/12275942","_key":"12275942","_rev":"_Wz1EmrO-A9","activities":{"badge_activity":"Entry","bucket":[{"a":0,"b":0,"c":0,"d":1,"e":0,"f":0}],"hour":13,"size":2,"type":"Invalid Access Level"}},
  {"_id":"cloudseer_badging_entry_exit_stats_hourly/12275950","_key":"12275950","_rev":"_Wz1EmrO-BF","activities":{"badge_activity":"Exit","bucket":[{"a":0,"b":0,"c":0,"d":0,"e":1,"f":0}],"hour":19,"size":1,"type":"Invalid Access Level"}},
  {"_id":"cloudseer_badging_entry_exit_stats_hourly/12275796","_key":"12275796","_rev":"_Wz1EmrO--r","activities":{"badge_activity":"Exit","bucket":[{"a":0,"b":0,"c":1,"d":0,"e":0,"f":0}],"hour":9,"size":501,"type":"Access Granted"}},
  {"_id":"cloudseer_badging_entry_exit_stats_hourly/12275756","_key":"12275756","_rev":"_Wz1EmrO--D","activities":{"badge_activity":"OUT","bucket":[{"a":1,"b":0,"c":0,"d":0,"e":0,"f":0}],"hour":0,"size":2,"type":"Access Granted"}},
  {"_id":"cloudseer_badging_entry_exit_stats_hourly/12275938","_key":"12275938","_rev":"_Wz1EmrO-A5","activities":{"badge_activity":"Exit","bucket":[{"a":0,"b":0,"c":1,"d":0,"e":0,"f":0}],"hour":11,"size":1,"type":"Invalid Access Level"}},
  {"_id":"cloudseer_badging_entry_exit_stats_hourly/12275864","_key":"12275864","_rev":"_Wz1EmrO-_v","activities":{"badge_activity":"OUT","bucket":[{"a":0,"b":0,"c":0,"d":0,"e":1,"f":0}],"hour":17,"size":588,"type":"Access Granted"}},
  {"_id":"cloudseer_badging_entry_exit_stats_hourly/12275826","_key":"12275826","_rev":"_Wz1EmrO-_J","activities":{"badge_activity":"Entry","bucket":[{"a":0,"b":0,"c":0,"d":1,"e":0,"f":0}],"hour":13,"size":1691,"type":"Access Granted"}},
  {"_id":"cloudseer_badging_entry_exit_stats_hourly/12275878","_key":"12275878","_rev":"_Wz1EmrO-_9","activities":{"badge_activity":"IN","bucket":[{"a":0,"b":0,"c":0,"d":0,"e":1,"f":0}],"hour":19,"size":60,"type":"Access Granted"}},
  {"_id":"cloudseer_badging_entry_exit_stats_hourly/12275954","_key":"12275954","_rev":"_Wz1EmrO-BJ","activities":{"badge_activity":"Exit","bucket":[{"a":0,"b":0,"c":0,"d":0,"e":1,"f":0}],"hour":20,"size":2,"type":"Invalid Access Level"}},
  {"_id":"cloudseer_badging_entry_exit_stats_hourly/12275934","_key":"12275934","_rev":"_Wz1EmrO-A1","activities":{"badge_activity":"Entry","bucket":[{"a":0,"b":0,"c":1,"d":0,"e":0,"f":0}],"hour":9,"size":4,"type":"Invalid Access Level"}},
  {"_id":"cloudseer_badging_entry_exit_stats_hourly/12275798","_key":"12275798","_rev":"_Wz1EmrO--t","activities":{"badge_activity":"IN","bucket":[{"a":0,"b":0,"c":1,"d":0,"e":0,"f":0}],"hour":9,"size":370,"type":"Access Granted"}},
  {"_id":"cloudseer_badging_entry_exit_stats_hourly/12275882","_key":"12275882","_rev":"_Wz1EmrO-AB","activities":{"badge_activity":"Entry","bucket":[{"a":0,"b":0,"c":0,"d":0,"e":1,"f":0}],"hour":20,"size":14,"type":"Access Granted"}},
  {"_id":"cloudseer_badging_entry_exit_stats_hourly/12275978","_key":"12275978","_rev":"_Wz1EmrO-Bh","activities":{"badge_activity":"Exit","bucket":[{"a":0,"b":0,"c":0,"d":1,"e":0,"f":0}],"hour":15,"size":2,"type":"Invalid Badge"}},
  {"_id":"cloudseer_badging_entry_exit_stats_hourly/12275852","_key":"12275852","_rev":"_Wz1EmrO-_j","activities":{"badge_activity":"Exit","bucket":[{"a":0,"b":0,"c":0,"d":1,"e":0,"f":0}],"hour":16,"size":1559,"type":"Access Granted"}},
  {"_id":"cloudseer_badging_entry_exit_stats_hourly/12275976","_key":"12275976","_rev":"_Wz1EmrO-Bf","activities":{"badge_activity":"Entry","bucket":[{"a":0,"b":0,"c":0,"d":1,"e":0,"f":0}],"hour":15,"size":2,"type":"Invalid Badge"}},
  {"_id":"cloudseer_badging_entry_exit_stats_hourly/12275768","_key":"12275768","_rev":"_Wz1EmrO--P","activities":{"badge_activity":"Exit","bucket":[{"a":1,"b":0,"c":0,"d":0,"e":0,"f":0}],"hour":4,"size":1,"type":"Access Granted"}},
  {"_id":"cloudseer_badging_entry_exit_stats_hourly/12275970","_key":"12275970","_rev":"_Wz1EmrO-BZ","activities":{"badge_activity":"Exit","bucket":[{"a":0,"b":0,"c":1,"d":0,"e":0,"f":0}],"hour":12,"size":5,"type":"Invalid Badge"}},
  {"_id":"cloudseer_badging_entry_exit_stats_hourly/12275974","_key":"12275974","_rev":"_Wz1EmrO-Bd","activities":{"badge_activity":"Exit","bucket":[{"a":0,"b":0,"c":0,"d":1,"e":0,"f":0}],"hour":13,"size":5,"type":"Invalid Badge"}},
  {"_id":"cloudseer_badging_entry_exit_stats_hourly/12275946","_key":"12275946","_rev":"_Wz1EmrO-BB","activities":{"badge_activity":"Entry","bucket":[{"a":0,"b":0,"c":0,"d":0,"e":1,"f":0}],"hour":17,"size":13,"type":"Invalid Access Level"}},
  {"_id":"cloudseer_badging_entry_exit_stats_hourly/12275924","_key":"12275924","_rev":"_Wz1EmrO-Ar","activities":{"badge_activity":"Exit","bucket":[{"a":0,"b":0,"c":0,"d":0,"e":0,"f":1}],"hour":21,"size":2,"type":"Denied, Badge Not in Panel"}},
  {"_id":"cloudseer_badging_entry_exit_stats_hourly/12275886","_key":"12275886","_rev":"_Wz1EmrO-AF","activities":{"badge_activity":"IN","bucket":[{"a":0,"b":0,"c":0,"d":0,"e":1,"f":0}],"hour":20,"size":33,"type":"Access Granted"}},
  {"_id":"cloudseer_badging_entry_exit_stats_hourly/12275868","_key":"12275868","_rev":"_Wz1EmrO-_z","activities":{"badge_activity":"Exit","bucket":[{"a":0,"b":0,"c":0,"d":0,"e":1,"f":0}],"hour":18,"size":787,"type":"Access Granted"}},
  {"_id":"cloudseer_badging_entry_exit_stats_hourly/12275872","_key":"12275872","_rev":"_Wz1EmrO-_3","activities":{"badge_activity":"OUT","bucket":[{"a":0,"b":0,"c":0,"d":0,"e":1,"f":0}],"hour":18,"size":308,"type":"Access Granted"}},
  {"_id":"cloudseer_badging_entry_exit_stats_hourly/12275906","_key":"12275906","_rev":"_Wz1EmrO-AZ","activities":{"badge_activity":"Entry","bucket":[{"a":0,"b":0,"c":0,"d":0,"e":0,"f":1}],"hour":23,"size":46,"type":"Access Granted"}},
  {"_id":"cloudseer_badging_entry_exit_stats_hourly/12275922","_key":"12275922","_rev":"_Wz1EmrO-Ap","activities":{"badge_activity":"Entry","bucket":[{"a":0,"b":0,"c":0,"d":0,"e":1,"f":0}],"hour":20,"size":1,"type":"Denied, Badge Not in Panel"}},
  {"_id":"cloudseer_badging_entry_exit_stats_hourly/12275876","_key":"12275876","_rev":"_Wz1EmrO-_7","activities":{"badge_activity":"Exit","bucket":[{"a":0,"b":0,"c":0,"d":0,"e":1,"f":0}],"hour":19,"size":261,"type":"Access Granted"}},
  {"_id":"cloudseer_badging_entry_exit_stats_hourly/12275982","_key":"12275982","_rev":"_Wz1EmrO-Bl","activities":{"badge_activity":"Exit","bucket":[{"a":0,"b":0,"c":0,"d":0,"e":1,"f":0}],"hour":17,"size":1,"type":"Invalid Badge"}},
  {"_id":"cloudseer_badging_entry_exit_stats_hourly/12275930","_key":"12275930","_rev":"_Wz1EmrO-Ax","activities":{"badge_activity":"Entry","bucket":[{"a":0,"b":1,"c":0,"d":0,"e":0,"f":0}],"hour":7,"size":6,"type":"Invalid Access Level"}},
  {"_id":"cloudseer_badging_entry_exit_stats_hourly/12275958","_key":"12275958","_rev":"_Wz1EmrO-BN","activities":{"badge_activity":"Entry","bucket":[{"a":0,"b":1,"c":0,"d":0,"e":0,"f":0}],"hour":8,"size":5,"type":"Invalid Badge"}},
  {"_id":"cloudseer_badging_entry_exit_stats_hourly/12275848","_key":"12275848","_rev":"_Wz1EmrO-_f","activities":{"badge_activity":"OUT","bucket":[{"a":0,"b":0,"c":0,"d":1,"e":0,"f":0}],"hour":15,"size":171,"type":"Access Granted"}},
  {"_id":"cloudseer_badging_entry_exit_stats_hourly/12275804","_key":"12275804","_rev":"_Wz1EmrO--z","activities":{"badge_activity":"Exit","bucket":[{"a":0,"b":0,"c":1,"d":0,"e":0,"f":0}],"hour":10,"size":607,"type":"Access Granted"}},
  {"_id":"cloudseer_badging_entry_exit_stats_hourly/12275962","_key":"12275962","_rev":"_Wz1EmrO-BR","activities":{"badge_activity":"Entry","bucket":[{"a":0,"b":0,"c":1,"d":0,"e":0,"f":0}],"hour":10,"size":11,"type":"Invalid Badge"}},
  {"_id":"cloudseer_badging_entry_exit_stats_hourly/12275764","_key":"12275764","_rev":"_Wz1EmrO--L","activities":{"badge_activity":"OUT","bucket":[{"a":1,"b":0,"c":0,"d":0,"e":0,"f":0}],"hour":3,"size":1,"type":"Access Granted"}},
  {"_id":"cloudseer_badging_entry_exit_stats_hourly/12275956","_key":"12275956","_rev":"_Wz1EmrO-BL","activities":{"badge_activity":"Entry","bucket":[{"a":0,"b":1,"c":0,"d":0,"e":0,"f":0}],"hour":7,"size":11,"type":"Invalid Badge"}},
  {"_id":"cloudseer_badging_entry_exit_stats_hourly/12275986","_key":"12275986","_rev":"_Wz1EmrO-Bp","activities":{"badge_activity":"Exit","bucket":[{"a":0,"b":0,"c":0,"d":0,"e":1,"f":0}],"hour":20,"size":4,"type":"Invalid Badge"}},
  {"_id":"cloudseer_badging_entry_exit_stats_hourly/12275794","_key":"12275794","_rev":"_Wz1EmrO--p","activities":{"badge_activity":"Entry","bucket":[{"a":0,"b":0,"c":1,"d":0,"e":0,"f":0}],"hour":9,"size":1663,"type":"Access Granted"}},
  {"_id":"cloudseer_badging_entry_exit_stats_hourly/12275820","_key":"12275820","_rev":"_Wz1EmrO-_D","activities":{"badge_activity":"Exit","bucket":[{"a":0,"b":0,"c":1,"d":0,"e":0,"f":0}],"hour":12,"size":1854,"type":"Access Granted"}},
  {"_id":"cloudseer_badging_entry_exit_stats_hourly/12275984","_key":"12275984","_rev":"_Wz1EmrO-Bn","activities":{"badge_activity":"Exit","bucket":[{"a":0,"b":0,"c":0,"d":0,"e":1,"f":0}],"hour":19,"size":3,"type":"Invalid Badge"}},
  {"_id":"cloudseer_badging_entry_exit_stats_hourly/12275912","_key":"12275912","_rev":"_Wz1EmrO-Af","activities":{"badge_activity":"Entry","bucket":[{"a":0,"b":1,"c":0,"d":0,"e":0,"f":0}],"hour":8,"size":3,"type":"Denied, Badge Not in Panel"}},
  {"_id":"cloudseer_badging_entry_exit_stats_hourly/12275850","_key":"12275850","_rev":"_Wz1EmrO-_h","activities":{"badge_activity":"Entry","bucket":[{"a":0,"b":0,"c":0,"d":1,"e":0,"f":0}],"hour":16,"size":336,"type":"Access Granted"}},
  {"_id":"cloudseer_badging_entry_exit_stats_hourly/12275808","_key":"12275808","_rev":"_Wz1EmrO--3","activities":{"badge_activity":"OUT","bucket":[{"a":0,"b":0,"c":1,"d":0,"e":0,"f":0}],"hour":10,"size":64,"type":"Access Granted"}},
  {"_id":"cloudseer_badging_entry_exit_stats_hourly/12275856","_key":"12275856","_rev":"_Wz1EmrO-_n","activities":{"badge_activity":"OUT","bucket":[{"a":0,"b":0,"c":0,"d":1,"e":0,"f":0}],"hour":16,"size":290,"type":"Access Granted"}},
  {"_id":"cloudseer_badging_entry_exit_stats_hourly/12275822","_key":"12275822","_rev":"_Wz1EmrO-_F","activities":{"badge_activity":"IN","bucket":[{"a":0,"b":0,"c":1,"d":0,"e":0,"f":0}],"hour":12,"size":272,"type":"Access Granted"}}
]