[
  {"_id":"cloudseer_lenel_statuses/12274841","_key":"12274841","_rev":"_Wz1D5bm--F","occurances":55,"type":"Invalid Access Level"},
  {"_id":"cloudseer_lenel_statuses/12274839","_key":"12274839","_rev":"_Wz1D5bm--D","occurances":5,"type":"Inactive Badge"},
  {"_id":"cloudseer_lenel_statuses/12274843","_key":"12274843","_rev":"_Wz1D5bm--H","occurances":65,"type":"Invalid Badge"},
  {"_id":"cloudseer_lenel_statuses/12274837","_key":"12274837","_rev":"_Wz1D5bm--B","occurances":31,"type":"Denied, Badge Not in Panel"},
  {"_id":"cloudseer_lenel_statuses/12274833","_key":"12274833","_rev":"_Wz1D5bm--_","occurances":29467,"type":"Access Granted"}
]