[
  {"_id":"cloudseer_daily_hourwise_total_badging/12277162","_key":"12277162","_rev":"_Wz1GDrC--b","all_count":1930,"avg":77,"hour":14},
  {"_id":"cloudseer_daily_hourwise_total_badging/12277180","_key":"12277180","_rev":"_Wz1GDrC--t","all_count":53,"avg":2,"hour":23},
  {"_id":"cloudseer_daily_hourwise_total_badging/12277132","_key":"12277132","_rev":"_Wz1GDrC--_","all_count":70,"avg":2,"hour":0},
  {"_id":"cloudseer_daily_hourwise_total_badging/12277178","_key":"12277178","_rev":"_Wz1GDrC--r","all_count":52,"avg":3,"hour":22},
  {"_id":"cloudseer_daily_hourwise_total_badging/12277160","_key":"12277160","_rev":"_Wz1GDrC--Z","all_count":3074,"avg":102,"hour":13},
  {"_id":"cloudseer_daily_hourwise_total_badging/12277170","_key":"12277170","_rev":"_Wz1GDrC--j","all_count":1264,"avg":45,"hour":18},
  {"_id":"cloudseer_daily_hourwise_total_badging/12277168","_key":"12277168","_rev":"_Wz1GDrC--h","all_count":3160,"avg":108,"hour":17},
  {"_id":"cloudseer_daily_hourwise_total_badging/12277166","_key":"12277166","_rev":"_Wz1GDrC--f","all_count":2259,"avg":80,"hour":16},
  {"_id":"cloudseer_daily_hourwise_total_badging/12277150","_key":"12277150","_rev":"_Wz1GDrC--P","all_count":3642,"avg":107,"hour":8},
  {"_id":"cloudseer_daily_hourwise_total_badging/12277138","_key":"12277138","_rev":"_Wz1GDrC--D","all_count":0,"avg":0,"hour":2},
  {"_id":"cloudseer_daily_hourwise_total_badging/12277152","_key":"12277152","_rev":"_Wz1GDrC--R","all_count":2624,"avg":87,"hour":9},
  {"_id":"cloudseer_daily_hourwise_total_badging/12277148","_key":"12277148","_rev":"_Wz1GDrC--N","all_count":1308,"avg":39,"hour":7},
  {"_id":"cloudseer_daily_hourwise_total_badging/12277140","_key":"12277140","_rev":"_Wz1GDrC--F","all_count":3,"avg":1,"hour":3},
  {"_id":"cloudseer_daily_hourwise_total_badging/12277146","_key":"12277146","_rev":"_Wz1GDrC--L","all_count":156,"avg":7,"hour":6},
  {"_id":"cloudseer_daily_hourwise_total_badging/12277144","_key":"12277144","_rev":"_Wz1GDrC--J","all_count":4,"avg":1,"hour":5},
  {"_id":"cloudseer_daily_hourwise_total_badging/12277142","_key":"12277142","_rev":"_Wz1GDrC--H","all_count":2,"avg":2,"hour":4},
  {"_id":"cloudseer_daily_hourwise_total_badging/12277176","_key":"12277176","_rev":"_Wz1GDrC--p","all_count":126,"avg":5,"hour":21},
  {"_id":"cloudseer_daily_hourwise_total_badging/12277158","_key":"12277158","_rev":"_Wz1GDrC--X","all_count":3734,"avg":124,"hour":12},
  {"_id":"cloudseer_daily_hourwise_total_badging/12277156","_key":"12277156","_rev":"_Wz1GDrC--V","all_count":2136,"avg":76,"hour":11},
  {"_id":"cloudseer_daily_hourwise_total_badging/12277136","_key":"12277136","_rev":"_Wz1GDrC--B","all_count":2,"avg":1,"hour":1},
  {"_id":"cloudseer_daily_hourwise_total_badging/12277174","_key":"12277174","_rev":"_Wz1GDrC--n","all_count":191,"avg":7,"hour":20},
  {"_id":"cloudseer_daily_hourwise_total_badging/12277164","_key":"12277164","_rev":"_Wz1GDrC--d","all_count":1727,"avg":61,"hour":15},
  {"_id":"cloudseer_daily_hourwise_total_badging/12277172","_key":"12277172","_rev":"_Wz1GDrC--l","all_count":504,"avg":21,"hour":19},
  {"_id":"cloudseer_daily_hourwise_total_badging/12277154","_key":"12277154","_rev":"_Wz1GDrC--T","all_count":1602,"avg":55,"hour":10}
]