[
  {"_id":"cloudseer_badging_activities_per_status_pattern_stats_hourly/12274990","_key":"12274990","_rev":"_Wz1EBjK-_D","activities":{"bucket":[{"a":0,"b":0,"c":1,"d":0,"e":0,"f":0}],"hour":10,"size":4,"type":"Invalid Access Level"}},
  {"_id":"cloudseer_badging_activities_per_status_pattern_stats_hourly/12274952","_key":"12274952","_rev":"_Wz1EBjK--d","activities":{"bucket":[{"a":0,"b":0,"c":0,"d":1,"e":0,"f":0}],"hour":16,"size":2253,"type":"Access Granted"}},
  {"_id":"cloudseer_badging_activities_per_status_pattern_stats_hourly/12275018","_key":"12275018","_rev":"_Wz1EBjK-_f","activities":{"bucket":[{"a":0,"b":0,"c":1,"d":0,"e":0,"f":0}],"hour":12,"size":5,"type":"Invalid Badge"}},
  {"_id":"cloudseer_badging_activities_per_status_pattern_stats_hourly/12274932","_key":"12274932","_rev":"_Wz1EBjK--J","activities":{"bucket":[{"a":0,"b":1,"c":0,"d":0,"e":0,"f":0}],"hour":6,"size":156,"type":"Access Granted"}},
  {"_id":"cloudseer_badging_activities_per_status_pattern_stats_hourly/12274942","_key":"12274942","_rev":"_Wz1EBjK--T","activities":{"bucket":[{"a":0,"b":0,"c":1,"d":0,"e":0,"f":0}],"hour":11,"size":2128,"type":"Access Granted"}},
  {"_id":"cloudseer_badging_activities_per_status_pattern_stats_hourly/12274920","_key":"12274920","_rev":"_Wz1EBjK--_","activities":{"bucket":[{"a":1,"b":0,"c":0,"d":0,"e":0,"f":0}],"hour":0,"size":70,"type":"Access Granted"}},
  {"_id":"cloudseer_badging_activities_per_status_pattern_stats_hourly/12275000","_key":"12275000","_rev":"_Wz1EBjK-_N","activities":{"bucket":[{"a":0,"b":0,"c":0,"d":0,"e":1,"f":0}],"hour":17,"size":13,"type":"Invalid Access Level"}},
  {"_id":"cloudseer_badging_activities_per_status_pattern_stats_hourly/12274996","_key":"12274996","_rev":"_Wz1EBjK-_J","activities":{"bucket":[{"a":0,"b":0,"c":0,"d":1,"e":0,"f":0}],"hour":13,"size":2,"type":"Invalid Access Level"}},
  {"_id":"cloudseer_badging_activities_per_status_pattern_stats_hourly/12274958","_key":"12274958","_rev":"_Wz1EBjK--j","activities":{"bucket":[{"a":0,"b":0,"c":0,"d":0,"e":1,"f":0}],"hour":19,"size":500,"type":"Access Granted"}},
  {"_id":"cloudseer_badging_activities_per_status_pattern_stats_hourly/12274964","_key":"12274964","_rev":"_Wz1EBjK--p","activities":{"bucket":[{"a":0,"b":0,"c":0,"d":0,"e":0,"f":1}],"hour":22,"size":52,"type":"Access Granted"}},
  {"_id":"cloudseer_badging_activities_per_status_pattern_stats_hourly/12274970","_key":"12274970","_rev":"_Wz1EBjK--v","activities":{"bucket":[{"a":0,"b":0,"c":1,"d":0,"e":0,"f":0}],"hour":9,"size":20,"type":"Denied, Badge Not in Panel"}},
  {"_id":"cloudseer_badging_activities_per_status_pattern_stats_hourly/12274986","_key":"12274986","_rev":"_Wz1EBjK-__","activities":{"bucket":[{"a":0,"b":1,"c":0,"d":0,"e":0,"f":0}],"hour":8,"size":5,"type":"Invalid Access Level"}},
  {"_id":"cloudseer_badging_activities_per_status_pattern_stats_hourly/12274960","_key":"12274960","_rev":"_Wz1EBjK--l","activities":{"bucket":[{"a":0,"b":0,"c":0,"d":0,"e":1,"f":0}],"hour":20,"size":182,"type":"Access Granted"}},
  {"_id":"cloudseer_badging_activities_per_status_pattern_stats_hourly/12274980","_key":"12274980","_rev":"_Wz1EBjK--5","activities":{"bucket":[{"a":0,"b":1,"c":0,"d":0,"e":0,"f":0}],"hour":8,"size":3,"type":"Inactive Badge"}},
  {"_id":"cloudseer_badging_activities_per_status_pattern_stats_hourly/12274992","_key":"12274992","_rev":"_Wz1EBjK-_F","activities":{"bucket":[{"a":0,"b":0,"c":1,"d":0,"e":0,"f":0}],"hour":11,"size":1,"type":"Invalid Access Level"}},
  {"_id":"cloudseer_badging_activities_per_status_pattern_stats_hourly/12274934","_key":"12274934","_rev":"_Wz1EBjK--L","activities":{"bucket":[{"a":0,"b":1,"c":0,"d":0,"e":0,"f":0}],"hour":7,"size":1291,"type":"Access Granted"}},
  {"_id":"cloudseer_badging_activities_per_status_pattern_stats_hourly/12274938","_key":"12274938","_rev":"_Wz1EBjK--P","activities":{"bucket":[{"a":0,"b":0,"c":1,"d":0,"e":0,"f":0}],"hour":9,"size":2597,"type":"Access Granted"}},
  {"_id":"cloudseer_badging_activities_per_status_pattern_stats_hourly/12275016","_key":"12275016","_rev":"_Wz1EBjK-_d","activities":{"bucket":[{"a":0,"b":0,"c":1,"d":0,"e":0,"f":0}],"hour":11,"size":6,"type":"Invalid Badge"}},
  {"_id":"cloudseer_badging_activities_per_status_pattern_stats_hourly/12275006","_key":"12275006","_rev":"_Wz1EBjK-_T","activities":{"bucket":[{"a":0,"b":0,"c":0,"d":0,"e":1,"f":0}],"hour":20,"size":4,"type":"Invalid Access Level"}},
  {"_id":"cloudseer_badging_activities_per_status_pattern_stats_hourly/12274984","_key":"12274984","_rev":"_Wz1EBjK--9","activities":{"bucket":[{"a":0,"b":1,"c":0,"d":0,"e":0,"f":0}],"hour":7,"size":6,"type":"Invalid Access Level"}},
  {"_id":"cloudseer_badging_activities_per_status_pattern_stats_hourly/12274982","_key":"12274982","_rev":"_Wz1EBjK--7","activities":{"bucket":[{"a":0,"b":0,"c":0,"d":1,"e":0,"f":0}],"hour":16,"size":2,"type":"Inactive Badge"}},
  {"_id":"cloudseer_badging_activities_per_status_pattern_stats_hourly/12274994","_key":"12274994","_rev":"_Wz1EBjK-_H","activities":{"bucket":[{"a":0,"b":0,"c":1,"d":0,"e":0,"f":0}],"hour":12,"size":2,"type":"Invalid Access Level"}},
  {"_id":"cloudseer_badging_activities_per_status_pattern_stats_hourly/12274978","_key":"12274978","_rev":"_Wz1EBjK--3","activities":{"bucket":[{"a":0,"b":0,"c":0,"d":0,"e":0,"f":1}],"hour":21,"size":2,"type":"Denied, Badge Not in Panel"}},
  {"_id":"cloudseer_badging_activities_per_status_pattern_stats_hourly/12275028","_key":"12275028","_rev":"_Wz1EBjK-_p","activities":{"bucket":[{"a":0,"b":0,"c":0,"d":0,"e":1,"f":0}],"hour":19,"size":3,"type":"Invalid Badge"}},
  {"_id":"cloudseer_badging_activities_per_status_pattern_stats_hourly/12275012","_key":"12275012","_rev":"_Wz1EBjK-_Z","activities":{"bucket":[{"a":0,"b":0,"c":1,"d":0,"e":0,"f":0}],"hour":9,"size":3,"type":"Invalid Badge"}},
  {"_id":"cloudseer_badging_activities_per_status_pattern_stats_hourly/12275014","_key":"12275014","_rev":"_Wz1EBjK-_b","activities":{"bucket":[{"a":0,"b":0,"c":1,"d":0,"e":0,"f":0}],"hour":10,"size":12,"type":"Invalid Badge"}},
  {"_id":"cloudseer_badging_activities_per_status_pattern_stats_hourly/12274972","_key":"12274972","_rev":"_Wz1EBjK--x","activities":{"bucket":[{"a":0,"b":0,"c":1,"d":0,"e":0,"f":0}],"hour":11,"size":1,"type":"Denied, Badge Not in Panel"}},
  {"_id":"cloudseer_badging_activities_per_status_pattern_stats_hourly/12274936","_key":"12274936","_rev":"_Wz1EBjK--N","activities":{"bucket":[{"a":0,"b":1,"c":0,"d":0,"e":0,"f":0}],"hour":8,"size":3626,"type":"Access Granted"}},
  {"_id":"cloudseer_badging_activities_per_status_pattern_stats_hourly/12274954","_key":"12274954","_rev":"_Wz1EBjK--f","activities":{"bucket":[{"a":0,"b":0,"c":0,"d":0,"e":1,"f":0}],"hour":17,"size":3146,"type":"Access Granted"}},
  {"_id":"cloudseer_badging_activities_per_status_pattern_stats_hourly/12274998","_key":"12274998","_rev":"_Wz1EBjK-_L","activities":{"bucket":[{"a":0,"b":0,"c":0,"d":1,"e":0,"f":0}],"hour":14,"size":1,"type":"Invalid Access Level"}},
  {"_id":"cloudseer_badging_activities_per_status_pattern_stats_hourly/12275022","_key":"12275022","_rev":"_Wz1EBjK-_j","activities":{"bucket":[{"a":0,"b":0,"c":0,"d":1,"e":0,"f":0}],"hour":15,"size":4,"type":"Invalid Badge"}},
  {"_id":"cloudseer_badging_activities_per_status_pattern_stats_hourly/12274928","_key":"12274928","_rev":"_Wz1EBjK--F","activities":{"bucket":[{"a":1,"b":0,"c":0,"d":0,"e":0,"f":0}],"hour":4,"size":2,"type":"Access Granted"}},
  {"_id":"cloudseer_badging_activities_per_status_pattern_stats_hourly/12275030","_key":"12275030","_rev":"_Wz1EBjK-_r","activities":{"bucket":[{"a":0,"b":0,"c":0,"d":0,"e":1,"f":0}],"hour":20,"size":4,"type":"Invalid Badge"}},
  {"_id":"cloudseer_badging_activities_per_status_pattern_stats_hourly/12274924","_key":"12274924","_rev":"_Wz1EBjK--B","activities":{"bucket":[{"a":1,"b":0,"c":0,"d":0,"e":0,"f":0}],"hour":1,"size":2,"type":"Access Granted"}},
  {"_id":"cloudseer_badging_activities_per_status_pattern_stats_hourly/12274988","_key":"12274988","_rev":"_Wz1EBjK-_B","activities":{"bucket":[{"a":0,"b":0,"c":1,"d":0,"e":0,"f":0}],"hour":9,"size":4,"type":"Invalid Access Level"}},
  {"_id":"cloudseer_badging_activities_per_status_pattern_stats_hourly/12274966","_key":"12274966","_rev":"_Wz1EBjK--r","activities":{"bucket":[{"a":0,"b":0,"c":0,"d":0,"e":0,"f":1}],"hour":23,"size":53,"type":"Access Granted"}},
  {"_id":"cloudseer_badging_activities_per_status_pattern_stats_hourly/12274948","_key":"12274948","_rev":"_Wz1EBjK--Z","activities":{"bucket":[{"a":0,"b":0,"c":0,"d":1,"e":0,"f":0}],"hour":14,"size":1929,"type":"Access Granted"}},
  {"_id":"cloudseer_badging_activities_per_status_pattern_stats_hourly/12274974","_key":"12274974","_rev":"_Wz1EBjK--z","activities":{"bucket":[{"a":0,"b":0,"c":1,"d":0,"e":0,"f":0}],"hour":12,"size":4,"type":"Denied, Badge Not in Panel"}},
  {"_id":"cloudseer_badging_activities_per_status_pattern_stats_hourly/12274962","_key":"12274962","_rev":"_Wz1EBjK--n","activities":{"bucket":[{"a":0,"b":0,"c":0,"d":0,"e":0,"f":1}],"hour":21,"size":124,"type":"Access Granted"}},
  {"_id":"cloudseer_badging_activities_per_status_pattern_stats_hourly/12275002","_key":"12275002","_rev":"_Wz1EBjK-_P","activities":{"bucket":[{"a":0,"b":0,"c":0,"d":0,"e":1,"f":0}],"hour":18,"size":12,"type":"Invalid Access Level"}},
  {"_id":"cloudseer_badging_activities_per_status_pattern_stats_hourly/12275024","_key":"12275024","_rev":"_Wz1EBjK-_l","activities":{"bucket":[{"a":0,"b":0,"c":0,"d":1,"e":0,"f":0}],"hour":16,"size":4,"type":"Invalid Badge"}},
  {"_id":"cloudseer_badging_activities_per_status_pattern_stats_hourly/12275026","_key":"12275026","_rev":"_Wz1EBjK-_n","activities":{"bucket":[{"a":0,"b":0,"c":0,"d":0,"e":1,"f":0}],"hour":17,"size":1,"type":"Invalid Badge"}},
  {"_id":"cloudseer_badging_activities_per_status_pattern_stats_hourly/12274950","_key":"12274950","_rev":"_Wz1EBjK--b","activities":{"bucket":[{"a":0,"b":0,"c":0,"d":1,"e":0,"f":0}],"hour":15,"size":1723,"type":"Access Granted"}},
  {"_id":"cloudseer_badging_activities_per_status_pattern_stats_hourly/12275020","_key":"12275020","_rev":"_Wz1EBjK-_h","activities":{"bucket":[{"a":0,"b":0,"c":0,"d":1,"e":0,"f":0}],"hour":13,"size":7,"type":"Invalid Badge"}},
  {"_id":"cloudseer_badging_activities_per_status_pattern_stats_hourly/12274956","_key":"12274956","_rev":"_Wz1EBjK--h","activities":{"bucket":[{"a":0,"b":0,"c":0,"d":0,"e":1,"f":0}],"hour":18,"size":1252,"type":"Access Granted"}},
  {"_id":"cloudseer_badging_activities_per_status_pattern_stats_hourly/12274930","_key":"12274930","_rev":"_Wz1EBjK--H","activities":{"bucket":[{"a":0,"b":1,"c":0,"d":0,"e":0,"f":0}],"hour":5,"size":4,"type":"Access Granted"}},
  {"_id":"cloudseer_badging_activities_per_status_pattern_stats_hourly/12274940","_key":"12274940","_rev":"_Wz1EBjK--R","activities":{"bucket":[{"a":0,"b":0,"c":1,"d":0,"e":0,"f":0}],"hour":10,"size":1586,"type":"Access Granted"}},
  {"_id":"cloudseer_badging_activities_per_status_pattern_stats_hourly/12274946","_key":"12274946","_rev":"_Wz1EBjK--X","activities":{"bucket":[{"a":0,"b":0,"c":0,"d":1,"e":0,"f":0}],"hour":13,"size":3065,"type":"Access Granted"}},
  {"_id":"cloudseer_badging_activities_per_status_pattern_stats_hourly/12275004","_key":"12275004","_rev":"_Wz1EBjK-_R","activities":{"bucket":[{"a":0,"b":0,"c":0,"d":0,"e":1,"f":0}],"hour":19,"size":1,"type":"Invalid Access Level"}},
  {"_id":"cloudseer_badging_activities_per_status_pattern_stats_hourly/12274976","_key":"12274976","_rev":"_Wz1EBjK--1","activities":{"bucket":[{"a":0,"b":0,"c":0,"d":0,"e":1,"f":0}],"hour":20,"size":1,"type":"Denied, Badge Not in Panel"}},
  {"_id":"cloudseer_badging_activities_per_status_pattern_stats_hourly/12275008","_key":"12275008","_rev":"_Wz1EBjK-_V","activities":{"bucket":[{"a":0,"b":1,"c":0,"d":0,"e":0,"f":0}],"hour":7,"size":11,"type":"Invalid Badge"}},
  {"_id":"cloudseer_badging_activities_per_status_pattern_stats_hourly/12274944","_key":"12274944","_rev":"_Wz1EBjK--V","activities":{"bucket":[{"a":0,"b":0,"c":1,"d":0,"e":0,"f":0}],"hour":12,"size":3723,"type":"Access Granted"}},
  {"_id":"cloudseer_badging_activities_per_status_pattern_stats_hourly/12274968","_key":"12274968","_rev":"_Wz1EBjK--t","activities":{"bucket":[{"a":0,"b":1,"c":0,"d":0,"e":0,"f":0}],"hour":8,"size":3,"type":"Denied, Badge Not in Panel"}},
  {"_id":"cloudseer_badging_activities_per_status_pattern_stats_hourly/12274926","_key":"12274926","_rev":"_Wz1EBjK--D","activities":{"bucket":[{"a":1,"b":0,"c":0,"d":0,"e":0,"f":0}],"hour":3,"size":3,"type":"Access Granted"}},
  {"_id":"cloudseer_badging_activities_per_status_pattern_stats_hourly/12275010","_key":"12275010","_rev":"_Wz1EBjK-_X","activities":{"bucket":[{"a":0,"b":1,"c":0,"d":0,"e":0,"f":0}],"hour":8,"size":5,"type":"Invalid Badge"}}
]