[
  {"_id":"cloudseer_stats_activities_vpn_nw_device_per_hour/12310050","_key":"12310050","_rev":"_Wz1JBA---J","activities":{"device":"hershey-dc-pa-vpn01","hour":22,"size":215}},
  {"_id":"cloudseer_stats_activities_vpn_nw_device_per_hour/12310060","_key":"12310060","_rev":"_Wz1JBA---T","activities":{"device":"hershey-dc-pa-vpn02","hour":23,"size":169}},
  {"_id":"cloudseer_stats_activities_vpn_nw_device_per_hour/12310046","_key":"12310046","_rev":"_Wz1JBA---F","activities":{"device":"hershey-dc-pa-vpn01","hour":20,"size":278}},
  {"_id":"cloudseer_stats_activities_vpn_nw_device_per_hour/12310054","_key":"12310054","_rev":"_Wz1JBA---N","activities":{"device":"hershey-dc-pa-vpn02","hour":20,"size":387}},
  {"_id":"cloudseer_stats_activities_vpn_nw_device_per_hour/12310052","_key":"12310052","_rev":"_Wz1JBA---L","activities":{"device":"hershey-dc-pa-vpn01","hour":23,"size":126}},
  {"_id":"cloudseer_stats_activities_vpn_nw_device_per_hour/12310040","_key":"12310040","_rev":"_Wz1JBA---_","activities":{"device":"haddon-dc-nj-vpn01","hour":21,"size":16}},
  {"_id":"cloudseer_stats_activities_vpn_nw_device_per_hour/12310042","_key":"12310042","_rev":"_Wz1JBA---B","activities":{"device":"haddon-dc-nj-vpn01","hour":22,"size":13}},
  {"_id":"cloudseer_stats_activities_vpn_nw_device_per_hour/12310044","_key":"12310044","_rev":"_Wz1JBA---D","activities":{"device":"haddon-dc-nj-vpn01","hour":23,"size":9}},
  {"_id":"cloudseer_stats_activities_vpn_nw_device_per_hour/12310048","_key":"12310048","_rev":"_Wz1JBA---H","activities":{"device":"hershey-dc-pa-vpn01","hour":21,"size":263}},
  {"_id":"cloudseer_stats_activities_vpn_nw_device_per_hour/12310058","_key":"12310058","_rev":"_Wz1JBA---R","activities":{"device":"hershey-dc-pa-vpn02","hour":22,"size":199}},
  {"_id":"cloudseer_stats_activities_vpn_nw_device_per_hour/12310056","_key":"12310056","_rev":"_Wz1JBA---P","activities":{"device":"hershey-dc-pa-vpn02","hour":21,"size":315}},
  {"_id":"cloudseer_stats_activities_vpn_nw_device_per_hour/12310036","_key":"12310036","_rev":"_Wz1JB_6--_","activities":{"device":"haddon-dc-nj-vpn01","hour":20,"size":8}}
]