[
  {"_id":"cloudseer_dashboard/12388875","_key":"12388875","_rev":"_Wz1hRuq--_","global_alltime_badgecount":29623,"global_alltime_vpncount":1998,"global_badgecount_by_day":[{"bucket_day":1,"count":29},{"bucket_day":2,"count":1466},{"bucket_day":3,"count":1629},{"bucket_day":4,"count":1671},{"bucket_day":5,"count":1736},{"bucket_day":6,"count":1277},{"bucket_day":12,"count":1493},{"bucket_day":13,"count":1685},{"bucket_day":14,"count":1739},{"bucket_day":15,"count":1591},{"bucket_day":16,"count":1221},{"bucket_day":17,"count":33},{"bucket_day":18,"count":21},{"bucket_day":19,"count":1655},{"bucket_day":20,"count":1268},{"bucket_day":21,"count":125},{"bucket_day":22,"count":1271},{"bucket_day":23,"count":1465},{"bucket_day":24,"count":64},{"bucket_day":25,"count":32},{"bucket_day":26,"count":1638},{"bucket_day":27,"count":1660},{"bucket_day":28,"count":1720},{"bucket_day":29,"count":1809},{"bucket_day":30,"count":1264},{"bucket_day":31,"count":61}],"global_badgecount_by_hour":[{"bucket_hour":0,"count":70},{"bucket_hour":1,"count":2},{"bucket_hour":3,"count":3},{"bucket_hour":4,"count":2},{"bucket_hour":5,"count":4},{"bucket_hour":6,"count":156},{"bucket_hour":7,"count":1308},{"bucket_hour":8,"count":3642},{"bucket_hour":9,"count":2624},{"bucket_hour":10,"count":1602},{"bucket_hour":11,"count":2136},{"bucket_hour":12,"count":3734},{"bucket_hour":13,"count":3074},{"bucket_hour":14,"count":1930},{"bucket_hour":15,"count":1727},{"bucket_hour":16,"count":2259},{"bucket_hour":17,"count":3160},{"bucket_hour":18,"count":1264},{"bucket_hour":19,"count":504},{"bucket_hour":20,"count":191},{"bucket_hour":21,"count":126},{"bucket_hour":22,"count":52},{"bucket_hour":23,"count":53}],"global_badgecount_by_week_of_year":[{"bucket_week_of_year":11,"count":7783},{"bucket_week_of_year":12,"count":5880},{"bucket_week_of_year":13,"count":8181},{"bucket_week_of_year":14,"count":7779}],"global_badgecount_by_weekday":[{"bucket_weekday":"Fri","count":5227},{"bucket_weekday":"Mon","count":6252},{"bucket_weekday":"Sat","count":158},{"bucket_weekday":"Thu","count":6407},{"bucket_weekday":"Tue","count":6242},{"bucket_weekday":"Wed","count":5255}],"global_data_processed_at":1526288568075,"global_total_services":2,"global_vpncount_by_day":[{"bucket_day":1,"count":90},{"bucket_day":2,"count":105},{"bucket_day":3,"count":98},{"bucket_day":4,"count":114},{"bucket_day":5,"count":61},{"bucket_day":6,"count":35},{"bucket_day":15,"count":58},{"bucket_day":16,"count":69},{"bucket_day":17,"count":34},{"bucket_day":18,"count":88},{"bucket_day":19,"count":124},{"bucket_day":20,"count":110},{"bucket_day":21,"count":81},{"bucket_day":22,"count":81},{"bucket_day":23,"count":67},{"bucket_day":24,"count":50},{"bucket_day":25,"count":104},{"bucket_day":26,"count":160},{"bucket_day":27,"count":111},{"bucket_day":28,"count":136},{"bucket_day":29,"count":107},{"bucket_day":30,"count":65},{"bucket_day":31,"count":50}],"global_vpncount_by_hour":[{"bucket_hour":20,"count":673},{"bucket_hour":21,"count":594},{"bucket_hour":22,"count":427},{"bucket_hour":23,"count":304}],"global_vpncount_by_week_of_year":[{"bucket_week_of_year":11,"count":249},{"bucket_week_of_year":12,"count":617},{"bucket_week_of_year":13,"count":719},{"bucket_week_of_year":14,"count":413}],"global_vpncount_by_weekday":[{"bucket_weekday":"Fri","count":236},{"bucket_weekday":"Mon","count":389},{"bucket_weekday":"Sat","count":134},{"bucket_weekday":"Thu","count":307},{"bucket_weekday":"Tue","count":319},{"bucket_weekday":"Wed","count":331}]}
]