[
  {"_from":"cloudseer_peoples/12274205","_id":"cloudseer_owns/12335972","_key":"12335972","_rev":"_Wz1LjJC--_","_to":"cloudseer_laptops/12207842"},
  {"_from":"cloudseer_peoples/12273243","_id":"cloudseer_owns/12336262","_key":"12336262","_rev":"_Wz1Ljca--_","_to":"cloudseer_laptops/12207962"},
  {"_from":"cloudseer_peoples/12273619","_id":"cloudseer_owns/12336398","_key":"12336398","_rev":"_Wz1LjlS--_","_to":"cloudseer_laptops/12207472"},
  {"_from":"cloudseer_peoples/12274809","_id":"cloudseer_owns/12336074","_key":"12336074","_rev":"_Wz1LjP6--_","_to":"cloudseer_laptops/12208346"},
  {"_from":"cloudseer_peoples/12274451","_id":"cloudseer_owns/12336400","_key":"12336400","_rev":"_Wz1Ljla--_","_to":"cloudseer_laptops/12207770"},
  {"_from":"cloudseer_peoples/12274265","_id":"cloudseer_owns/12336868","_key":"12336868","_rev":"_Wz1LkEm--_","_to":"cloudseer_laptops/12208148"},
  {"_from":"cloudseer_peoples/12274475","_id":"cloudseer_owns/12336054","_key":"12336054","_rev":"_Wz1LjOy--_","_to":"cloudseer_laptops/12208142"},
  {"_from":"cloudseer_peoples/12272793","_id":"cloudseer_owns/12336252","_key":"12336252","_rev":"_Wz1Ljc---_","_to":"cloudseer_laptops/12208882"},
  {"_from":"cloudseer_peoples/12274187","_id":"cloudseer_owns/12335964","_key":"12335964","_rev":"_Wz1LjIi--_","_to":"cloudseer_laptops/12207410"},
  {"_from":"cloudseer_peoples/12273563","_id":"cloudseer_owns/12336412","_key":"12336412","_rev":"_Wz1Ljm---B","_to":"cloudseer_laptops/12208430"},
  {"_from":"cloudseer_peoples/12273071","_id":"cloudseer_owns/12335798","_key":"12335798","_rev":"_Wz1Lj-y--_","_to":"cloudseer_laptops/12207394"},
  {"_from":"cloudseer_peoples/12272723","_id":"cloudseer_owns/12336716","_key":"12336716","_rev":"_Wz1Lj6W--_","_to":"cloudseer_laptops/12208940"},
  {"_from":"cloudseer_peoples/12274305","_id":"cloudseer_owns/12336820","_key":"12336820","_rev":"_Wz1LkBS--_","_to":"cloudseer_laptops/12208348"},
  {"_from":"cloudseer_peoples/12274669","_id":"cloudseer_owns/12336518","_key":"12336518","_rev":"_Wz1Ljs2--_","_to":"cloudseer_laptops/12208344"},
  {"_from":"cloudseer_peoples/12274819","_id":"cloudseer_owns/12336620","_key":"12336620","_rev":"_Wz1Lj0K--_","_to":"cloudseer_laptops/12208086"},
  {"_from":"cloudseer_peoples/12273135","_id":"cloudseer_owns/12336508","_key":"12336508","_rev":"_Wz1LjsW--_","_to":"cloudseer_laptops/12208930"},
  {"_from":"cloudseer_peoples/12273697","_id":"cloudseer_owns/12336586","_key":"12336586","_rev":"_Wz1Ljxa--_","_to":"cloudseer_laptops/12207406"},
  {"_from":"cloudseer_peoples/12273801","_id":"cloudseer_owns/12337020","_key":"12337020","_rev":"_Wz1LkPa--_","_to":"cloudseer_laptops/12208422"},
  {"_from":"cloudseer_peoples/12273293","_id":"cloudseer_owns/12335720","_key":"12335720","_rev":"_Wz1Li6a--_","_to":"cloudseer_laptops/12207514"},
  {"_from":"cloudseer_peoples/12273893","_id":"cloudseer_owns/12336458","_key":"12336458","_rev":"_Wz1Ljo6--_","_to":"cloudseer_laptops/12207402"},
  {"_from":"cloudseer_peoples/12272875","_id":"cloudseer_owns/12336832","_key":"12336832","_rev":"_Wz1LkC---_","_to":"cloudseer_laptops/12207338"},
  {"_from":"cloudseer_peoples/12274479","_id":"cloudseer_owns/12336822","_key":"12336822","_rev":"_Wz1LkBW--_","_to":"cloudseer_laptops/12208622"},
  {"_from":"cloudseer_peoples/12273685","_id":"cloudseer_owns/12335754","_key":"12335754","_rev":"_Wz1Li8S--B","_to":"cloudseer_laptops/12207526"},
  {"_from":"cloudseer_peoples/12274501","_id":"cloudseer_owns/12337008","_key":"12337008","_rev":"_Wz1LkOy--_","_to":"cloudseer_laptops/12208376"},
  {"_from":"cloudseer_peoples/12274379","_id":"cloudseer_owns/12336106","_key":"12336106","_rev":"_Wz1LjSa--_","_to":"cloudseer_laptops/12207918"},
  {"_from":"cloudseer_peoples/12273693","_id":"cloudseer_owns/12337026","_key":"12337026","_rev":"_Wz1LkPu--_","_to":"cloudseer_laptops/12208128"},
  {"_from":"cloudseer_peoples/12273809","_id":"cloudseer_owns/12336006","_key":"12336006","_rev":"_Wz1LjLO--_","_to":"cloudseer_laptops/12207408"},
  {"_from":"cloudseer_peoples/12273887","_id":"cloudseer_owns/12336024","_key":"12336024","_rev":"_Wz1LjMa--_","_to":"cloudseer_laptops/12208572"},
  {"_from":"cloudseer_peoples/12272575","_id":"cloudseer_owns/12336190","_key":"12336190","_rev":"_Wz1LjYS--_","_to":"cloudseer_laptops/12208492"},
  {"_from":"cloudseer_peoples/12273865","_id":"cloudseer_owns/12336088","_key":"12336088","_rev":"_Wz1LjQ2--_","_to":"cloudseer_laptops/12208054"},
  {"_from":"cloudseer_peoples/12273763","_id":"cloudseer_owns/12336214","_key":"12336214","_rev":"_Wz1LjZm--B","_to":"cloudseer_laptops/12208434"},
  {"_from":"cloudseer_peoples/12273197","_id":"cloudseer_owns/12335700","_key":"12335700","_rev":"_Wz1Li5K--_","_to":"cloudseer_laptops/12209108"},
  {"_from":"cloudseer_peoples/12273543","_id":"cloudseer_owns/12336688","_key":"12336688","_rev":"_Wz1Lj4K--_","_to":"cloudseer_laptops/12208824"},
  {"_from":"cloudseer_peoples/12273669","_id":"cloudseer_owns/12336668","_key":"12336668","_rev":"_Wz1Lj3---_","_to":"cloudseer_laptops/12209106"},
  {"_from":"cloudseer_peoples/12272773","_id":"cloudseer_owns/12336636","_key":"12336636","_rev":"_Wz1Lj1K--B","_to":"cloudseer_laptops/12208340"},
  {"_from":"cloudseer_peoples/12272931","_id":"cloudseer_owns/12336880","_key":"12336880","_rev":"_Wz1LkFS--_","_to":"cloudseer_laptops/12208196"},
  {"_from":"cloudseer_peoples/12274193","_id":"cloudseer_owns/12336254","_key":"12336254","_rev":"_Wz1LjcG--_","_to":"cloudseer_laptops/12207910"},
  {"_from":"cloudseer_peoples/12273465","_id":"cloudseer_owns/12335980","_key":"12335980","_rev":"_Wz1LjJi--_","_to":"cloudseer_laptops/12207372"},
  {"_from":"cloudseer_peoples/12273143","_id":"cloudseer_owns/12336170","_key":"12336170","_rev":"_Wz1LjXO--_","_to":"cloudseer_laptops/12208270"},
  {"_from":"cloudseer_peoples/12273231","_id":"cloudseer_owns/12336606","_key":"12336606","_rev":"_Wz1Ljy2--_","_to":"cloudseer_laptops/12209152"},
  {"_from":"cloudseer_peoples/12273201","_id":"cloudseer_owns/12336260","_key":"12336260","_rev":"_Wz1LjcW--_","_to":"cloudseer_laptops/12207742"},
  {"_from":"cloudseer_peoples/12273433","_id":"cloudseer_owns/12336918","_key":"12336918","_rev":"_Wz1LkIa--_","_to":"cloudseer_laptops/12208524"},
  {"_from":"cloudseer_peoples/12272721","_id":"cloudseer_owns/12335722","_key":"12335722","_rev":"_Wz1Li6a--B","_to":"cloudseer_laptops/12208042"},
  {"_from":"cloudseer_peoples/12273919","_id":"cloudseer_owns/12335826","_key":"12335826","_rev":"_Wz1LjAq--B","_to":"cloudseer_laptops/12207558"},
  {"_from":"cloudseer_peoples/12272923","_id":"cloudseer_owns/12336544","_key":"12336544","_rev":"_Wz1Ljui--_","_to":"cloudseer_laptops/12208814"},
  {"_from":"cloudseer_peoples/12273903","_id":"cloudseer_owns/12336116","_key":"12336116","_rev":"_Wz1LjTG--_","_to":"cloudseer_laptops/12208766"},
  {"_from":"cloudseer_peoples/12273075","_id":"cloudseer_owns/12336014","_key":"12336014","_rev":"_Wz1LjL2--_","_to":"cloudseer_laptops/12208078"},
  {"_from":"cloudseer_peoples/12274331","_id":"cloudseer_owns/12335816","_key":"12335816","_rev":"_Wz1LjA---_","_to":"cloudseer_laptops/12208566"},
  {"_from":"cloudseer_peoples/12273347","_id":"cloudseer_owns/12335758","_key":"12335758","_rev":"_Wz1Li8e--B","_to":"cloudseer_laptops/12207948"},
  {"_from":"cloudseer_peoples/12274027","_id":"cloudseer_owns/12336140","_key":"12336140","_rev":"_Wz1LjUq--_","_to":"cloudseer_laptops/12207814"},
  {"_from":"cloudseer_peoples/12272967","_id":"cloudseer_owns/12335938","_key":"12335938","_rev":"_Wz1LjHK--_","_to":"cloudseer_laptops/12208450"},
  {"_from":"cloudseer_peoples/12273483","_id":"cloudseer_owns/12336150","_key":"12336150","_rev":"_Wz1LjVy--_","_to":"cloudseer_laptops/12209098"},
  {"_from":"cloudseer_peoples/12273993","_id":"cloudseer_owns/12336130","_key":"12336130","_rev":"_Wz1LjT6--_","_to":"cloudseer_laptops/12208546"},
  {"_from":"cloudseer_peoples/12274127","_id":"cloudseer_owns/12336222","_key":"12336222","_rev":"_Wz1LjaK--_","_to":"cloudseer_laptops/12208386"},
  {"_from":"cloudseer_peoples/12272981","_id":"cloudseer_owns/12335882","_key":"12335882","_rev":"_Wz1LjEe--_","_to":"cloudseer_laptops/12207344"},
  {"_from":"cloudseer_peoples/12272659","_id":"cloudseer_owns/12335978","_key":"12335978","_rev":"_Wz1LjJa--_","_to":"cloudseer_laptops/12207388"},
  {"_from":"cloudseer_peoples/12273731","_id":"cloudseer_owns/12336188","_key":"12336188","_rev":"_Wz1LjYK--_","_to":"cloudseer_laptops/12208710"},
  {"_from":"cloudseer_peoples/12273729","_id":"cloudseer_owns/12336086","_key":"12336086","_rev":"_Wz1LjQm--B","_to":"cloudseer_laptops/12208904"},
  {"_from":"cloudseer_peoples/12274213","_id":"cloudseer_owns/12336692","_key":"12336692","_rev":"_Wz1Lj4a--_","_to":"cloudseer_laptops/12207540"},
  {"_from":"cloudseer_peoples/12273411","_id":"cloudseer_owns/12336784","_key":"12336784","_rev":"_Wz1Lk_K--_","_to":"cloudseer_laptops/12208654"},
  {"_from":"cloudseer_peoples/12273923","_id":"cloudseer_owns/12336514","_key":"12336514","_rev":"_Wz1Ljsq--_","_to":"cloudseer_laptops/12208134"},
  {"_from":"cloudseer_peoples/12273047","_id":"cloudseer_owns/12336428","_key":"12336428","_rev":"_Wz1LjnO--_","_to":"cloudseer_laptops/12207996"},
  {"_from":"cloudseer_peoples/12274461","_id":"cloudseer_owns/12336710","_key":"12336710","_rev":"_Wz1Lj52--_","_to":"cloudseer_laptops/12208460"},
  {"_from":"cloudseer_peoples/12272615","_id":"cloudseer_owns/12336900","_key":"12336900","_rev":"_Wz1LkG6--_","_to":"cloudseer_laptops/12207628"},
  {"_from":"cloudseer_peoples/12274635","_id":"cloudseer_owns/12336408","_key":"12336408","_rev":"_Wz1Ljly--B","_to":"cloudseer_laptops/12208306"},
  {"_from":"cloudseer_peoples/12273175","_id":"cloudseer_owns/12335948","_key":"12335948","_rev":"_Wz1LjHm--_","_to":"cloudseer_laptops/12208720"},
  {"_from":"cloudseer_peoples/12274515","_id":"cloudseer_owns/12336702","_key":"12336702","_rev":"_Wz1Lj5a--_","_to":"cloudseer_laptops/12208112"},
  {"_from":"cloudseer_peoples/12273035","_id":"cloudseer_owns/12336166","_key":"12336166","_rev":"_Wz1LjX---_","_to":"cloudseer_laptops/12208576"},
  {"_from":"cloudseer_peoples/12272655","_id":"cloudseer_owns/12336114","_key":"12336114","_rev":"_Wz1LjT---_","_to":"cloudseer_laptops/12208334"},
  {"_from":"cloudseer_peoples/12273157","_id":"cloudseer_owns/12336972","_key":"12336972","_rev":"_Wz1LkMO--_","_to":"cloudseer_laptops/12207384"},
  {"_from":"cloudseer_peoples/12273843","_id":"cloudseer_owns/12336988","_key":"12336988","_rev":"_Wz1LkNe--_","_to":"cloudseer_laptops/12208676"},
  {"_from":"cloudseer_peoples/12273441","_id":"cloudseer_owns/12335920","_key":"12335920","_rev":"_Wz1LjGa--L","_to":"cloudseer_laptops/12207318"},
  {"_from":"cloudseer_peoples/12273967","_id":"cloudseer_owns/12335770","_key":"12335770","_rev":"_Wz1Li9O--_","_to":"cloudseer_laptops/12207880"},
  {"_from":"cloudseer_peoples/12274273","_id":"cloudseer_owns/12336326","_key":"12336326","_rev":"_Wz1LjhO--B","_to":"cloudseer_laptops/12208706"},
  {"_from":"cloudseer_peoples/12273705","_id":"cloudseer_owns/12335796","_key":"12335796","_rev":"_Wz1Lj-u--_","_to":"cloudseer_laptops/12207694"},
  {"_from":"cloudseer_peoples/12273099","_id":"cloudseer_owns/12335862","_key":"12335862","_rev":"_Wz1LjDO--_","_to":"cloudseer_laptops/12207426"},
  {"_from":"cloudseer_peoples/12273523","_id":"cloudseer_owns/12336082","_key":"12336082","_rev":"_Wz1LjQa--_","_to":"cloudseer_laptops/12208294"},
  {"_from":"cloudseer_peoples/12273793","_id":"cloudseer_owns/12335860","_key":"12335860","_rev":"_Wz1LjDK--_","_to":"cloudseer_laptops/12208314"},
  {"_from":"cloudseer_peoples/12272727","_id":"cloudseer_owns/12336648","_key":"12336648","_rev":"_Wz1Lj1y--_","_to":"cloudseer_laptops/12207534"},
  {"_from":"cloudseer_peoples/12273791","_id":"cloudseer_owns/12335820","_key":"12335820","_rev":"_Wz1LjAO--_","_to":"cloudseer_laptops/12207670"},
  {"_from":"cloudseer_peoples/12274063","_id":"cloudseer_owns/12336516","_key":"12336516","_rev":"_Wz1Ljsy--_","_to":"cloudseer_laptops/12209140"},
  {"_from":"cloudseer_peoples/12272563","_id":"cloudseer_owns/12336944","_key":"12336944","_rev":"_Wz1LkKS--_","_to":"cloudseer_laptops/12207964"},
  {"_from":"cloudseer_peoples/12273763","_id":"cloudseer_owns/12336210","_key":"12336210","_rev":"_Wz1LjZi--B","_to":"cloudseer_laptops/12208432"},
  {"_from":"cloudseer_peoples/12274087","_id":"cloudseer_owns/12335734","_key":"12335734","_rev":"_Wz1Li7---_","_to":"cloudseer_laptops/12208310"},
  {"_from":"cloudseer_peoples/12274347","_id":"cloudseer_owns/12336860","_key":"12336860","_rev":"_Wz1LkES--_","_to":"cloudseer_laptops/12209016"},
  {"_from":"cloudseer_peoples/12273573","_id":"cloudseer_owns/12336348","_key":"12336348","_rev":"_Wz1LjjG--_","_to":"cloudseer_laptops/12208946"},
  {"_from":"cloudseer_peoples/12274695","_id":"cloudseer_owns/12336352","_key":"12336352","_rev":"_Wz1Ljja--_","_to":"cloudseer_laptops/12208452"},
  {"_from":"cloudseer_peoples/12272895","_id":"cloudseer_owns/12336960","_key":"12336960","_rev":"_Wz1LkLa--_","_to":"cloudseer_laptops/12207298"},
  {"_from":"cloudseer_peoples/12273979","_id":"cloudseer_owns/12335942","_key":"12335942","_rev":"_Wz1LjHW--_","_to":"cloudseer_laptops/12209116"},
  {"_from":"cloudseer_peoples/12273727","_id":"cloudseer_owns/12336036","_key":"12336036","_rev":"_Wz1LjNS--_","_to":"cloudseer_laptops/12207618"},
  {"_from":"cloudseer_peoples/12273683","_id":"cloudseer_owns/12336056","_key":"12336056","_rev":"_Wz1LjOy--B","_to":"cloudseer_laptops/12208446"},
  {"_from":"cloudseer_peoples/12274419","_id":"cloudseer_owns/12335968","_key":"12335968","_rev":"_Wz1LjIy--_","_to":"cloudseer_laptops/12208988"},
  {"_from":"cloudseer_peoples/12273547","_id":"cloudseer_owns/12336244","_key":"12336244","_rev":"_Wz1Ljba--_","_to":"cloudseer_laptops/12207732"},
  {"_from":"cloudseer_peoples/12274069","_id":"cloudseer_owns/12336670","_key":"12336670","_rev":"_Wz1Lj3C--_","_to":"cloudseer_laptops/12209008"},
  {"_from":"cloudseer_peoples/12274003","_id":"cloudseer_owns/12336970","_key":"12336970","_rev":"_Wz1LkMG--B","_to":"cloudseer_laptops/12209004"},
  {"_from":"cloudseer_peoples/12273391","_id":"cloudseer_owns/12336594","_key":"12336594","_rev":"_Wz1Ljy---_","_to":"cloudseer_laptops/12208914"},
  {"_from":"cloudseer_peoples/12274089","_id":"cloudseer_owns/12336142","_key":"12336142","_rev":"_Wz1LjUu--_","_to":"cloudseer_laptops/12207306"},
  {"_from":"cloudseer_peoples/12274387","_id":"cloudseer_owns/12336930","_key":"12336930","_rev":"_Wz1LkJS--_","_to":"cloudseer_laptops/12208252"},
  {"_from":"cloudseer_peoples/12273663","_id":"cloudseer_owns/12336414","_key":"12336414","_rev":"_Wz1LjmW--_","_to":"cloudseer_laptops/12207468"},
  {"_from":"cloudseer_peoples/12274589","_id":"cloudseer_owns/12336470","_key":"12336470","_rev":"_Wz1Ljp2--_","_to":"cloudseer_laptops/12207696"},
  {"_from":"cloudseer_peoples/12274539","_id":"cloudseer_owns/12336468","_key":"12336468","_rev":"_Wz1Ljpu--_","_to":"cloudseer_laptops/12208558"},
  {"_from":"cloudseer_peoples/12274083","_id":"cloudseer_owns/12336102","_key":"12336102","_rev":"_Wz1LjSG--_","_to":"cloudseer_laptops/12207588"},
  {"_from":"cloudseer_peoples/12272597","_id":"cloudseer_owns/12336764","_key":"12336764","_rev":"_Wz1Lj9q--_","_to":"cloudseer_laptops/12207834"},
  {"_from":"cloudseer_peoples/12273749","_id":"cloudseer_owns/12336478","_key":"12336478","_rev":"_Wz1LjqW--_","_to":"cloudseer_laptops/12207860"},
  {"_from":"cloudseer_peoples/12274425","_id":"cloudseer_owns/12335806","_key":"12335806","_rev":"_Wz1Lj_K--_","_to":"cloudseer_laptops/12207764"},
  {"_from":"cloudseer_peoples/12274701","_id":"cloudseer_owns/12336472","_key":"12336472","_rev":"_Wz1Ljq---_","_to":"cloudseer_laptops/12208530"},
  {"_from":"cloudseer_peoples/12274535","_id":"cloudseer_owns/12336520","_key":"12336520","_rev":"_Wz1LjtC--_","_to":"cloudseer_laptops/12208336"},
  {"_from":"cloudseer_peoples/12272571","_id":"cloudseer_owns/12336538","_key":"12336538","_rev":"_Wz1Ljt2--_","_to":"cloudseer_laptops/12207682"},
  {"_from":"cloudseer_peoples/12274105","_id":"cloudseer_owns/12335928","_key":"12335928","_rev":"_Wz1LjGu--_","_to":"cloudseer_laptops/12208798"},
  {"_from":"cloudseer_peoples/12273107","_id":"cloudseer_owns/12336218","_key":"12336218","_rev":"_Wz1LjZ2--_","_to":"cloudseer_laptops/12208828"},
  {"_from":"cloudseer_peoples/12274039","_id":"cloudseer_owns/12336864","_key":"12336864","_rev":"_Wz1LkEa--_","_to":"cloudseer_laptops/12209100"},
  {"_from":"cloudseer_peoples/12274185","_id":"cloudseer_owns/12336484","_key":"12336484","_rev":"_Wz1Ljr---_","_to":"cloudseer_laptops/12208454"},
  {"_from":"cloudseer_peoples/12273743","_id":"cloudseer_owns/12336078","_key":"12336078","_rev":"_Wz1LjQS--_","_to":"cloudseer_laptops/12208442"},
  {"_from":"cloudseer_peoples/12273829","_id":"cloudseer_owns/12336980","_key":"12336980","_rev":"_Wz1LkM2--_","_to":"cloudseer_laptops/12209022"},
  {"_from":"cloudseer_peoples/12274559","_id":"cloudseer_owns/12336614","_key":"12336614","_rev":"_Wz1LjzK--_","_to":"cloudseer_laptops/12208030"},
  {"_from":"cloudseer_peoples/12273095","_id":"cloudseer_owns/12335932","_key":"12335932","_rev":"_Wz1LjG2--_","_to":"cloudseer_laptops/12208308"},
  {"_from":"cloudseer_peoples/12274225","_id":"cloudseer_owns/12336044","_key":"12336044","_rev":"_Wz1LjNu--B","_to":"cloudseer_laptops/12208226"},
  {"_from":"cloudseer_peoples/12273943","_id":"cloudseer_owns/12336936","_key":"12336936","_rev":"_Wz1LkJq--_","_to":"cloudseer_laptops/12208312"},
  {"_from":"cloudseer_peoples/12272569","_id":"cloudseer_owns/12336760","_key":"12336760","_rev":"_Wz1Lj9a--_","_to":"cloudseer_laptops/12208464"},
  {"_from":"cloudseer_peoples/12272715","_id":"cloudseer_owns/12336672","_key":"12336672","_rev":"_Wz1Lj3K--_","_to":"cloudseer_laptops/12208698"},
  {"_from":"cloudseer_peoples/12272763","_id":"cloudseer_owns/12336568","_key":"12336568","_rev":"_Wz1LjwG--_","_to":"cloudseer_laptops/12207788"},
  {"_from":"cloudseer_peoples/12273383","_id":"cloudseer_owns/12336748","_key":"12336748","_rev":"_Wz1Lj8u--_","_to":"cloudseer_laptops/12209046"},
  {"_from":"cloudseer_peoples/12274219","_id":"cloudseer_owns/12335832","_key":"12335832","_rev":"_Wz1LjBK--_","_to":"cloudseer_laptops/12207626"},
  {"_from":"cloudseer_peoples/12274239","_id":"cloudseer_owns/12336494","_key":"12336494","_rev":"_Wz1Ljre--_","_to":"cloudseer_laptops/12209110"},
  {"_from":"cloudseer_peoples/12273773","_id":"cloudseer_owns/12336974","_key":"12336974","_rev":"_Wz1LkMS--_","_to":"cloudseer_laptops/12207924"},
  {"_from":"cloudseer_peoples/12272891","_id":"cloudseer_owns/12337018","_key":"12337018","_rev":"_Wz1LkPO--_","_to":"cloudseer_laptops/12207658"},
  {"_from":"cloudseer_peoples/12273103","_id":"cloudseer_owns/12336158","_key":"12336158","_rev":"_Wz1LjWi--_","_to":"cloudseer_laptops/12207968"},
  {"_from":"cloudseer_peoples/12273413","_id":"cloudseer_owns/12336274","_key":"12336274","_rev":"_Wz1LjdG--_","_to":"cloudseer_laptops/12207920"},
  {"_from":"cloudseer_peoples/12273441","_id":"cloudseer_owns/12335908","_key":"12335908","_rev":"_Wz1LjGa--_","_to":"cloudseer_laptops/12207320"},
  {"_from":"cloudseer_peoples/12273247","_id":"cloudseer_owns/12336298","_key":"12336298","_rev":"_Wz1Ljeu--_","_to":"cloudseer_laptops/12208690"},
  {"_from":"cloudseer_peoples/12273493","_id":"cloudseer_owns/12336138","_key":"12336138","_rev":"_Wz1LjUi--_","_to":"cloudseer_laptops/12208188"},
  {"_from":"cloudseer_peoples/12273659","_id":"cloudseer_owns/12336476","_key":"12336476","_rev":"_Wz1LjqS--_","_to":"cloudseer_laptops/12208508"},
  {"_from":"cloudseer_peoples/12273401","_id":"cloudseer_owns/12336566","_key":"12336566","_rev":"_Wz1LjwC--_","_to":"cloudseer_laptops/12208916"},
  {"_from":"cloudseer_peoples/12274533","_id":"cloudseer_owns/12336584","_key":"12336584","_rev":"_Wz1LjxS--_","_to":"cloudseer_laptops/12208872"},
  {"_from":"cloudseer_peoples/12274731","_id":"cloudseer_owns/12336122","_key":"12336122","_rev":"_Wz1LjTi--_","_to":"cloudseer_laptops/12207466"},
  {"_from":"cloudseer_peoples/12273551","_id":"cloudseer_owns/12336984","_key":"12336984","_rev":"_Wz1LkNO--_","_to":"cloudseer_laptops/12207632"},
  {"_from":"cloudseer_peoples/12274601","_id":"cloudseer_owns/12336718","_key":"12336718","_rev":"_Wz1Lj6m--_","_to":"cloudseer_laptops/12207688"},
  {"_from":"cloudseer_peoples/12273613","_id":"cloudseer_owns/12335762","_key":"12335762","_rev":"_Wz1Li8u--_","_to":"cloudseer_laptops/12208744"},
  {"_from":"cloudseer_peoples/12274593","_id":"cloudseer_owns/12336654","_key":"12336654","_rev":"_Wz1Lj2G--_","_to":"cloudseer_laptops/12208436"},
  {"_from":"cloudseer_peoples/12274487","_id":"cloudseer_owns/12336712","_key":"12336712","_rev":"_Wz1Lj6C--_","_to":"cloudseer_laptops/12208132"},
  {"_from":"cloudseer_peoples/12273955","_id":"cloudseer_owns/12336402","_key":"12336402","_rev":"_Wz1Ljlm--_","_to":"cloudseer_laptops/12208164"},
  {"_from":"cloudseer_peoples/12273965","_id":"cloudseer_owns/12336380","_key":"12336380","_rev":"_Wz1Ljkm--_","_to":"cloudseer_laptops/12207356"},
  {"_from":"cloudseer_peoples/12273677","_id":"cloudseer_owns/12336498","_key":"12336498","_rev":"_Wz1Ljru--_","_to":"cloudseer_laptops/12209032"},
  {"_from":"cloudseer_peoples/12274303","_id":"cloudseer_owns/12336490","_key":"12336490","_rev":"_Wz1LjrS--_","_to":"cloudseer_laptops/12208484"},
  {"_from":"cloudseer_peoples/12273849","_id":"cloudseer_owns/12336580","_key":"12336580","_rev":"_Wz1LjxC--_","_to":"cloudseer_laptops/12208982"},
  {"_from":"cloudseer_peoples/12273017","_id":"cloudseer_owns/12336096","_key":"12336096","_rev":"_Wz1LjRq--_","_to":"cloudseer_laptops/12208730"},
  {"_from":"cloudseer_peoples/12274179","_id":"cloudseer_owns/12335766","_key":"12335766","_rev":"_Wz1Li86--_","_to":"cloudseer_laptops/12208292"},
  {"_from":"cloudseer_peoples/12273681","_id":"cloudseer_owns/12336658","_key":"12336658","_rev":"_Wz1Lj2W--_","_to":"cloudseer_laptops/12208780"},
  {"_from":"cloudseer_peoples/12273737","_id":"cloudseer_owns/12336826","_key":"12336826","_rev":"_Wz1LkBq--_","_to":"cloudseer_laptops/12207556"},
  {"_from":"cloudseer_peoples/12273487","_id":"cloudseer_owns/12336800","_key":"12336800","_rev":"_Wz1LkAO--_","_to":"cloudseer_laptops/12208062"},
  {"_from":"cloudseer_peoples/12274207","_id":"cloudseer_owns/12335726","_key":"12335726","_rev":"_Wz1Li6u--_","_to":"cloudseer_laptops/12208594"},
  {"_from":"cloudseer_peoples/12273601","_id":"cloudseer_owns/12336076","_key":"12336076","_rev":"_Wz1LjQC--_","_to":"cloudseer_laptops/12207960"},
  {"_from":"cloudseer_peoples/12274001","_id":"cloudseer_owns/12337028","_key":"12337028","_rev":"_Wz1LkPy--_","_to":"cloudseer_laptops/12208658"},
  {"_from":"cloudseer_peoples/12272709","_id":"cloudseer_owns/12336446","_key":"12336446","_rev":"_Wz1LjoK--_","_to":"cloudseer_laptops/12207894"},
  {"_from":"cloudseer_peoples/12272925","_id":"cloudseer_owns/12335710","_key":"12335710","_rev":"_Wz1Li6---B","_to":"cloudseer_laptops/12207326"},
  {"_from":"cloudseer_peoples/12274245","_id":"cloudseer_owns/12336750","_key":"12336750","_rev":"_Wz1Lj86--_","_to":"cloudseer_laptops/12209076"},
  {"_from":"cloudseer_peoples/12273255","_id":"cloudseer_owns/12335738","_key":"12335738","_rev":"_Wz1Li7S--_","_to":"cloudseer_laptops/12208260"},
  {"_from":"cloudseer_peoples/12272921","_id":"cloudseer_owns/12335866","_key":"12335866","_rev":"_Wz1LjDe--_","_to":"cloudseer_laptops/12207808"},
  {"_from":"cloudseer_peoples/12274799","_id":"cloudseer_owns/12337010","_key":"12337010","_rev":"_Wz1LkOy--B","_to":"cloudseer_laptops/12208038"},
  {"_from":"cloudseer_peoples/12273557","_id":"cloudseer_owns/12335940","_key":"12335940","_rev":"_Wz1LjHK--B","_to":"cloudseer_laptops/12207942"},
  {"_from":"cloudseer_peoples/12272939","_id":"cloudseer_owns/12336842","_key":"12336842","_rev":"_Wz1LkD---_","_to":"cloudseer_laptops/12207812"},
  {"_from":"cloudseer_peoples/12273881","_id":"cloudseer_owns/12336018","_key":"12336018","_rev":"_Wz1LjMC--_","_to":"cloudseer_laptops/12207380"},
  {"_from":"cloudseer_peoples/12273621","_id":"cloudseer_owns/12336196","_key":"12336196","_rev":"_Wz1LjYu--_","_to":"cloudseer_laptops/12207898"},
  {"_from":"cloudseer_peoples/12274433","_id":"cloudseer_owns/12335858","_key":"12335858","_rev":"_Wz1LjDC--_","_to":"cloudseer_laptops/12207784"},
  {"_from":"cloudseer_peoples/12273441","_id":"cloudseer_owns/12335912","_key":"12335912","_rev":"_Wz1LjGa--D","_to":"cloudseer_laptops/12207320"},
  {"_from":"cloudseer_peoples/12272915","_id":"cloudseer_owns/12335786","_key":"12335786","_rev":"_Wz1Lj-O--_","_to":"cloudseer_laptops/12208714"},
  {"_from":"cloudseer_peoples/12273319","_id":"cloudseer_owns/12336656","_key":"12336656","_rev":"_Wz1Lj2O--_","_to":"cloudseer_laptops/12208804"},
  {"_from":"cloudseer_peoples/12273073","_id":"cloudseer_owns/12336650","_key":"12336650","_rev":"_Wz1Lj16--_","_to":"cloudseer_laptops/12209156"},
  {"_from":"cloudseer_peoples/12272603","_id":"cloudseer_owns/12336732","_key":"12336732","_rev":"_Wz1Lj7q--_","_to":"cloudseer_laptops/12207872"},
  {"_from":"cloudseer_peoples/12273097","_id":"cloudseer_owns/12336374","_key":"12336374","_rev":"_Wz1Ljk---_","_to":"cloudseer_laptops/12207454"},
  {"_from":"cloudseer_peoples/12273911","_id":"cloudseer_owns/12336610","_key":"12336610","_rev":"_Wz1LjzC--_","_to":"cloudseer_laptops/12209146"},
  {"_from":"cloudseer_peoples/12273853","_id":"cloudseer_owns/12336172","_key":"12336172","_rev":"_Wz1LjXW--_","_to":"cloudseer_laptops/12208428"},
  {"_from":"cloudseer_peoples/12273807","_id":"cloudseer_owns/12335808","_key":"12335808","_rev":"_Wz1Lj_S--_","_to":"cloudseer_laptops/12207754"},
  {"_from":"cloudseer_peoples/12272887","_id":"cloudseer_owns/12336632","_key":"12336632","_rev":"_Wz1Lj1---_","_to":"cloudseer_laptops/12208414"},
  {"_from":"cloudseer_peoples/12272709","_id":"cloudseer_owns/12336444","_key":"12336444","_rev":"_Wz1LjoG--_","_to":"cloudseer_laptops/12208096"},
  {"_from":"cloudseer_peoples/12274621","_id":"cloudseer_owns/12336290","_key":"12336290","_rev":"_Wz1LjeO--_","_to":"cloudseer_laptops/12208488"},
  {"_from":"cloudseer_peoples/12273527","_id":"cloudseer_owns/12335838","_key":"12335838","_rev":"_Wz1LjBe--_","_to":"cloudseer_laptops/12208274"},
  {"_from":"cloudseer_peoples/12272695","_id":"cloudseer_owns/12335994","_key":"12335994","_rev":"_Wz1LjKa--_","_to":"cloudseer_laptops/12208712"},
  {"_from":"cloudseer_peoples/12274279","_id":"cloudseer_owns/12336726","_key":"12336726","_rev":"_Wz1Lj66--_","_to":"cloudseer_laptops/12208728"},
  {"_from":"cloudseer_peoples/12273119","_id":"cloudseer_owns/12336766","_key":"12336766","_rev":"_Wz1Lj9y--_","_to":"cloudseer_laptops/12207772"},
  {"_from":"cloudseer_peoples/12273605","_id":"cloudseer_owns/12335888","_key":"12335888","_rev":"_Wz1LjE6--_","_to":"cloudseer_laptops/12208212"},
  {"_from":"cloudseer_peoples/12273441","_id":"cloudseer_owns/12335914","_key":"12335914","_rev":"_Wz1LjGa--F","_to":"cloudseer_laptops/12207316"},
  {"_from":"cloudseer_peoples/12272745","_id":"cloudseer_owns/12336134","_key":"12336134","_rev":"_Wz1LjUO--_","_to":"cloudseer_laptops/12209068"},
  {"_from":"cloudseer_peoples/12274729","_id":"cloudseer_owns/12336300","_key":"12336300","_rev":"_Wz1Lje2--_","_to":"cloudseer_laptops/12207506"},
  {"_from":"cloudseer_peoples/12273109","_id":"cloudseer_owns/12335906","_key":"12335906","_rev":"_Wz1LjGS--_","_to":"cloudseer_laptops/12207702"},
  {"_from":"cloudseer_peoples/12273331","_id":"cloudseer_owns/12336228","_key":"12336228","_rev":"_Wz1Ljae--_","_to":"cloudseer_laptops/12208630"},
  {"_from":"cloudseer_peoples/12274199","_id":"cloudseer_owns/12335844","_key":"12335844","_rev":"_Wz1LjB2--B","_to":"cloudseer_laptops/12208234"},
  {"_from":"cloudseer_peoples/12272919","_id":"cloudseer_owns/12335886","_key":"12335886","_rev":"_Wz1LjEq--_","_to":"cloudseer_laptops/12207552"},
  {"_from":"cloudseer_peoples/12272623","_id":"cloudseer_owns/12335900","_key":"12335900","_rev":"_Wz1LjFu--B","_to":"cloudseer_laptops/12208058"},
  {"_from":"cloudseer_peoples/12274811","_id":"cloudseer_owns/12336488","_key":"12336488","_rev":"_Wz1LjrK--_","_to":"cloudseer_laptops/12208626"},
  {"_from":"cloudseer_peoples/12274051","_id":"cloudseer_owns/12336808","_key":"12336808","_rev":"_Wz1LkAu--_","_to":"cloudseer_laptops/12208562"},
  {"_from":"cloudseer_peoples/12272827","_id":"cloudseer_owns/12336390","_key":"12336390","_rev":"_Wz1Ljk2--F","_to":"cloudseer_laptops/12207312"},
  {"_from":"cloudseer_peoples/12272983","_id":"cloudseer_owns/12336182","_key":"12336182","_rev":"_Wz1LjX2--_","_to":"cloudseer_laptops/12207966"},
  {"_from":"cloudseer_peoples/12273215","_id":"cloudseer_owns/12336634","_key":"12336634","_rev":"_Wz1Lj1K--_","_to":"cloudseer_laptops/12207432"},
  {"_from":"cloudseer_peoples/12274261","_id":"cloudseer_owns/12336370","_key":"12336370","_rev":"_Wz1Ljj2--_","_to":"cloudseer_laptops/12207978"},
  {"_from":"cloudseer_peoples/12273353","_id":"cloudseer_owns/12336922","_key":"12336922","_rev":"_Wz1LkIm--_","_to":"cloudseer_laptops/12208298"},
  {"_from":"cloudseer_peoples/12273061","_id":"cloudseer_owns/12335750","_key":"12335750","_rev":"_Wz1Li8G--_","_to":"cloudseer_laptops/12208010"},
  {"_from":"cloudseer_peoples/12274059","_id":"cloudseer_owns/12336376","_key":"12336376","_rev":"_Wz1LjkK--_","_to":"cloudseer_laptops/12209012"},
  {"_from":"cloudseer_peoples/12272977","_id":"cloudseer_owns/12336022","_key":"12336022","_rev":"_Wz1LjMS--_","_to":"cloudseer_laptops/12208990"},
  {"_from":"cloudseer_peoples/12273861","_id":"cloudseer_owns/12336236","_key":"12336236","_rev":"_Wz1Ljb---_","_to":"cloudseer_laptops/12208210"},
  {"_from":"cloudseer_peoples/12273657","_id":"cloudseer_owns/12336844","_key":"12336844","_rev":"_Wz1LkDG--_","_to":"cloudseer_laptops/12208560"},
  {"_from":"cloudseer_peoples/12272981","_id":"cloudseer_owns/12335884","_key":"12335884","_rev":"_Wz1LjEe--B","_to":"cloudseer_laptops/12208510"},
  {"_from":"cloudseer_peoples/12274271","_id":"cloudseer_owns/12336866","_key":"12336866","_rev":"_Wz1LkEe--_","_to":"cloudseer_laptops/12208758"},
  {"_from":"cloudseer_peoples/12273203","_id":"cloudseer_owns/12336924","_key":"12336924","_rev":"_Wz1LkIy--_","_to":"cloudseer_laptops/12208478"},
  {"_from":"cloudseer_peoples/12273937","_id":"cloudseer_owns/12336282","_key":"12336282","_rev":"_Wz1Ljdq--_","_to":"cloudseer_laptops/12207850"},
  {"_from":"cloudseer_peoples/12273105","_id":"cloudseer_owns/12336976","_key":"12336976","_rev":"_Wz1LkMe--_","_to":"cloudseer_laptops/12208406"},
  {"_from":"cloudseer_peoples/12272647","_id":"cloudseer_owns/12335800","_key":"12335800","_rev":"_Wz1Lj-6--_","_to":"cloudseer_laptops/12207680"},
  {"_from":"cloudseer_peoples/12273013","_id":"cloudseer_owns/12336480","_key":"12336480","_rev":"_Wz1Ljqm---","_to":"cloudseer_laptops/12208130"},
  {"_from":"cloudseer_peoples/12273079","_id":"cloudseer_owns/12336890","_key":"12336890","_rev":"_Wz1LkGS--_","_to":"cloudseer_laptops/12208522"},
  {"_from":"cloudseer_peoples/12274241","_id":"cloudseer_owns/12336746","_key":"12336746","_rev":"_Wz1Lj8q--_","_to":"cloudseer_laptops/12208222"},
  {"_from":"cloudseer_peoples/12273827","_id":"cloudseer_owns/12336330","_key":"12336330","_rev":"_Wz1Ljhm--_","_to":"cloudseer_laptops/12208050"},
  {"_from":"cloudseer_peoples/12273363","_id":"cloudseer_owns/12336978","_key":"12336978","_rev":"_Wz1LkMu--_","_to":"cloudseer_laptops/12209050"},
  {"_from":"cloudseer_peoples/12273059","_id":"cloudseer_owns/12335774","_key":"12335774","_rev":"_Wz1Li9y--_","_to":"cloudseer_laptops/12208092"},
  {"_from":"cloudseer_peoples/12274097","_id":"cloudseer_owns/12336310","_key":"12336310","_rev":"_Wz1Ljfy--_","_to":"cloudseer_laptops/12207944"},
  {"_from":"cloudseer_peoples/12272629","_id":"cloudseer_owns/12336072","_key":"12336072","_rev":"_Wz1LjPy--_","_to":"cloudseer_laptops/12207600"},
  {"_from":"cloudseer_peoples/12273763","_id":"cloudseer_owns/12336208","_key":"12336208","_rev":"_Wz1LjZi--_","_to":"cloudseer_laptops/12208432"},
  {"_from":"cloudseer_peoples/12273265","_id":"cloudseer_owns/12336608","_key":"12336608","_rev":"_Wz1Ljz---_","_to":"cloudseer_laptops/12207350"},
  {"_from":"cloudseer_peoples/12274067","_id":"cloudseer_owns/12336722","_key":"12336722","_rev":"_Wz1Lj6u--_","_to":"cloudseer_laptops/12207470"},
  {"_from":"cloudseer_peoples/12274361","_id":"cloudseer_owns/12336526","_key":"12336526","_rev":"_Wz1LjtO--_","_to":"cloudseer_laptops/12208146"},
  {"_from":"cloudseer_peoples/12273707","_id":"cloudseer_owns/12336266","_key":"12336266","_rev":"_Wz1Ljcq--_","_to":"cloudseer_laptops/12208004"},
  {"_from":"cloudseer_peoples/12273577","_id":"cloudseer_owns/12336146","_key":"12336146","_rev":"_Wz1LjVe--_","_to":"cloudseer_laptops/12208830"},
  {"_from":"cloudseer_peoples/12273665","_id":"cloudseer_owns/12336124","_key":"12336124","_rev":"_Wz1LjTm--_","_to":"cloudseer_laptops/12208114"},
  {"_from":"cloudseer_peoples/12274011","_id":"cloudseer_owns/12336542","_key":"12336542","_rev":"_Wz1LjuG--_","_to":"cloudseer_laptops/12208596"},
  {"_from":"cloudseer_peoples/12274371","_id":"cloudseer_owns/12337014","_key":"12337014","_rev":"_Wz1LkPG--_","_to":"cloudseer_laptops/12207928"},
  {"_from":"cloudseer_peoples/12273227","_id":"cloudseer_owns/12336416","_key":"12336416","_rev":"_Wz1LjmW--B","_to":"cloudseer_laptops/12208896"},
  {"_from":"cloudseer_peoples/12274817","_id":"cloudseer_owns/12336296","_key":"12336296","_rev":"_Wz1Ljeq--_","_to":"cloudseer_laptops/12207398"},
  {"_from":"cloudseer_peoples/12272639","_id":"cloudseer_owns/12336588","_key":"12336588","_rev":"_Wz1Ljxi--_","_to":"cloudseer_laptops/12208884"},
  {"_from":"cloudseer_peoples/12273635","_id":"cloudseer_owns/12336878","_key":"12336878","_rev":"_Wz1LkFO--_","_to":"cloudseer_laptops/12207890"},
  {"_from":"cloudseer_peoples/12273033","_id":"cloudseer_owns/12335746","_key":"12335746","_rev":"_Wz1Li7y--_","_to":"cloudseer_laptops/12208060"},
  {"_from":"cloudseer_peoples/12274353","_id":"cloudseer_owns/12336786","_key":"12336786","_rev":"_Wz1Lk_S--_","_to":"cloudseer_laptops/12208504"},
  {"_from":"cloudseer_peoples/12272815","_id":"cloudseer_owns/12336810","_key":"12336810","_rev":"_Wz1LkB---_","_to":"cloudseer_laptops/12208770"},
  {"_from":"cloudseer_peoples/12273083","_id":"cloudseer_owns/12336090","_key":"12336090","_rev":"_Wz1LjR---_","_to":"cloudseer_laptops/12207430"},
  {"_from":"cloudseer_peoples/12273777","_id":"cloudseer_owns/12336052","_key":"12336052","_rev":"_Wz1LjOq--_","_to":"cloudseer_laptops/12207370"},
  {"_from":"cloudseer_peoples/12272627","_id":"cloudseer_owns/12337044","_key":"12337044","_rev":"_Wz1LkQ6--_","_to":"cloudseer_laptops/12208922"},
  {"_from":"cloudseer_peoples/12273835","_id":"cloudseer_owns/12336230","_key":"12336230","_rev":"_Wz1Ljam--_","_to":"cloudseer_laptops/12208684"},
  {"_from":"cloudseer_peoples/12274103","_id":"cloudseer_owns/12336674","_key":"12336674","_rev":"_Wz1Lj3W--_","_to":"cloudseer_laptops/12207926"},
  {"_from":"cloudseer_peoples/12272869","_id":"cloudseer_owns/12336406","_key":"12336406","_rev":"_Wz1Ljly--_","_to":"cloudseer_laptops/12208402"},
  {"_from":"cloudseer_peoples/12274595","_id":"cloudseer_owns/12336622","_key":"12336622","_rev":"_Wz1Lj0O--_","_to":"cloudseer_laptops/12208100"},
  {"_from":"cloudseer_peoples/12273451","_id":"cloudseer_owns/12336892","_key":"12336892","_rev":"_Wz1LkGa--_","_to":"cloudseer_laptops/12207774"},
  {"_from":"cloudseer_peoples/12273221","_id":"cloudseer_owns/12336126","_key":"12336126","_rev":"_Wz1LjTq--_","_to":"cloudseer_laptops/12208670"},
  {"_from":"cloudseer_peoples/12272579","_id":"cloudseer_owns/12335804","_key":"12335804","_rev":"_Wz1Lj_G--_","_to":"cloudseer_laptops/12208396"},
  {"_from":"cloudseer_peoples/12273763","_id":"cloudseer_owns/12336212","_key":"12336212","_rev":"_Wz1LjZm--_","_to":"cloudseer_laptops/12208434"},
  {"_from":"cloudseer_peoples/12274285","_id":"cloudseer_owns/12336942","_key":"12336942","_rev":"_Wz1LkKO--_","_to":"cloudseer_laptops/12208870"},
  {"_from":"cloudseer_peoples/12273501","_id":"cloudseer_owns/12336662","_key":"12336662","_rev":"_Wz1Lj2e--B","_to":"cloudseer_laptops/12208350"},
  {"_from":"cloudseer_peoples/12273519","_id":"cloudseer_owns/12336560","_key":"12336560","_rev":"_Wz1Ljvm--B","_to":"cloudseer_laptops/12208502"},
  {"_from":"cloudseer_peoples/12273567","_id":"cloudseer_owns/12336888","_key":"12336888","_rev":"_Wz1LkGK--_","_to":"cloudseer_laptops/12208476"},
  {"_from":"cloudseer_peoples/12273525","_id":"cloudseer_owns/12337016","_key":"12337016","_rev":"_Wz1LkPK--_","_to":"cloudseer_laptops/12207656"},
  {"_from":"cloudseer_peoples/12273957","_id":"cloudseer_owns/12336394","_key":"12336394","_rev":"_Wz1LjlC--_","_to":"cloudseer_laptops/12207536"},
  {"_from":"cloudseer_peoples/12272883","_id":"cloudseer_owns/12336570","_key":"12336570","_rev":"_Wz1LjwW--_","_to":"cloudseer_laptops/12207972"},
  {"_from":"cloudseer_peoples/12273283","_id":"cloudseer_owns/12335768","_key":"12335768","_rev":"_Wz1Li9G--_","_to":"cloudseer_laptops/12207560"},
  {"_from":"cloudseer_peoples/12274619","_id":"cloudseer_owns/12336770","_key":"12336770","_rev":"_Wz1Lk-G--_","_to":"cloudseer_laptops/12207648"},
  {"_from":"cloudseer_peoples/12272593","_id":"cloudseer_owns/12336232","_key":"12336232","_rev":"_Wz1Ljau--_","_to":"cloudseer_laptops/12209114"},
  {"_from":"cloudseer_peoples/12273055","_id":"cloudseer_owns/12336452","_key":"12336452","_rev":"_Wz1Ljoe--_","_to":"cloudseer_laptops/12208338"},
  {"_from":"cloudseer_peoples/12272913","_id":"cloudseer_owns/12336664","_key":"12336664","_rev":"_Wz1Lj2i--_","_to":"cloudseer_laptops/12208722"},
  {"_from":"cloudseer_peoples/12274039","_id":"cloudseer_owns/12336862","_key":"12336862","_rev":"_Wz1LkEW--_","_to":"cloudseer_laptops/12208748"},
  {"_from":"cloudseer_peoples/12272775","_id":"cloudseer_owns/12336026","_key":"12336026","_rev":"_Wz1LjMe--_","_to":"cloudseer_laptops/12207722"},
  {"_from":"cloudseer_peoples/12273181","_id":"cloudseer_owns/12336016","_key":"12336016","_rev":"_Wz1LjL2--B","_to":"cloudseer_laptops/12208652"},
  {"_from":"cloudseer_peoples/12272755","_id":"cloudseer_owns/12335802","_key":"12335802","_rev":"_Wz1Lj_---_","_to":"cloudseer_laptops/12207718"},
  {"_from":"cloudseer_peoples/12274687","_id":"cloudseer_owns/12336186","_key":"12336186","_rev":"_Wz1LjYG--_","_to":"cloudseer_laptops/12209060"},
  {"_from":"cloudseer_peoples/12274783","_id":"cloudseer_owns/12336904","_key":"12336904","_rev":"_Wz1LkHK--_","_to":"cloudseer_laptops/12208952"},
  {"_from":"cloudseer_peoples/12273337","_id":"cloudseer_owns/12336363","_key":"12336363","_rev":"_Wz1Ljji--_","_to":"cloudseer_laptops/12207490"},
  {"_from":"cloudseer_peoples/12273477","_id":"cloudseer_owns/12336448","_key":"12336448","_rev":"_Wz1LjoO--_","_to":"cloudseer_laptops/12208280"},
  {"_from":"cloudseer_peoples/12274481","_id":"cloudseer_owns/12336492","_key":"12336492","_rev":"_Wz1Ljra--_","_to":"cloudseer_laptops/12207322"},
  {"_from":"cloudseer_peoples/12274535","_id":"cloudseer_owns/12336522","_key":"12336522","_rev":"_Wz1LjtG--_","_to":"cloudseer_laptops/12208288"},
  {"_from":"cloudseer_peoples/12274779","_id":"cloudseer_owns/12336682","_key":"12336682","_rev":"_Wz1Lj36--_","_to":"cloudseer_laptops/12207422"},
  {"_from":"cloudseer_peoples/12273189","_id":"cloudseer_owns/12336964","_key":"12336964","_rev":"_Wz1LkLu--_","_to":"cloudseer_laptops/12208708"},
  {"_from":"cloudseer_peoples/12272693","_id":"cloudseer_owns/12336258","_key":"12336258","_rev":"_Wz1LjcO--_","_to":"cloudseer_laptops/12208482"},
  {"_from":"cloudseer_peoples/12273667","_id":"cloudseer_owns/12336462","_key":"12336462","_rev":"_Wz1LjpS--_","_to":"cloudseer_laptops/12208002"},
  {"_from":"cloudseer_peoples/12274574","_id":"cloudseer_owns/12336506","_key":"12336506","_rev":"_Wz1LjsK--_","_to":"cloudseer_laptops/12208296"},
  {"_from":"cloudseer_peoples/12273871","_id":"cloudseer_owns/12335716","_key":"12335716","_rev":"_Wz1Li6K--_","_to":"cloudseer_laptops/12208032"},
  {"_from":"cloudseer_peoples/12274711","_id":"cloudseer_owns/12336028","_key":"12336028","_rev":"_Wz1LjMu--_","_to":"cloudseer_laptops/12207474"},
  {"_from":"cloudseer_peoples/12274145","_id":"cloudseer_owns/12336848","_key":"12336848","_rev":"_Wz1LkDa--_","_to":"cloudseer_laptops/12208500"},
  {"_from":"cloudseer_peoples/12274453","_id":"cloudseer_owns/12335854","_key":"12335854","_rev":"_Wz1LjCi--_","_to":"cloudseer_laptops/12208398"},
  {"_from":"cloudseer_peoples/12273217","_id":"cloudseer_owns/12336830","_key":"12336830","_rev":"_Wz1LkB2--_","_to":"cloudseer_laptops/12207518"},
  {"_from":"cloudseer_peoples/12273087","_id":"cloudseer_owns/12336802","_key":"12336802","_rev":"_Wz1LkAa--_","_to":"cloudseer_laptops/12208660"},
  {"_from":"cloudseer_peoples/12273011","_id":"cloudseer_owns/12336098","_key":"12336098","_rev":"_Wz1LjRy--_","_to":"cloudseer_laptops/12208480"},
  {"_from":"cloudseer_peoples/12272993","_id":"cloudseer_owns/12336694","_key":"12336694","_rev":"_Wz1Lj4m--_","_to":"cloudseer_laptops/12207616"},
  {"_from":"cloudseer_peoples/12274557","_id":"cloudseer_owns/12336680","_key":"12336680","_rev":"_Wz1Lj3q--_","_to":"cloudseer_laptops/12208550"},
  {"_from":"cloudseer_peoples/12272705","_id":"cloudseer_owns/12336058","_key":"12336058","_rev":"_Wz1LjP---_","_to":"cloudseer_laptops/12208410"},
  {"_from":"cloudseer_peoples/12274133","_id":"cloudseer_owns/12336582","_key":"12336582","_rev":"_Wz1LjxK--_","_to":"cloudseer_laptops/12207576"},
  {"_from":"cloudseer_peoples/12274157","_id":"cloudseer_owns/12336852","_key":"12336852","_rev":"_Wz1LkDy--_","_to":"cloudseer_laptops/12208544"},
  {"_from":"cloudseer_peoples/12273137","_id":"cloudseer_owns/12336740","_key":"12336740","_rev":"_Wz1Lj8---_","_to":"cloudseer_laptops/12207640"},
  {"_from":"cloudseer_peoples/12273417","_id":"cloudseer_owns/12335868","_key":"12335868","_rev":"_Wz1LjDm--_","_to":"cloudseer_laptops/12208516"},
  {"_from":"cloudseer_peoples/12274725","_id":"cloudseer_owns/12336194","_key":"12336194","_rev":"_Wz1LjYa--B","_to":"cloudseer_laptops/12208466"},
  {"_from":"cloudseer_peoples/12274391","_id":"cloudseer_owns/12336460","_key":"12336460","_rev":"_Wz1LjpC--_","_to":"cloudseer_laptops/12207358"},
  {"_from":"cloudseer_peoples/12274365","_id":"cloudseer_owns/12336600","_key":"12336600","_rev":"_Wz1LjyW--_","_to":"cloudseer_laptops/12208316"},
  {"_from":"cloudseer_peoples/12274299","_id":"cloudseer_owns/12336064","_key":"12336064","_rev":"_Wz1LjPS--_","_to":"cloudseer_laptops/12208262"},
  {"_from":"cloudseer_peoples/12272665","_id":"cloudseer_owns/12336206","_key":"12336206","_rev":"_Wz1LjZW--_","_to":"cloudseer_laptops/12208808"},
  {"_from":"cloudseer_peoples/12272843","_id":"cloudseer_owns/12336638","_key":"12336638","_rev":"_Wz1Lj1S--_","_to":"cloudseer_laptops/12208672"},
  {"_from":"cloudseer_peoples/12274407","_id":"cloudseer_owns/12335898","_key":"12335898","_rev":"_Wz1LjFu--_","_to":"cloudseer_laptops/12208716"},
  {"_from":"cloudseer_peoples/12273409","_id":"cloudseer_owns/12336728","_key":"12336728","_rev":"_Wz1Lj7K--_","_to":"cloudseer_laptops/12207940"},
  {"_from":"cloudseer_peoples/12274477","_id":"cloudseer_owns/12336874","_key":"12336874","_rev":"_Wz1LkFC--_","_to":"cloudseer_laptops/12207578"},
  {"_from":"cloudseer_peoples/12273289","_id":"cloudseer_owns/12335990","_key":"12335990","_rev":"_Wz1LjKC--_","_to":"cloudseer_laptops/12208528"},
  {"_from":"cloudseer_peoples/12273275","_id":"cloudseer_owns/12335752","_key":"12335752","_rev":"_Wz1Li8S--_","_to":"cloudseer_laptops/12208972"},
  {"_from":"cloudseer_peoples/12274327","_id":"cloudseer_owns/12335724","_key":"12335724","_rev":"_Wz1Li6q--_","_to":"cloudseer_laptops/12207460"},
  {"_from":"cloudseer_peoples/12272791","_id":"cloudseer_owns/12336928","_key":"12336928","_rev":"_Wz1LkJC--_","_to":"cloudseer_laptops/12208586"},
  {"_from":"cloudseer_peoples/12273915","_id":"cloudseer_owns/12337032","_key":"12337032","_rev":"_Wz1LkQO--_","_to":"cloudseer_laptops/12208224"},
  {"_from":"cloudseer_peoples/12273145","_id":"cloudseer_owns/12335986","_key":"12335986","_rev":"_Wz1LjJ2--_","_to":"cloudseer_laptops/12207708"},
  {"_from":"cloudseer_peoples/12274269","_id":"cloudseer_owns/12337040","_key":"12337040","_rev":"_Wz1LkQi--_","_to":"cloudseer_laptops/12207930"},
  {"_from":"cloudseer_peoples/12273257","_id":"cloudseer_owns/12336856","_key":"12336856","_rev":"_Wz1LkE---_","_to":"cloudseer_laptops/12208620"},
  {"_from":"cloudseer_peoples/12273169","_id":"cloudseer_owns/12336350","_key":"12336350","_rev":"_Wz1LjjO--_","_to":"cloudseer_laptops/12208254"},
  {"_from":"cloudseer_peoples/12273995","_id":"cloudseer_owns/12336372","_key":"12336372","_rev":"_Wz1Ljj2--B","_to":"cloudseer_laptops/12208304"},
  {"_from":"cloudseer_peoples/12274323","_id":"cloudseer_owns/12336742","_key":"12336742","_rev":"_Wz1Lj8G--_","_to":"cloudseer_laptops/12207902"},
  {"_from":"cloudseer_peoples/12274257","_id":"cloudseer_owns/12335740","_key":"12335740","_rev":"_Wz1Li7a--_","_to":"cloudseer_laptops/12208258"},
  {"_from":"cloudseer_peoples/12272881","_id":"cloudseer_owns/12336162","_key":"12336162","_rev":"_Wz1LjWy--_","_to":"cloudseer_laptops/12207564"},
  {"_from":"cloudseer_peoples/12273021","_id":"cloudseer_owns/12336242","_key":"12336242","_rev":"_Wz1LjbW--_","_to":"cloudseer_laptops/12207882"},
  {"_from":"cloudseer_peoples/12273309","_id":"cloudseer_owns/12337004","_key":"12337004","_rev":"_Wz1LkOi--_","_to":"cloudseer_laptops/12208634"},
  {"_from":"cloudseer_peoples/12273489","_id":"cloudseer_owns/12335962","_key":"12335962","_rev":"_Wz1LjIS--_","_to":"cloudseer_laptops/12207984"},
  {"_from":"cloudseer_peoples/12273025","_id":"cloudseer_owns/12336046","_key":"12336046","_rev":"_Wz1LjOO--_","_to":"cloudseer_laptops/12208040"},
  {"_from":"cloudseer_peoples/12273771","_id":"cloudseer_owns/12336268","_key":"12336268","_rev":"_Wz1Ljcy--_","_to":"cloudseer_laptops/12208556"},
  {"_from":"cloudseer_peoples/12274203","_id":"cloudseer_owns/12336202","_key":"12336202","_rev":"_Wz1LjZC--_","_to":"cloudseer_laptops/12208598"},
  {"_from":"cloudseer_peoples/12274755","_id":"cloudseer_owns/12336724","_key":"12336724","_rev":"_Wz1Lj62--_","_to":"cloudseer_laptops/12208574"},
  {"_from":"cloudseer_peoples/12272765","_id":"cloudseer_owns/12336788","_key":"12336788","_rev":"_Wz1Lk_e--_","_to":"cloudseer_laptops/12207530"},
  {"_from":"cloudseer_peoples/12274447","_id":"cloudseer_owns/12335936","_key":"12335936","_rev":"_Wz1LjHC--_","_to":"cloudseer_laptops/12209048"},
  {"_from":"cloudseer_peoples/12273503","_id":"cloudseer_owns/12335728","_key":"12335728","_rev":"_Wz1Li62--_","_to":"cloudseer_laptops/12209126"},
  {"_from":"cloudseer_peoples/12273553","_id":"cloudseer_owns/12336256","_key":"12336256","_rev":"_Wz1LjcG--B","_to":"cloudseer_laptops/12208362"},
  {"_from":"cloudseer_peoples/12272601","_id":"cloudseer_owns/12336420","_key":"12336420","_rev":"_Wz1Ljmq--_","_to":"cloudseer_laptops/12207990"},
  {"_from":"cloudseer_peoples/12274221","_id":"cloudseer_owns/12336910","_key":"12336910","_rev":"_Wz1LkHy--_","_to":"cloudseer_laptops/12208012"},
  {"_from":"cloudseer_peoples/12274013","_id":"cloudseer_owns/12336216","_key":"12336216","_rev":"_Wz1LjZu--_","_to":"cloudseer_laptops/12208176"},
  {"_from":"cloudseer_peoples/12274079","_id":"cloudseer_owns/12335780","_key":"12335780","_rev":"_Wz1Li96--B","_to":"cloudseer_laptops/12208514"},
  {"_from":"cloudseer_peoples/12273267","_id":"cloudseer_owns/12336780","_key":"12336780","_rev":"_Wz1Lk_C--_","_to":"cloudseer_laptops/12208016"},
  {"_from":"cloudseer_peoples/12272857","_id":"cloudseer_owns/12336068","_key":"12336068","_rev":"_Wz1LjPe--_","_to":"cloudseer_laptops/12208286"},
  {"_from":"cloudseer_peoples/12274667","_id":"cloudseer_owns/12336870","_key":"12336870","_rev":"_Wz1LkEq--_","_to":"cloudseer_laptops/12208674"},
  {"_from":"cloudseer_peoples/12273539","_id":"cloudseer_owns/12336756","_key":"12336756","_rev":"_Wz1Lj9S--_","_to":"cloudseer_laptops/12207366"},
  {"_from":"cloudseer_peoples/12274087","_id":"cloudseer_owns/12335732","_key":"12335732","_rev":"_Wz1Li66--B","_to":"cloudseer_laptops/12208612"},
  {"_from":"cloudseer_peoples/12274753","_id":"cloudseer_owns/12336574","_key":"12336574","_rev":"_Wz1Ljwq--_","_to":"cloudseer_laptops/12208624"},
  {"_from":"cloudseer_peoples/12273799","_id":"cloudseer_owns/12336624","_key":"12336624","_rev":"_Wz1Lj0e--_","_to":"cloudseer_laptops/12207700"},
  {"_from":"cloudseer_peoples/12272949","_id":"cloudseer_owns/12336528","_key":"12336528","_rev":"_Wz1LjtS--_","_to":"cloudseer_laptops/12207888"},
  {"_from":"cloudseer_peoples/12274459","_id":"cloudseer_owns/12336934","_key":"12336934","_rev":"_Wz1LkJi--_","_to":"cloudseer_laptops/12208548"},
  {"_from":"cloudseer_peoples/12272953","_id":"cloudseer_owns/12336540","_key":"12336540","_rev":"_Wz1Ljt2--B","_to":"cloudseer_laptops/12208600"},
  {"_from":"cloudseer_peoples/12272951","_id":"cloudseer_owns/12336792","_key":"12336792","_rev":"_Wz1Lk_q--_","_to":"cloudseer_laptops/12207448"},
  {"_from":"cloudseer_peoples/12273711","_id":"cloudseer_owns/12336168","_key":"12336168","_rev":"_Wz1LjXG--_","_to":"cloudseer_laptops/12207484"},
  {"_from":"cloudseer_peoples/12273237","_id":"cloudseer_owns/12337030","_key":"12337030","_rev":"_Wz1LkQG--_","_to":"cloudseer_laptops/12208358"},
  {"_from":"cloudseer_peoples/12273303","_id":"cloudseer_owns/12336556","_key":"12336556","_rev":"_Wz1Ljve--_","_to":"cloudseer_laptops/12208956"},
  {"_from":"cloudseer_peoples/12274611","_id":"cloudseer_owns/12336956","_key":"12336956","_rev":"_Wz1LkLK--_","_to":"cloudseer_laptops/12207798"},
  {"_from":"cloudseer_peoples/12273545","_id":"cloudseer_owns/12336322","_key":"12336322","_rev":"_Wz1LjhK--_","_to":"cloudseer_laptops/12207538"},
  {"_from":"cloudseer_peoples/12274163","_id":"cloudseer_owns/12337042","_key":"12337042","_rev":"_Wz1LkQu--_","_to":"cloudseer_laptops/12208518"},
  {"_from":"cloudseer_peoples/12273095","_id":"cloudseer_owns/12335930","_key":"12335930","_rev":"_Wz1LjGu--B","_to":"cloudseer_laptops/12207304"},
  {"_from":"cloudseer_peoples/12273695","_id":"cloudseer_owns/12335934","_key":"12335934","_rev":"_Wz1LjG6--_","_to":"cloudseer_laptops/12208174"},
  {"_from":"cloudseer_peoples/12273627","_id":"cloudseer_owns/12335966","_key":"12335966","_rev":"_Wz1LjIu--_","_to":"cloudseer_laptops/12208992"},
  {"_from":"cloudseer_peoples/12274367","_id":"cloudseer_owns/12336010","_key":"12336010","_rev":"_Wz1LjLa--_","_to":"cloudseer_laptops/12208108"},
  {"_from":"cloudseer_peoples/12274577","_id":"cloudseer_owns/12336396","_key":"12336396","_rev":"_Wz1LjlO--_","_to":"cloudseer_laptops/12207396"},
  {"_from":"cloudseer_peoples/12272821","_id":"cloudseer_owns/12336048","_key":"12336048","_rev":"_Wz1LjOW--_","_to":"cloudseer_laptops/12208366"},
  {"_from":"cloudseer_peoples/12274399","_id":"cloudseer_owns/12336994","_key":"12336994","_rev":"_Wz1LkN2--_","_to":"cloudseer_laptops/12207354"},
  {"_from":"cloudseer_peoples/12273049","_id":"cloudseer_owns/12337012","_key":"12337012","_rev":"_Wz1LkO6--_","_to":"cloudseer_laptops/12207672"},
  {"_from":"cloudseer_peoples/12274313","_id":"cloudseer_owns/12336306","_key":"12336306","_rev":"_Wz1LjfS--_","_to":"cloudseer_laptops/12208378"},
  {"_from":"cloudseer_peoples/12274719","_id":"cloudseer_owns/12337002","_key":"12337002","_rev":"_Wz1LkOa--B","_to":"cloudseer_laptops/12208788"},
  {"_from":"cloudseer_peoples/12273733","_id":"cloudseer_owns/12336666","_key":"12336666","_rev":"_Wz1Lj2q--_","_to":"cloudseer_laptops/12208970"},
  {"_from":"cloudseer_peoples/12273963","_id":"cloudseer_owns/12336120","_key":"12336120","_rev":"_Wz1LjTW--_","_to":"cloudseer_laptops/12208668"},
  {"_from":"cloudseer_peoples/12272925","_id":"cloudseer_owns/12335712","_key":"12335712","_rev":"_Wz1Li6---D","_to":"cloudseer_laptops/12207324"},
  {"_from":"cloudseer_peoples/12273449","_id":"cloudseer_owns/12335874","_key":"12335874","_rev":"_Wz1LjD2--_","_to":"cloudseer_laptops/12208900"},
  {"_from":"cloudseer_peoples/12273431","_id":"cloudseer_owns/12336436","_key":"12336436","_rev":"_Wz1Ljnm--_","_to":"cloudseer_laptops/12207778"},
  {"_from":"cloudseer_peoples/12272991","_id":"cloudseer_owns/12336990","_key":"12336990","_rev":"_Wz1LkNm--_","_to":"cloudseer_laptops/12208640"},
  {"_from":"cloudseer_peoples/12273675","_id":"cloudseer_owns/12336174","_key":"12336174","_rev":"_Wz1LjXe--_","_to":"cloudseer_laptops/12208138"},
  {"_from":"cloudseer_peoples/12272885","_id":"cloudseer_owns/12336318","_key":"12336318","_rev":"_Wz1Ljgu--_","_to":"cloudseer_laptops/12208408"},
  {"_from":"cloudseer_peoples/12273185","_id":"cloudseer_owns/12336548","_key":"12336548","_rev":"_Wz1LjvC--_","_to":"cloudseer_laptops/12208474"},
  {"_from":"cloudseer_peoples/12272841","_id":"cloudseer_owns/12336906","_key":"12336906","_rev":"_Wz1LkHa--_","_to":"cloudseer_laptops/12208998"},
  {"_from":"cloudseer_peoples/12273341","_id":"cloudseer_owns/12336676","_key":"12336676","_rev":"_Wz1Lj3W--B","_to":"cloudseer_laptops/12207598"},
  {"_from":"cloudseer_peoples/12274409","_id":"cloudseer_owns/12335782","_key":"12335782","_rev":"_Wz1Lj----_","_to":"cloudseer_laptops/12208742"},
  {"_from":"cloudseer_peoples/12273513","_id":"cloudseer_owns/12336734","_key":"12336734","_rev":"_Wz1Lj7q--B","_to":"cloudseer_laptops/12208568"},
  {"_from":"cloudseer_peoples/12274445","_id":"cloudseer_owns/12336952","_key":"12336952","_rev":"_Wz1LkK2--B","_to":"cloudseer_laptops/12207736"},
  {"_from":"cloudseer_peoples/12273441","_id":"cloudseer_owns/12335916","_key":"12335916","_rev":"_Wz1LjGa--H","_to":"cloudseer_laptops/12207316"},
  {"_from":"cloudseer_peoples/12274181","_id":"cloudseer_owns/12336626","_key":"12336626","_rev":"_Wz1Lj0u--_","_to":"cloudseer_laptops/12207572"},
  {"_from":"cloudseer_peoples/12273307","_id":"cloudseer_owns/12335744","_key":"12335744","_rev":"_Wz1Li7u--_","_to":"cloudseer_laptops/12208250"},
  {"_from":"cloudseer_peoples/12274349","_id":"cloudseer_owns/12336246","_key":"12336246","_rev":"_Wz1Ljbi--_","_to":"cloudseer_laptops/12209144"},
  {"_from":"cloudseer_peoples/12274081","_id":"cloudseer_owns/12335812","_key":"12335812","_rev":"_Wz1Lj_m--_","_to":"cloudseer_laptops/12208506"},
  {"_from":"cloudseer_peoples/12272581","_id":"cloudseer_owns/12336336","_key":"12336336","_rev":"_Wz1Lji---_","_to":"cloudseer_laptops/12209120"},
  {"_from":"cloudseer_peoples/12274119","_id":"cloudseer_owns/12336294","_key":"12336294","_rev":"_Wz1Ljee--_","_to":"cloudseer_laptops/12207768"},
  {"_from":"cloudseer_peoples/12272947","_id":"cloudseer_owns/12336066","_key":"12336066","_rev":"_Wz1LjPS--B","_to":"cloudseer_laptops/12209094"},
  {"_from":"cloudseer_peoples/12273913","_id":"cloudseer_owns/12336278","_key":"12336278","_rev":"_Wz1Ljda--_","_to":"cloudseer_laptops/12207730"},
  {"_from":"cloudseer_peoples/12274087","_id":"cloudseer_owns/12335730","_key":"12335730","_rev":"_Wz1Li66--_","_to":"cloudseer_laptops/12208458"},
  {"_from":"cloudseer_peoples/12273969","_id":"cloudseer_owns/12336092","_key":"12336092","_rev":"_Wz1LjRG--_","_to":"cloudseer_laptops/12207584"},
  {"_from":"cloudseer_peoples/12273399","_id":"cloudseer_owns/12336332","_key":"12336332","_rev":"_Wz1Ljhy--_","_to":"cloudseer_laptops/12207982"},
  {"_from":"cloudseer_peoples/12273761","_id":"cloudseer_owns/12336192","_key":"12336192","_rev":"_Wz1LjYa--_","_to":"cloudseer_laptops/12208968"},
  {"_from":"cloudseer_peoples/12274243","_id":"cloudseer_owns/12336612","_key":"12336612","_rev":"_Wz1LjzG--_","_to":"cloudseer_laptops/12208810"},
  {"_from":"cloudseer_peoples/12273931","_id":"cloudseer_owns/12336008","_key":"12336008","_rev":"_Wz1LjLW--_","_to":"cloudseer_laptops/12207952"},
  {"_from":"cloudseer_peoples/12272825","_id":"cloudseer_owns/12336932","_key":"12336932","_rev":"_Wz1LkJa--_","_to":"cloudseer_laptops/12208394"},
  {"_from":"cloudseer_peoples/12273251","_id":"cloudseer_owns/12336912","_key":"12336912","_rev":"_Wz1LkH6--_","_to":"cloudseer_laptops/12208732"},
  {"_from":"cloudseer_peoples/12273415","_id":"cloudseer_owns/12337024","_key":"12337024","_rev":"_Wz1LkPm--_","_to":"cloudseer_laptops/12208996"},
  {"_from":"cloudseer_peoples/12273235","_id":"cloudseer_owns/12336698","_key":"12336698","_rev":"_Wz1Lj5K--_","_to":"cloudseer_laptops/12207476"},
  {"_from":"cloudseer_peoples/12273065","_id":"cloudseer_owns/12336754","_key":"12336754","_rev":"_Wz1Lj9G--_","_to":"cloudseer_laptops/12207704"},
  {"_from":"cloudseer_peoples/12274065","_id":"cloudseer_owns/12335810","_key":"12335810","_rev":"_Wz1Lj_e--_","_to":"cloudseer_laptops/12207328"},
  {"_from":"cloudseer_peoples/12274751","_id":"cloudseer_owns/12336020","_key":"12336020","_rev":"_Wz1LjMO--_","_to":"cloudseer_laptops/12209088"},
  {"_from":"cloudseer_peoples/12273975","_id":"cloudseer_owns/12336248","_key":"12336248","_rev":"_Wz1Ljbm--_","_to":"cloudseer_laptops/12207610"},
  {"_from":"cloudseer_peoples/12273177","_id":"cloudseer_owns/12335834","_key":"12335834","_rev":"_Wz1LjBS--_","_to":"cloudseer_laptops/12208324"},
  {"_from":"cloudseer_peoples/12272933","_id":"cloudseer_owns/12336302","_key":"12336302","_rev":"_Wz1Ljf---_","_to":"cloudseer_laptops/12209154"},
  {"_from":"cloudseer_peoples/12273053","_id":"cloudseer_owns/12336312","_key":"12336312","_rev":"_Wz1Ljg---_","_to":"cloudseer_laptops/12208276"},
  {"_from":"cloudseer_peoples/12272609","_id":"cloudseer_owns/12336572","_key":"12336572","_rev":"_Wz1Ljwe--_","_to":"cloudseer_laptops/12207532"},
  {"_from":"cloudseer_peoples/12272815","_id":"cloudseer_owns/12336812","_key":"12336812","_rev":"_Wz1LkB---B","_to":"cloudseer_laptops/12208770"},
  {"_from":"cloudseer_peoples/12272827","_id":"cloudseer_owns/12336388","_key":"12336388","_rev":"_Wz1Ljk2--D","_to":"cloudseer_laptops/12207312"},
  {"_from":"cloudseer_peoples/12274211","_id":"cloudseer_owns/12336532","_key":"12336532","_rev":"_Wz1Ljtm--_","_to":"cloudseer_laptops/12209134"},
  {"_from":"cloudseer_peoples/12273335","_id":"cloudseer_owns/12335960","_key":"12335960","_rev":"_Wz1LjIK--_","_to":"cloudseer_laptops/12208152"},
  {"_from":"cloudseer_peoples/12273041","_id":"cloudseer_owns/12336012","_key":"12336012","_rev":"_Wz1LjLi--_","_to":"cloudseer_laptops/12207346"},
  {"_from":"cloudseer_peoples/12273317","_id":"cloudseer_owns/12336804","_key":"12336804","_rev":"_Wz1LkAe--_","_to":"cloudseer_laptops/12209054"},
  {"_from":"cloudseer_peoples/12273699","_id":"cloudseer_owns/12336004","_key":"12336004","_rev":"_Wz1LjLK--_","_to":"cloudseer_laptops/12207802"},
  {"_from":"cloudseer_peoples/12274259","_id":"cloudseer_owns/12335788","_key":"12335788","_rev":"_Wz1Lj-S--_","_to":"cloudseer_laptops/12208526"},
  {"_from":"cloudseer_peoples/12273985","_id":"cloudseer_owns/12335794","_key":"12335794","_rev":"_Wz1Lj-m--_","_to":"cloudseer_laptops/12207760"},
  {"_from":"cloudseer_peoples/12272801","_id":"cloudseer_owns/12336998","_key":"12336998","_rev":"_Wz1LkOK--_","_to":"cloudseer_laptops/12208762"},
  {"_from":"cloudseer_peoples/12274671","_id":"cloudseer_owns/12336706","_key":"12336706","_rev":"_Wz1Lj5m--_","_to":"cloudseer_laptops/12209072"},
  {"_from":"cloudseer_peoples/12272989","_id":"cloudseer_owns/12336496","_key":"12336496","_rev":"_Wz1Ljrm--_","_to":"cloudseer_laptops/12208182"},
  {"_from":"cloudseer_peoples/12274109","_id":"cloudseer_owns/12335954","_key":"12335954","_rev":"_Wz1LjH2--_","_to":"cloudseer_laptops/12208844"},
  {"_from":"cloudseer_peoples/12272759","_id":"cloudseer_owns/12336304","_key":"12336304","_rev":"_Wz1LjfK--_","_to":"cloudseer_laptops/12207568"},
  {"_from":"cloudseer_peoples/12273587","_id":"cloudseer_owns/12336466","_key":"12336466","_rev":"_Wz1Ljpi--_","_to":"cloudseer_laptops/12208320"},
  {"_from":"cloudseer_peoples/12273165","_id":"cloudseer_owns/12335856","_key":"12335856","_rev":"_Wz1LjC6--_","_to":"cloudseer_laptops/12208816"},
  {"_from":"cloudseer_peoples/12274743","_id":"cloudseer_owns/12336320","_key":"12336320","_rev":"_Wz1Ljg6--_","_to":"cloudseer_laptops/12207804"},
  {"_from":"cloudseer_peoples/12274439","_id":"cloudseer_owns/12335718","_key":"12335718","_rev":"_Wz1Li6S--_","_to":"cloudseer_laptops/12208214"},
  {"_from":"cloudseer_peoples/12273703","_id":"cloudseer_owns/12336474","_key":"12336474","_rev":"_Wz1LjqG--_","_to":"cloudseer_laptops/12207786"},
  {"_from":"cloudseer_peoples/12273983","_id":"cloudseer_owns/12336136","_key":"12336136","_rev":"_Wz1LjUW--_","_to":"cloudseer_laptops/12208206"},
  {"_from":"cloudseer_peoples/12273811","_id":"cloudseer_owns/12335790","_key":"12335790","_rev":"_Wz1Lj-a--_","_to":"cloudseer_laptops/12207302"},
  {"_from":"cloudseer_peoples/12273441","_id":"cloudseer_owns/12335918","_key":"12335918","_rev":"_Wz1LjGa--J","_to":"cloudseer_laptops/12207316"},
  {"_from":"cloudseer_peoples/12272697","_id":"cloudseer_owns/12336730","_key":"12336730","_rev":"_Wz1Lj7e--_","_to":"cloudseer_laptops/12208186"},
  {"_from":"cloudseer_peoples/12274121","_id":"cloudseer_owns/12336038","_key":"12336038","_rev":"_Wz1LjNe--_","_to":"cloudseer_laptops/12207500"},
  {"_from":"cloudseer_peoples/12273929","_id":"cloudseer_owns/12336596","_key":"12336596","_rev":"_Wz1LjyK--_","_to":"cloudseer_laptops/12209056"},
  {"_from":"cloudseer_peoples/12273701","_id":"cloudseer_owns/12336846","_key":"12336846","_rev":"_Wz1LkDK--_","_to":"cloudseer_laptops/12207844"},
  {"_from":"cloudseer_peoples/12274807","_id":"cloudseer_owns/12336744","_key":"12336744","_rev":"_Wz1Lj8O--_","_to":"cloudseer_laptops/12207862"},
  {"_from":"cloudseer_peoples/12274315","_id":"cloudseer_owns/12336772","_key":"12336772","_rev":"_Wz1Lk-a--_","_to":"cloudseer_laptops/12207838"},
  {"_from":"cloudseer_peoples/12274715","_id":"cloudseer_owns/12335958","_key":"12335958","_rev":"_Wz1LjIC--_","_to":"cloudseer_laptops/12208638"},
  {"_from":"cloudseer_peoples/12274601","_id":"cloudseer_owns/12336720","_key":"12336720","_rev":"_Wz1Lj6m--B","_to":"cloudseer_laptops/12208242"},
  {"_from":"cloudseer_peoples/12274247","_id":"cloudseer_owns/12336598","_key":"12336598","_rev":"_Wz1LjyS--_","_to":"cloudseer_laptops/12208204"},
  {"_from":"cloudseer_peoples/12273935","_id":"cloudseer_owns/12335892","_key":"12335892","_rev":"_Wz1LjFW--_","_to":"cloudseer_laptops/12208246"},
  {"_from":"cloudseer_peoples/12272917","_id":"cloudseer_owns/12336334","_key":"12336334","_rev":"_Wz1Ljh6--_","_to":"cloudseer_laptops/12208924"},
  {"_from":"cloudseer_peoples/12273453","_id":"cloudseer_owns/12336270","_key":"12336270","_rev":"_Wz1Ljc2--_","_to":"cloudseer_laptops/12207416"},
  {"_from":"cloudseer_peoples/12274005","_id":"cloudseer_owns/12335870","_key":"12335870","_rev":"_Wz1LjDy--_","_to":"cloudseer_laptops/12209092"},
  {"_from":"cloudseer_peoples/12274169","_id":"cloudseer_owns/12336708","_key":"12336708","_rev":"_Wz1Lj5y--_","_to":"cloudseer_laptops/12207934"},
  {"_from":"cloudseer_peoples/12273933","_id":"cloudseer_owns/12335840","_key":"12335840","_rev":"_Wz1LjBq--_","_to":"cloudseer_laptops/12208826"},
  {"_from":"cloudseer_peoples/12274757","_id":"cloudseer_owns/12336914","_key":"12336914","_rev":"_Wz1LkIK--_","_to":"cloudseer_laptops/12209082"},
  {"_from":"cloudseer_peoples/12272871","_id":"cloudseer_owns/12335876","_key":"12335876","_rev":"_Wz1LjE---_","_to":"cloudseer_laptops/12207488"},
  {"_from":"cloudseer_peoples/12272657","_id":"cloudseer_owns/12335760","_key":"12335760","_rev":"_Wz1Li8m--_","_to":"cloudseer_laptops/12208034"},
  {"_from":"cloudseer_peoples/12272857","_id":"cloudseer_owns/12336070","_key":"12336070","_rev":"_Wz1LjPe--B","_to":"cloudseer_laptops/12208268"},
  {"_from":"cloudseer_peoples/12274661","_id":"cloudseer_owns/12336628","_key":"12336628","_rev":"_Wz1Lj0y--_","_to":"cloudseer_laptops/12208248"},
  {"_from":"cloudseer_peoples/12273173","_id":"cloudseer_owns/12336512","_key":"12336512","_rev":"_Wz1Ljsi--_","_to":"cloudseer_laptops/12207580"},
  {"_from":"cloudseer_peoples/12274767","_id":"cloudseer_owns/12335970","_key":"12335970","_rev":"_Wz1LjI6--_","_to":"cloudseer_laptops/12209138"},
  {"_from":"cloudseer_peoples/12274437","_id":"cloudseer_owns/12336738","_key":"12336738","_rev":"_Wz1Lj76--_","_to":"cloudseer_laptops/12209132"},
  {"_from":"cloudseer_peoples/12272925","_id":"cloudseer_owns/12335708","_key":"12335708","_rev":"_Wz1Li6---_","_to":"cloudseer_laptops/12207326"},
  {"_from":"cloudseer_peoples/12274295","_id":"cloudseer_owns/12335824","_key":"12335824","_rev":"_Wz1LjAq--_","_to":"cloudseer_laptops/12207382"},
  {"_from":"cloudseer_peoples/12273959","_id":"cloudseer_owns/12335952","_key":"12335952","_rev":"_Wz1LjHy--_","_to":"cloudseer_laptops/12207510"},
  {"_from":"cloudseer_peoples/12274587","_id":"cloudseer_owns/12335748","_key":"12335748","_rev":"_Wz1Li76--_","_to":"cloudseer_laptops/12207776"},
  {"_from":"cloudseer_peoples/12274413","_id":"cloudseer_owns/12336344","_key":"12336344","_rev":"_Wz1Lji2--_","_to":"cloudseer_laptops/12208754"},
  {"_from":"cloudseer_peoples/12273813","_id":"cloudseer_owns/12336152","_key":"12336152","_rev":"_Wz1LjV2--_","_to":"cloudseer_laptops/12207832"},
  {"_from":"cloudseer_peoples/12273031","_id":"cloudseer_owns/12336882","_key":"12336882","_rev":"_Wz1LkFm--_","_to":"cloudseer_laptops/12207620"},
  {"_from":"cloudseer_peoples/12273747","_id":"cloudseer_owns/12335742","_key":"12335742","_rev":"_Wz1Li7i--_","_to":"cloudseer_laptops/12207340"},
  {"_from":"cloudseer_peoples/12273715","_id":"cloudseer_owns/12336422","_key":"12336422","_rev":"_Wz1Ljmu--_","_to":"cloudseer_laptops/12207352"},
  {"_from":"cloudseer_peoples/12272733","_id":"cloudseer_owns/12336840","_key":"12336840","_rev":"_Wz1LkCS--B","_to":"cloudseer_laptops/12208974"},
  {"_from":"cloudseer_peoples/12272663","_id":"cloudseer_owns/12335846","_key":"12335846","_rev":"_Wz1LjCC--_","_to":"cloudseer_laptops/12208162"},
  {"_from":"cloudseer_peoples/12273345","_id":"cloudseer_owns/12336894","_key":"12336894","_rev":"_Wz1LkGe--_","_to":"cloudseer_laptops/12208994"},
  {"_from":"cloudseer_peoples/12272831","_id":"cloudseer_owns/12335976","_key":"12335976","_rev":"_Wz1LjJS--_","_to":"cloudseer_laptops/12208216"},
  {"_from":"cloudseer_peoples/12273377","_id":"cloudseer_owns/12336686","_key":"12336686","_rev":"_Wz1Lj4G--_","_to":"cloudseer_laptops/12208682"},
  {"_from":"cloudseer_peoples/12272865","_id":"cloudseer_owns/12336696","_key":"12336696","_rev":"_Wz1Lj42--_","_to":"cloudseer_laptops/12207878"},
  {"_from":"cloudseer_peoples/12272617","_id":"cloudseer_owns/12336272","_key":"12336272","_rev":"_Wz1Ljd---_","_to":"cloudseer_laptops/12208364"},
  {"_from":"cloudseer_peoples/12273909","_id":"cloudseer_owns/12336908","_key":"12336908","_rev":"_Wz1LkHi--_","_to":"cloudseer_laptops/12209062"},
  {"_from":"cloudseer_peoples/12274099","_id":"cloudseer_owns/12336080","_key":"12336080","_rev":"_Wz1LjQS--B","_to":"cloudseer_laptops/12208014"},
  {"_from":"cloudseer_peoples/12274739","_id":"cloudseer_owns/12335902","_key":"12335902","_rev":"_Wz1LjGC--_","_to":"cloudseer_laptops/12208926"},
  {"_from":"cloudseer_peoples/12274697","_id":"cloudseer_owns/12336902","_key":"12336902","_rev":"_Wz1LkHC--_","_to":"cloudseer_laptops/12207654"},
  {"_from":"cloudseer_peoples/12273615","_id":"cloudseer_owns/12335836","_key":"12335836","_rev":"_Wz1LjBW--_","_to":"cloudseer_laptops/12207528"},
  {"_from":"cloudseer_peoples/12274463","_id":"cloudseer_owns/12336338","_key":"12336338","_rev":"_Wz1LjiK--_","_to":"cloudseer_laptops/12207958"},
  {"_from":"cloudseer_peoples/12273191","_id":"cloudseer_owns/12336916","_key":"12336916","_rev":"_Wz1LkIS--_","_to":"cloudseer_laptops/12208862"},
  {"_from":"cloudseer_peoples/12274297","_id":"cloudseer_owns/12336382","_key":"12336382","_rev":"_Wz1Ljku--_","_to":"cloudseer_laptops/12208116"},
  {"_from":"cloudseer_peoples/12273745","_id":"cloudseer_owns/12335984","_key":"12335984","_rev":"_Wz1LjJy--_","_to":"cloudseer_laptops/12208284"},
  {"_from":"cloudseer_peoples/12273163","_id":"cloudseer_owns/12335776","_key":"12335776","_rev":"_Wz1Li92--_","_to":"cloudseer_laptops/12208200"},
  {"_from":"cloudseer_peoples/12274657","_id":"cloudseer_owns/12336164","_key":"12336164","_rev":"_Wz1LjW2--_","_to":"cloudseer_laptops/12207404"},
  {"_from":"cloudseer_peoples/12273603","_id":"cloudseer_owns/12336778","_key":"12336778","_rev":"_Wz1Lk-6--_","_to":"cloudseer_laptops/12207562"},
  {"_from":"cloudseer_peoples/12272571","_id":"cloudseer_owns/12336536","_key":"12336536","_rev":"_Wz1Ljtu--B","_to":"cloudseer_laptops/12208760"},
  {"_from":"cloudseer_peoples/12273769","_id":"cloudseer_owns/12336618","_key":"12336618","_rev":"_Wz1Ljzy--_","_to":"cloudseer_laptops/12208046"},
  {"_from":"cloudseer_peoples/12273053","_id":"cloudseer_owns/12336314","_key":"12336314","_rev":"_Wz1Ljg---B","_to":"cloudseer_laptops/12207462"},
  {"_from":"cloudseer_peoples/12272855","_id":"cloudseer_owns/12336824","_key":"12336824","_rev":"_Wz1LkBa--_","_to":"cloudseer_laptops/12207848"},
  {"_from":"cloudseer_peoples/12273329","_id":"cloudseer_owns/12336392","_key":"12336392","_rev":"_Wz1Ljk6--_","_to":"cloudseer_laptops/12207840"},
  {"_from":"cloudseer_peoples/12274787","_id":"cloudseer_owns/12336564","_key":"12336564","_rev":"_Wz1Ljv2--_","_to":"cloudseer_laptops/12207498"},
  {"_from":"cloudseer_peoples/12274071","_id":"cloudseer_owns/12336410","_key":"12336410","_rev":"_Wz1Ljm---_","_to":"cloudseer_laptops/12207378"},
  {"_from":"cloudseer_peoples/12274615","_id":"cloudseer_owns/12335988","_key":"12335988","_rev":"_Wz1LjK---_","_to":"cloudseer_laptops/12208616"},
  {"_from":"cloudseer_peoples/12274287","_id":"cloudseer_owns/12336644","_key":"12336644","_rev":"_Wz1Lj1m--_","_to":"cloudseer_laptops/12207310"},
  {"_from":"cloudseer_peoples/12273555","_id":"cloudseer_owns/12336234","_key":"12336234","_rev":"_Wz1Ljay--_","_to":"cloudseer_laptops/12207452"},
  {"_from":"cloudseer_peoples/12272795","_id":"cloudseer_owns/12336678","_key":"12336678","_rev":"_Wz1Lj3i--_","_to":"cloudseer_laptops/12208256"},
  {"_from":"cloudseer_peoples/12273759","_id":"cloudseer_owns/12336204","_key":"12336204","_rev":"_Wz1LjZK--_","_to":"cloudseer_laptops/12207856"},
  {"_from":"cloudseer_peoples/12274609","_id":"cloudseer_owns/12336704","_key":"12336704","_rev":"_Wz1Lj5e--_","_to":"cloudseer_laptops/12207866"},
  {"_from":"cloudseer_peoples/12272951","_id":"cloudseer_owns/12336790","_key":"12336790","_rev":"_Wz1Lk_m--_","_to":"cloudseer_laptops/12207542"},
  {"_from":"cloudseer_peoples/12273441","_id":"cloudseer_owns/12335910","_key":"12335910","_rev":"_Wz1LjGa--B","_to":"cloudseer_laptops/12207320"},
  {"_from":"cloudseer_peoples/12274801","_id":"cloudseer_owns/12335736","_key":"12335736","_rev":"_Wz1Li7O--_","_to":"cloudseer_laptops/12208860"},
  {"_from":"cloudseer_peoples/12273507","_id":"cloudseer_owns/12336286","_key":"12336286","_rev":"_Wz1Lje---_","_to":"cloudseer_laptops/12207906"},
  {"_from":"cloudseer_peoples/12272637","_id":"cloudseer_owns/12336100","_key":"12336100","_rev":"_Wz1LjSC--_","_to":"cloudseer_laptops/12208678"},
  {"_from":"cloudseer_peoples/12274057","_id":"cloudseer_owns/12335872","_key":"12335872","_rev":"_Wz1LjDy--B","_to":"cloudseer_laptops/12208342"},
  {"_from":"cloudseer_peoples/12273765","_id":"cloudseer_owns/12336340","_key":"12336340","_rev":"_Wz1Ljia--_","_to":"cloudseer_laptops/12208736"},
  {"_from":"cloudseer_peoples/12274159","_id":"cloudseer_owns/12335814","_key":"12335814","_rev":"_Wz1Lj_2--_","_to":"cloudseer_laptops/12207756"},
  {"_from":"cloudseer_peoples/12274337","_id":"cloudseer_owns/12336504","_key":"12336504","_rev":"_Wz1LjsC--_","_to":"cloudseer_laptops/12208302"},
  {"_from":"cloudseer_peoples/12274603","_id":"cloudseer_owns/12336616","_key":"12336616","_rev":"_Wz1Ljze--_","_to":"cloudseer_laptops/12207374"},
  {"_from":"cloudseer_peoples/12272815","_id":"cloudseer_owns/12336816","_key":"12336816","_rev":"_Wz1LkBG--B","_to":"cloudseer_laptops/12208768"},
  {"_from":"cloudseer_peoples/12273885","_id":"cloudseer_owns/12335944","_key":"12335944","_rev":"_Wz1LjHW--B","_to":"cloudseer_laptops/12207342"},
  {"_from":"cloudseer_peoples/12273369","_id":"cloudseer_owns/12336530","_key":"12336530","_rev":"_Wz1Ljta--_","_to":"cloudseer_laptops/12208948"},
  {"_from":"cloudseer_peoples/12273637","_id":"cloudseer_owns/12336982","_key":"12336982","_rev":"_Wz1LkNK--_","_to":"cloudseer_laptops/12208278"},
  {"_from":"cloudseer_peoples/12273805","_id":"cloudseer_owns/12336736","_key":"12336736","_rev":"_Wz1Lj72--_","_to":"cloudseer_laptops/12208532"},
  {"_from":"cloudseer_peoples/12272703","_id":"cloudseer_owns/12336456","_key":"12336456","_rev":"_Wz1Ljoy--_","_to":"cloudseer_laptops/12207566"},
  {"_from":"cloudseer_peoples/12273281","_id":"cloudseer_owns/12336324","_key":"12336324","_rev":"_Wz1LjhO--_","_to":"cloudseer_laptops/12207624"},
  {"_from":"cloudseer_peoples/12274015","_id":"cloudseer_owns/12336178","_key":"12336178","_rev":"_Wz1LjXq--_","_to":"cloudseer_laptops/12207780"},
  {"_from":"cloudseer_peoples/12272797","_id":"cloudseer_owns/12336962","_key":"12336962","_rev":"_Wz1LkLm--_","_to":"cloudseer_laptops/12207456"},
  {"_from":"cloudseer_peoples/12272599","_id":"cloudseer_owns/12336430","_key":"12336430","_rev":"_Wz1LjnS--_","_to":"cloudseer_laptops/12209002"},
  {"_from":"cloudseer_peoples/12274465","_id":"cloudseer_owns/12336996","_key":"12336996","_rev":"_Wz1LkO---_","_to":"cloudseer_laptops/12208578"},
  {"_from":"cloudseer_peoples/12273597","_id":"cloudseer_owns/12335998","_key":"12335998","_rev":"_Wz1LjKy--_","_to":"cloudseer_laptops/12207766"},
  {"_from":"cloudseer_peoples/12272747","_id":"cloudseer_owns/12336030","_key":"12336030","_rev":"_Wz1LjM6--_","_to":"cloudseer_laptops/12207854"},
  {"_from":"cloudseer_peoples/12273779","_id":"cloudseer_owns/12335880","_key":"12335880","_rev":"_Wz1LjEK--_","_to":"cloudseer_laptops/12208266"},
  {"_from":"cloudseer_peoples/12274535","_id":"cloudseer_owns/12336524","_key":"12336524","_rev":"_Wz1LjtG--B","_to":"cloudseer_laptops/12208486"},
  {"_from":"cloudseer_peoples/12272635","_id":"cloudseer_owns/12336104","_key":"12336104","_rev":"_Wz1LjSO--_","_to":"cloudseer_laptops/12208942"},
  {"_from":"cloudseer_peoples/12273869","_id":"cloudseer_owns/12335904","_key":"12335904","_rev":"_Wz1LjGG--_","_to":"cloudseer_laptops/12208912"},
  {"_from":"cloudseer_peoples/12272725","_id":"cloudseer_owns/12335956","_key":"12335956","_rev":"_Wz1LjI---_","_to":"cloudseer_laptops/12208330"},
  {"_from":"cloudseer_peoples/12273739","_id":"cloudseer_owns/12336000","_key":"12336000","_rev":"_Wz1LjL---_","_to":"cloudseer_laptops/12208646"},
  {"_from":"cloudseer_peoples/12274747","_id":"cloudseer_owns/12336346","_key":"12336346","_rev":"_Wz1Ljj---_","_to":"cloudseer_laptops/12207800"},
  {"_from":"cloudseer_peoples/12274745","_id":"cloudseer_owns/12336752","_key":"12336752","_rev":"_Wz1Lj9---_","_to":"cloudseer_laptops/12207502"},
  {"_from":"cloudseer_peoples/12274165","_id":"cloudseer_owns/12335896","_key":"12335896","_rev":"_Wz1LjFm--_","_to":"cloudseer_laptops/12207992"},
  {"_from":"cloudseer_peoples/12274311","_id":"cloudseer_owns/12336940","_key":"12336940","_rev":"_Wz1LkKK--_","_to":"cloudseer_laptops/12208184"},
  {"_from":"cloudseer_peoples/12272823","_id":"cloudseer_owns/12335894","_key":"12335894","_rev":"_Wz1LjFe--_","_to":"cloudseer_laptops/12208272"},
  {"_from":"cloudseer_peoples/12273533","_id":"cloudseer_owns/12336926","_key":"12336926","_rev":"_Wz1LkIy--B","_to":"cloudseer_laptops/12208444"},
  {"_from":"cloudseer_peoples/12274545","_id":"cloudseer_owns/12336042","_key":"12336042","_rev":"_Wz1LjNu--_","_to":"cloudseer_laptops/12208644"},
  {"_from":"cloudseer_peoples/12273899","_id":"cloudseer_owns/12335848","_key":"12335848","_rev":"_Wz1LjCG--_","_to":"cloudseer_laptops/12207590"},
  {"_from":"cloudseer_peoples/12272607","_id":"cloudseer_owns/12337022","_key":"12337022","_rev":"_Wz1LkPi--_","_to":"cloudseer_laptops/12208554"},
  {"_from":"cloudseer_peoples/12273879","_id":"cloudseer_owns/12336198","_key":"12336198","_rev":"_Wz1LjYu--B","_to":"cloudseer_laptops/12207482"},
  {"_from":"cloudseer_peoples/12274631","_id":"cloudseer_owns/12336110","_key":"12336110","_rev":"_Wz1LjSu--_","_to":"cloudseer_laptops/12208238"},
  {"_from":"cloudseer_peoples/12274795","_id":"cloudseer_owns/12336774","_key":"12336774","_rev":"_Wz1Lk-u--_","_to":"cloudseer_laptops/12208118"},
  {"_from":"cloudseer_peoples/12273833","_id":"cloudseer_owns/12336176","_key":"12336176","_rev":"_Wz1LjXi--_","_to":"cloudseer_laptops/12207792"},
  {"_from":"cloudseer_peoples/12272853","_id":"cloudseer_owns/12335792","_key":"12335792","_rev":"_Wz1Lj-i--_","_to":"cloudseer_laptops/12207630"},
  {"_from":"cloudseer_peoples/12274143","_id":"cloudseer_owns/12336500","_key":"12336500","_rev":"_Wz1Ljr2--_","_to":"cloudseer_laptops/12207970"},
  {"_from":"cloudseer_peoples/12273687","_id":"cloudseer_owns/12336576","_key":"12336576","_rev":"_Wz1Ljw2--_","_to":"cloudseer_laptops/12208230"},
  {"_from":"cloudseer_peoples/12273403","_id":"cloudseer_owns/12335864","_key":"12335864","_rev":"_Wz1LjDa--_","_to":"cloudseer_laptops/12207950"},
  {"_from":"cloudseer_peoples/12273531","_id":"cloudseer_owns/12335850","_key":"12335850","_rev":"_Wz1LjCS--_","_to":"cloudseer_laptops/12208084"},
  {"_from":"cloudseer_peoples/12272935","_id":"cloudseer_owns/12336342","_key":"12336342","_rev":"_Wz1Ljim--_","_to":"cloudseer_laptops/12208958"},
  {"_from":"cloudseer_peoples/12273815","_id":"cloudseer_owns/12336438","_key":"12336438","_rev":"_Wz1Ljnu--_","_to":"cloudseer_laptops/12208774"},
  {"_from":"cloudseer_peoples/12273407","_id":"cloudseer_owns/12336510","_key":"12336510","_rev":"_Wz1LjsW--B","_to":"cloudseer_laptops/12207922"},
  {"_from":"cloudseer_peoples/12274117","_id":"cloudseer_owns/12335828","_key":"12335828","_rev":"_Wz1LjA2--_","_to":"cloudseer_laptops/12207716"},
  {"_from":"cloudseer_peoples/12274227","_id":"cloudseer_owns/12336418","_key":"12336418","_rev":"_Wz1Ljmi--_","_to":"cloudseer_laptops/12207458"},
  {"_from":"cloudseer_peoples/12274409","_id":"cloudseer_owns/12335784","_key":"12335784","_rev":"_Wz1Lj-C--_","_to":"cloudseer_laptops/12208740"},
  {"_from":"cloudseer_peoples/12272783","_id":"cloudseer_owns/12336640","_key":"12336640","_rev":"_Wz1Lj1W--_","_to":"cloudseer_laptops/12207368"},
  {"_from":"cloudseer_peoples/12273131","_id":"cloudseer_owns/12336684","_key":"12336684","_rev":"_Wz1Lj4---_","_to":"cloudseer_laptops/12208664"},
  {"_from":"cloudseer_peoples/12272591","_id":"cloudseer_owns/12336938","_key":"12336938","_rev":"_Wz1LkJy--_","_to":"cloudseer_laptops/12208790"},
  {"_from":"cloudseer_peoples/12273321","_id":"cloudseer_owns/12336280","_key":"12336280","_rev":"_Wz1Ljde--_","_to":"cloudseer_laptops/12208614"},
  {"_from":"cloudseer_peoples/12273883","_id":"cloudseer_owns/12335756","_key":"12335756","_rev":"_Wz1Li8e--_","_to":"cloudseer_laptops/12208044"},
  {"_from":"cloudseer_peoples/12274139","_id":"cloudseer_owns/12336050","_key":"12336050","_rev":"_Wz1LjOi--_","_to":"cloudseer_laptops/12209040"},
  {"_from":"cloudseer_peoples/12274091","_id":"cloudseer_owns/12336782","_key":"12336782","_rev":"_Wz1Lk_G--_","_to":"cloudseer_laptops/12208616"},
  {"_from":"cloudseer_peoples/12274267","_id":"cloudseer_owns/12335818","_key":"12335818","_rev":"_Wz1LjA---B","_to":"cloudseer_laptops/12208368"},
  {"_from":"cloudseer_peoples/12273277","_id":"cloudseer_owns/12336950","_key":"12336950","_rev":"_Wz1LkK2--_","_to":"cloudseer_laptops/12207524"},
  {"_from":"cloudseer_peoples/12272959","_id":"cloudseer_owns/12336450","_key":"12336450","_rev":"_Wz1Ljoa--_","_to":"cloudseer_laptops/12208018"},
  {"_from":"cloudseer_peoples/12274683","_id":"cloudseer_owns/12336442","_key":"12336442","_rev":"_Wz1Ljn6--_","_to":"cloudseer_laptops/12207868"},
  {"_from":"cloudseer_peoples/12273691","_id":"cloudseer_owns/12336798","_key":"12336798","_rev":"_Wz1LkAG--_","_to":"cloudseer_laptops/12207660"},
  {"_from":"cloudseer_peoples/12274555","_id":"cloudseer_owns/12336946","_key":"12336946","_rev":"_Wz1LkKm--_","_to":"cloudseer_laptops/12207442"},
  {"_from":"cloudseer_peoples/12273571","_id":"cloudseer_owns/12336224","_key":"12336224","_rev":"_Wz1LjaS--_","_to":"cloudseer_laptops/12208232"},
  {"_from":"cloudseer_peoples/12272879","_id":"cloudseer_owns/12336838","_key":"12336838","_rev":"_Wz1LkCS--_","_to":"cloudseer_laptops/12208088"},
  {"_from":"cloudseer_peoples/12274629","_id":"cloudseer_owns/12336966","_key":"12336966","_rev":"_Wz1LkM---_","_to":"cloudseer_laptops/12208366"},
  {"_from":"cloudseer_peoples/12272809","_id":"cloudseer_owns/12336426","_key":"12336426","_rev":"_Wz1Ljn---_","_to":"cloudseer_laptops/12208866"},
  {"_from":"cloudseer_peoples/12272577","_id":"cloudseer_owns/12336250","_key":"12336250","_rev":"_Wz1Ljbu---","_to":"cloudseer_laptops/12207796"},
  {"_from":"cloudseer_peoples/12274309","_id":"cloudseer_owns/12336404","_key":"12336404","_rev":"_Wz1Ljlq--_","_to":"cloudseer_laptops/12207438"},
  {"_from":"cloudseer_peoples/12273245","_id":"cloudseer_owns/12336432","_key":"12336432","_rev":"_Wz1Ljne--_","_to":"cloudseer_laptops/12207520"},
  {"_from":"cloudseer_peoples/12273223","_id":"cloudseer_owns/12335950","_key":"12335950","_rev":"_Wz1LjHq--_","_to":"cloudseer_laptops/12208910"},
  {"_from":"cloudseer_peoples/12274215","_id":"cloudseer_owns/12336184","_key":"12336184","_rev":"_Wz1LjY---_","_to":"cloudseer_laptops/12207750"},
  {"_from":"cloudseer_peoples/12274523","_id":"cloudseer_owns/12337046","_key":"12337046","_rev":"_Wz1LkRG--_","_to":"cloudseer_laptops/12208752"},
  {"_from":"cloudseer_peoples/12273139","_id":"cloudseer_owns/12336886","_key":"12336886","_rev":"_Wz1LkF2--_","_to":"cloudseer_laptops/12208392"},
  {"_from":"cloudseer_peoples/12273719","_id":"cloudseer_owns/12336898","_key":"12336898","_rev":"_Wz1LkG2--_","_to":"cloudseer_laptops/12207570"},
  {"_from":"cloudseer_peoples/12274643","_id":"cloudseer_owns/12337034","_key":"12337034","_rev":"_Wz1LkQS--_","_to":"cloudseer_laptops/12208244"},
  {"_from":"cloudseer_peoples/12273371","_id":"cloudseer_owns/12335842","_key":"12335842","_rev":"_Wz1LjB2--_","_to":"cloudseer_laptops/12207464"},
  {"_from":"cloudseer_peoples/12274693","_id":"cloudseer_owns/12336454","_key":"12336454","_rev":"_Wz1Ljom--_","_to":"cloudseer_laptops/12209006"},
  {"_from":"cloudseer_peoples/12274775","_id":"cloudseer_owns/12335926","_key":"12335926","_rev":"_Wz1LjGi--_","_to":"cloudseer_laptops/12207364"},
  {"_from":"cloudseer_peoples/12273757","_id":"cloudseer_owns/12336368","_key":"12336368","_rev":"_Wz1Ljju--_","_to":"cloudseer_laptops/12209038"},
  {"_from":"cloudseer_peoples/12273539","_id":"cloudseer_owns/12336758","_key":"12336758","_rev":"_Wz1Lj9S--B","_to":"cloudseer_laptops/12207562"},
  {"_from":"cloudseer_peoples/12272683","_id":"cloudseer_owns/12336796","_key":"12336796","_rev":"_Wz1LkAC--_","_to":"cloudseer_laptops/12207592"},
  {"_from":"cloudseer_peoples/12274053","_id":"cloudseer_owns/12336034","_key":"12336034","_rev":"_Wz1LjNG--_","_to":"cloudseer_laptops/12208834"},
  {"_from":"cloudseer_peoples/12274417","_id":"cloudseer_owns/12336112","_key":"12336112","_rev":"_Wz1LjS2--_","_to":"cloudseer_laptops/12208076"},
  {"_from":"cloudseer_peoples/12273211","_id":"cloudseer_owns/12336558","_key":"12336558","_rev":"_Wz1Ljvm--_","_to":"cloudseer_laptops/12208352"},
  {"_from":"cloudseer_peoples/12274665","_id":"cloudseer_owns/12336604","_key":"12336604","_rev":"_Wz1Ljym--_","_to":"cloudseer_laptops/12208608"},
  {"_from":"cloudseer_peoples/12274549","_id":"cloudseer_owns/12336144","_key":"12336144","_rev":"_Wz1LjVK--_","_to":"cloudseer_laptops/12208282"},
  {"_from":"cloudseer_peoples/12274663","_id":"cloudseer_owns/12336534","_key":"12336534","_rev":"_Wz1Ljtu--_","_to":"cloudseer_laptops/12207478"},
  {"_from":"cloudseer_peoples/12274287","_id":"cloudseer_owns/12336646","_key":"12336646","_rev":"_Wz1Lj1u--_","_to":"cloudseer_laptops/12207734"},
  {"_from":"cloudseer_peoples/12273355","_id":"cloudseer_owns/12336132","_key":"12336132","_rev":"_Wz1LjUG--_","_to":"cloudseer_laptops/12208028"},
  {"_from":"cloudseer_peoples/12274773","_id":"cloudseer_owns/12336292","_key":"12336292","_rev":"_Wz1LjeS--_","_to":"cloudseer_laptops/12208124"},
  {"_from":"cloudseer_peoples/12273907","_id":"cloudseer_owns/12337006","_key":"12337006","_rev":"_Wz1LkOm--_","_to":"cloudseer_laptops/12208976"},
  {"_from":"cloudseer_peoples/12274503","_id":"cloudseer_owns/12336954","_key":"12336954","_rev":"_Wz1LkL---_","_to":"cloudseer_laptops/12208374"},
  {"_from":"cloudseer_peoples/12273155","_id":"cloudseer_owns/12336288","_key":"12336288","_rev":"_Wz1LjeG--_","_to":"cloudseer_laptops/12209052"},
  {"_from":"cloudseer_peoples/12274429","_id":"cloudseer_owns/12336502","_key":"12336502","_rev":"_Wz1Ljs---_","_to":"cloudseer_laptops/12208584"},
  {"_from":"cloudseer_peoples/12273781","_id":"cloudseer_owns/12335982","_key":"12335982","_rev":"_Wz1LjJi--B","_to":"cloudseer_laptops/12208074"},
  {"_from":"cloudseer_peoples/12274333","_id":"cloudseer_owns/12336284","_key":"12336284","_rev":"_Wz1Ljdu--_","_to":"cloudseer_laptops/12207692"},
  {"_from":"cloudseer_peoples/12274759","_id":"cloudseer_owns/12336834","_key":"12336834","_rev":"_Wz1LkCC--_","_to":"cloudseer_laptops/12208080"},
  {"_from":"cloudseer_peoples/12273015","_id":"cloudseer_owns/12335890","_key":"12335890","_rev":"_Wz1LjFC--_","_to":"cloudseer_laptops/12208878"},
  {"_from":"cloudseer_peoples/12272827","_id":"cloudseer_owns/12336386","_key":"12336386","_rev":"_Wz1Ljk2--B","_to":"cloudseer_laptops/12207314"},
  {"_from":"cloudseer_peoples/12273825","_id":"cloudseer_owns/12335764","_key":"12335764","_rev":"_Wz1Li82--_","_to":"cloudseer_laptops/12207386"},
  {"_from":"cloudseer_peoples/12274541","_id":"cloudseer_owns/12336602","_key":"12336602","_rev":"_Wz1Ljyi--_","_to":"cloudseer_laptops/12209142"},
  {"_from":"cloudseer_peoples/12273441","_id":"cloudseer_owns/12335924","_key":"12335924","_rev":"_Wz1LjGa--P","_to":"cloudseer_laptops/12207318"},
  {"_from":"cloudseer_peoples/12274797","_id":"cloudseer_owns/12336464","_key":"12336464","_rev":"_Wz1LjpW--_","_to":"cloudseer_laptops/12209150"},
  {"_from":"cloudseer_peoples/12273817","_id":"cloudseer_owns/12336156","_key":"12336156","_rev":"_Wz1LjWW--_","_to":"cloudseer_laptops/12208856"},
  {"_from":"cloudseer_peoples/12273195","_id":"cloudseer_owns/12336128","_key":"12336128","_rev":"_Wz1LjTy--_","_to":"cloudseer_laptops/12208110"},
  {"_from":"cloudseer_peoples/12273495","_id":"cloudseer_owns/12336032","_key":"12336032","_rev":"_Wz1LjNC--_","_to":"cloudseer_laptops/12208906"},
  {"_from":"cloudseer_peoples/12274771","_id":"cloudseer_owns/12336040","_key":"12336040","_rev":"_Wz1LjNm--_","_to":"cloudseer_laptops/12208240"},
  {"_from":"cloudseer_peoples/12274563","_id":"cloudseer_owns/12336762","_key":"12336762","_rev":"_Wz1Lj9i--_","_to":"cloudseer_laptops/12209026"},
  {"_from":"cloudseer_peoples/12274427","_id":"cloudseer_owns/12336700","_key":"12336700","_rev":"_Wz1Lj5S--_","_to":"cloudseer_laptops/12208458"},
  {"_from":"cloudseer_peoples/12274653","_id":"cloudseer_owns/12336108","_key":"12336108","_rev":"_Wz1LjSe--_","_to":"cloudseer_laptops/12208592"},
  {"_from":"cloudseer_peoples/12274269","_id":"cloudseer_owns/12337038","_key":"12337038","_rev":"_Wz1LkQa--B","_to":"cloudseer_laptops/12207908"},
  {"_from":"cloudseer_peoples/12274681","_id":"cloudseer_owns/12336094","_key":"12336094","_rev":"_Wz1LjRW--_","_to":"cloudseer_laptops/12208662"},
  {"_from":"cloudseer_peoples/12274813","_id":"cloudseer_owns/12336776","_key":"12336776","_rev":"_Wz1Lk-2--_","_to":"cloudseer_laptops/12208412"},
  {"_from":"cloudseer_peoples/12274507","_id":"cloudseer_owns/12336220","_key":"12336220","_rev":"_Wz1Lja---_","_to":"cloudseer_laptops/12208892"},
  {"_from":"cloudseer_peoples/12274647","_id":"cloudseer_owns/12337000","_key":"12337000","_rev":"_Wz1LkOa--_","_to":"cloudseer_laptops/12208420"},
  {"_from":"cloudseer_peoples/12273163","_id":"cloudseer_owns/12335778","_key":"12335778","_rev":"_Wz1Li96--_","_to":"cloudseer_laptops/12207412"},
  {"_from":"cloudseer_peoples/12273653","_id":"cloudseer_owns/12336226","_key":"12336226","_rev":"_Wz1Ljaa--_","_to":"cloudseer_laptops/12208938"},
  {"_from":"cloudseer_peoples/12272701","_id":"cloudseer_owns/12336828","_key":"12336828","_rev":"_Wz1LkBu--_","_to":"cloudseer_laptops/12208090"},
  {"_from":"cloudseer_peoples/12273441","_id":"cloudseer_owns/12335922","_key":"12335922","_rev":"_Wz1LjGa--N","_to":"cloudseer_laptops/12207318"},
  {"_from":"cloudseer_peoples/12272899","_id":"cloudseer_owns/12336590","_key":"12336590","_rev":"_Wz1Ljxu--_","_to":"cloudseer_laptops/12208890"},
  {"_from":"cloudseer_peoples/12274513","_id":"cloudseer_owns/12336992","_key":"12336992","_rev":"_Wz1LkNu--_","_to":"cloudseer_laptops/12208632"},
  {"_from":"cloudseer_peoples/12274161","_id":"cloudseer_owns/12336858","_key":"12336858","_rev":"_Wz1LkEG--_","_to":"cloudseer_laptops/12208694"},
  {"_from":"cloudseer_peoples/12274185","_id":"cloudseer_owns/12336486","_key":"12336486","_rev":"_Wz1Ljr---B","_to":"cloudseer_laptops/12208936"},
  {"_from":"cloudseer_peoples/12273921","_id":"cloudseer_owns/12336546","_key":"12336546","_rev":"_Wz1Ljuq--_","_to":"cloudseer_laptops/12207508"},
  {"_from":"cloudseer_peoples/12273951","_id":"cloudseer_owns/12336660","_key":"12336660","_rev":"_Wz1Lj2e--_","_to":"cloudseer_laptops/12208140"},
  {"_from":"cloudseer_peoples/12273111","_id":"cloudseer_owns/12336652","_key":"12336652","_rev":"_Wz1Lj2---_","_to":"cloudseer_laptops/12207414"},
  {"_from":"cloudseer_peoples/12273851","_id":"cloudseer_owns/12335704","_key":"12335704","_rev":"_Wz1Li5W--_","_to":"cloudseer_laptops/12207986"},
  {"_from":"cloudseer_peoples/12273997","_id":"cloudseer_owns/12335974","_key":"12335974","_rev":"_Wz1LjJK--_","_to":"cloudseer_laptops/12208024"},
  {"_from":"cloudseer_peoples/12274217","_id":"cloudseer_owns/12336642","_key":"12336642","_rev":"_Wz1Lj1e--_","_to":"cloudseer_laptops/12207440"},
  {"_from":"cloudseer_peoples/12273323","_id":"cloudseer_owns/12336276","_key":"12336276","_rev":"_Wz1LjdG--B","_to":"cloudseer_laptops/12208082"},
  {"_from":"cloudseer_peoples/12274607","_id":"cloudseer_owns/12335772","_key":"12335772","_rev":"_Wz1Li9W--_","_to":"cloudseer_laptops/12207790"},
  {"_from":"cloudseer_peoples/12274177","_id":"cloudseer_owns/12336854","_key":"12336854","_rev":"_Wz1LkD6--_","_to":"cloudseer_laptops/12208628"},
  {"_from":"cloudseer_peoples/12273797","_id":"cloudseer_owns/12336884","_key":"12336884","_rev":"_Wz1LkFu--_","_to":"cloudseer_laptops/12208156"},
  {"_from":"cloudseer_peoples/12273245","_id":"cloudseer_owns/12336434","_key":"12336434","_rev":"_Wz1Ljne--B","_to":"cloudseer_laptops/12207858"},
  {"_from":"cloudseer_peoples/12274249","_id":"cloudseer_owns/12336084","_key":"12336084","_rev":"_Wz1LjQm--_","_to":"cloudseer_laptops/12207636"},
  {"_from":"cloudseer_peoples/12274741","_id":"cloudseer_owns/12336002","_key":"12336002","_rev":"_Wz1LjLC--_","_to":"cloudseer_laptops/12207998"},
  {"_from":"cloudseer_peoples/12272827","_id":"cloudseer_owns/12336384","_key":"12336384","_rev":"_Wz1Ljk2--_","_to":"cloudseer_laptops/12207314"},
  {"_from":"cloudseer_peoples/12274431","_id":"cloudseer_owns/12336440","_key":"12336440","_rev":"_Wz1Ljn2--_","_to":"cloudseer_laptops/12209084"},
  {"_from":"cloudseer_peoples/12274037","_id":"cloudseer_owns/12336714","_key":"12336714","_rev":"_Wz1Lj6O--_","_to":"cloudseer_laptops/12208886"},
  {"_from":"cloudseer_peoples/12272789","_id":"cloudseer_owns/12336378","_key":"12336378","_rev":"_Wz1Ljka--_","_to":"cloudseer_laptops/12208812"},
  {"_from":"cloudseer_peoples/12272777","_id":"cloudseer_owns/12336578","_key":"12336578","_rev":"_Wz1Ljw2--B","_to":"cloudseer_laptops/12208160"},
  {"_from":"cloudseer_peoples/12272621","_id":"cloudseer_owns/12336424","_key":"12336424","_rev":"_Wz1Ljm2--_","_to":"cloudseer_laptops/12208468"},
  {"_from":"cloudseer_peoples/12273641","_id":"cloudseer_owns/12336850","_key":"12336850","_rev":"_Wz1LkDq--_","_to":"cloudseer_laptops/12208894"},
  {"_from":"cloudseer_peoples/12274585","_id":"cloudseer_owns/12336986","_key":"12336986","_rev":"_Wz1LkNS--_","_to":"cloudseer_laptops/12208202"},
  {"_from":"cloudseer_peoples/12272679","_id":"cloudseer_owns/12336160","_key":"12336160","_rev":"_Wz1LjWm--_","_to":"cloudseer_laptops/12209014"},
  {"_from":"cloudseer_peoples/12272925","_id":"cloudseer_owns/12335714","_key":"12335714","_rev":"_Wz1Li6---F","_to":"cloudseer_laptops/12207324"},
  {"_from":"cloudseer_peoples/12273725","_id":"cloudseer_owns/12336592","_key":"12336592","_rev":"_Wz1Ljxy--_","_to":"cloudseer_laptops/12208462"},
  {"_from":"cloudseer_peoples/12273159","_id":"cloudseer_owns/12336958","_key":"12336958","_rev":"_Wz1LkLS--_","_to":"cloudseer_laptops/12208332"},
  {"_from":"cloudseer_peoples/12273535","_id":"cloudseer_owns/12336060","_key":"12336060","_rev":"_Wz1LjPC--_","_to":"cloudseer_laptops/12208234"},
  {"_from":"cloudseer_peoples/12273991","_id":"cloudseer_owns/12335878","_key":"12335878","_rev":"_Wz1LjEC--_","_to":"cloudseer_laptops/12208756"},
  {"_from":"cloudseer_peoples/12273649","_id":"cloudseer_owns/12336264","_key":"12336264","_rev":"_Wz1Ljci--_","_to":"cloudseer_laptops/12207608"},
  {"_from":"cloudseer_peoples/12274255","_id":"cloudseer_owns/12336366","_key":"12336366","_rev":"_Wz1Ljjm--_","_to":"cloudseer_laptops/12207710"},
  {"_from":"cloudseer_peoples/12273269","_id":"cloudseer_owns/12335996","_key":"12335996","_rev":"_Wz1LjKu--_","_to":"cloudseer_laptops/12209066"},
  {"_from":"cloudseer_peoples/12273439","_id":"cloudseer_owns/12335822","_key":"12335822","_rev":"_Wz1LjAW--_","_to":"cloudseer_laptops/12207678"},
  {"_from":"cloudseer_peoples/12274649","_id":"cloudseer_owns/12335830","_key":"12335830","_rev":"_Wz1LjB---_","_to":"cloudseer_laptops/12207936"},
  {"_from":"cloudseer_peoples/12273469","_id":"cloudseer_owns/12335992","_key":"12335992","_rev":"_Wz1LjKS--_","_to":"cloudseer_laptops/12208820"},
  {"_from":"cloudseer_peoples/12274033","_id":"cloudseer_owns/12336180","_key":"12336180","_rev":"_Wz1LjXy--_","_to":"cloudseer_laptops/12208934"},
  {"_from":"cloudseer_peoples/12272937","_id":"cloudseer_owns/12336240","_key":"12336240","_rev":"_Wz1LjbG--_","_to":"cloudseer_laptops/12208898"},
  {"_from":"cloudseer_peoples/12273981","_id":"cloudseer_owns/12336920","_key":"12336920","_rev":"_Wz1LkIi--_","_to":"cloudseer_laptops/12208864"},
  {"_from":"cloudseer_peoples/12274625","_id":"cloudseer_owns/12336118","_key":"12336118","_rev":"_Wz1LjTO--_","_to":"cloudseer_laptops/12207874"},
  {"_from":"cloudseer_peoples/12273625","_id":"cloudseer_owns/12336308","_key":"12336308","_rev":"_Wz1Ljfm--_","_to":"cloudseer_laptops/12209078"},
  {"_from":"cloudseer_peoples/12274777","_id":"cloudseer_owns/12336872","_key":"12336872","_rev":"_Wz1LkE6--_","_to":"cloudseer_laptops/12207544"},
  {"_from":"cloudseer_peoples/12274641","_id":"cloudseer_owns/12336836","_key":"12336836","_rev":"_Wz1LkCK--_","_to":"cloudseer_laptops/12208300"},
  {"_from":"cloudseer_peoples/12273499","_id":"cloudseer_owns/12336552","_key":"12336552","_rev":"_Wz1LjvS--_","_to":"cloudseer_laptops/12208328"},
  {"_from":"cloudseer_peoples/12273455","_id":"cloudseer_owns/12336768","_key":"12336768","_rev":"_Wz1Lj96--_","_to":"cloudseer_laptops/12207496"},
  {"_from":"cloudseer_peoples/12273063","_id":"cloudseer_owns/12336316","_key":"12336316","_rev":"_Wz1LjgK--_","_to":"cloudseer_laptops/12208220"},
  {"_from":"cloudseer_peoples/12273611","_id":"cloudseer_owns/12336818","_key":"12336818","_rev":"_Wz1LkBG--D","_to":"cloudseer_laptops/12208472"},
  {"_from":"cloudseer_peoples/12274385","_id":"cloudseer_owns/12336562","_key":"12336562","_rev":"_Wz1Ljvy--_","_to":"cloudseer_laptops/12207740"},
  {"_from":"cloudseer_peoples/12273753","_id":"cloudseer_owns/12335852","_key":"12335852","_rev":"_Wz1LjCa--_","_to":"cloudseer_laptops/12207886"},
  {"_from":"cloudseer_peoples/12274547","_id":"cloudseer_owns/12335946","_key":"12335946","_rev":"_Wz1LjHe--_","_to":"cloudseer_laptops/12208786"},
  {"_from":"cloudseer_peoples/12272613","_id":"cloudseer_owns/12337036","_key":"12337036","_rev":"_Wz1LkQa--_","_to":"cloudseer_laptops/12208326"},
  {"_from":"cloudseer_peoples/12274017","_id":"cloudseer_owns/12336794","_key":"12336794","_rev":"_Wz1Lk_y--_","_to":"cloudseer_laptops/12208604"},
  {"_from":"cloudseer_peoples/12274423","_id":"cloudseer_owns/12336896","_key":"12336896","_rev":"_Wz1LkGq--_","_to":"cloudseer_laptops/12207746"},
  {"_from":"cloudseer_peoples/12273535","_id":"cloudseer_owns/12336062","_key":"12336062","_rev":"_Wz1LjPG--_","_to":"cloudseer_laptops/12209124"},
  {"_from":"cloudseer_peoples/12273617","_id":"cloudseer_owns/12336690","_key":"12336690","_rev":"_Wz1Lj4W--_","_to":"cloudseer_laptops/12208796"},
  {"_from":"cloudseer_peoples/12274623","_id":"cloudseer_owns/12336550","_key":"12336550","_rev":"_Wz1LjvK--_","_to":"cloudseer_laptops/12209118"},
  {"_from":"cloudseer_peoples/12272815","_id":"cloudseer_owns/12336814","_key":"12336814","_rev":"_Wz1LkBG--_","_to":"cloudseer_laptops/12208768"},
  {"_from":"cloudseer_peoples/12272737","_id":"cloudseer_owns/12336806","_key":"12336806","_rev":"_Wz1LkAm--_","_to":"cloudseer_laptops/12209148"},
  {"_from":"cloudseer_peoples/12274359","_id":"cloudseer_owns/12336554","_key":"12336554","_rev":"_Wz1Ljva--_","_to":"cloudseer_laptops/12207376"},
  {"_from":"cloudseer_peoples/12274519","_id":"cloudseer_owns/12336876","_key":"12336876","_rev":"_Wz1LkFG--_","_to":"cloudseer_laptops/12208354"},
  {"_from":"cloudseer_peoples/12272671","_id":"cloudseer_owns/12336148","_key":"12336148","_rev":"_Wz1LjVq--_","_to":"cloudseer_laptops/12209030"},
  {"_from":"cloudseer_peoples/12272799","_id":"cloudseer_owns/12336968","_key":"12336968","_rev":"_Wz1LkMG--_","_to":"cloudseer_laptops/12208552"},
  {"_from":"cloudseer_peoples/12274639","_id":"cloudseer_owns/12336200","_key":"12336200","_rev":"_Wz1LjZ---_","_to":"cloudseer_laptops/12207758"},
  {"_from":"cloudseer_peoples/12274095","_id":"cloudseer_owns/12336948","_key":"12336948","_rev":"_Wz1LkKq--_","_to":"cloudseer_laptops/12208636"},
  {"_from":"cloudseer_peoples/12273007","_id":"cloudseer_owns/12335706","_key":"12335706","_rev":"_Wz1Li5u--_","_to":"cloudseer_laptops/12207980"},
  {"_from":"cloudseer_peoples/12273039","_id":"cloudseer_owns/12336154","_key":"12336154","_rev":"_Wz1LjWO--_","_to":"cloudseer_laptops/12208022"},
  {"_from":"cloudseer_peoples/12274339","_id":"cloudseer_owns/12336630","_key":"12336630","_rev":"_Wz1Lj06--_","_to":"cloudseer_laptops/12207434"},
  {"_from":"cloudseer_peoples/12273827","_id":"cloudseer_owns/12336328","_key":"12336328","_rev":"_Wz1Ljhe--_","_to":"cloudseer_laptops/12207674"},
  {"_from":"cloudseer_peoples/12273479","_id":"cloudseer_owns/12336482","_key":"12336482","_rev":"_Wz1Ljqu--_","_to":"cloudseer_laptops/12208496"},
  {"_from":"cloudseer_peoples/12272691","_id":"cloudseer_owns/12336238","_key":"12336238","_rev":"_Wz1Ljb---B","_to":"cloudseer_laptops/12207362"}
]