logon,badgeId,empId,displayName,day,count
AGRAVAJ,172468069,50240579,James E. Agravante,2,4
AGRAVAJ,172468069,50240579,James E. Agravante,3,4
AGRAVAJ,172468069,50240579,James E. Agravante,4,4
AGRAVAJ,172468069,50240579,James E. Agravante,13,6
AGRAVAJ,172468069,50240579,James E. Agravante,14,4
AGRAVAJ,172468069,50240579,James E. Agravante,15,8
AGRAVAJ,172468069,50240579,James E. Agravante,16,8
AGRAVAJ,172468069,50240579,James E. Agravante,23,8
AGRAVAJ,172468069,50240579,James E. Agravante,27,8
AGRAVAJ,172468069,50240579,James E. Agravante,29,6
AGRAVAJ,172468069,50240579,James E. Agravante,30,6
AKMENTGL,172462651,18508751,Gary Akmentins,3,2
ALAGARR,172462682,60000992,Ramesh Alagarswamy1,3,4
ALAGARR,172462682,60000992,Ramesh Alagarswamy1,4,2
ALAGARR,172462682,60000992,Ramesh Alagarswamy1,5,2
ALAGARR,172462682,60000992,Ramesh Alagarswamy1,13,3
ALAGARR,172462682,60000992,Ramesh Alagarswamy1,15,6
ALAGARR,172462682,60000992,Ramesh Alagarswamy1,16,6
ALAGARR,172462682,60000992,Ramesh Alagarswamy1,20,2
ALAGARR,172462682,60000992,Ramesh Alagarswamy1,23,2
ALAGARR,172462682,60000992,Ramesh Alagarswamy1,26,6
ALAGARR,172462682,60000992,Ramesh Alagarswamy1,28,2
ALAGARR,172462682,60000992,Ramesh Alagarswamy1,30,2
ALAIMOD,172468068,60001296,Donald Alaimo,2,4
ALAIMOD,172468068,60001296,Donald Alaimo,4,7
ALAIMOD,172468068,60001296,Donald Alaimo,5,2
ALAIMOD,172468068,60001296,Donald Alaimo,6,6
ALAIMOD,172468068,60001296,Donald Alaimo,12,2
ALAIMOD,172468068,60001296,Donald Alaimo,13,4
ALAIMOD,172468068,60001296,Donald Alaimo,15,4
ALAIMOD,172468068,60001296,Donald Alaimo,16,4
ALAIMOD,172468068,60001296,Donald Alaimo,19,2
ALAIMOD,172468068,60001296,Donald Alaimo,20,2
ALAIMOD,172468068,60001296,Donald Alaimo,22,2
ALAIMOD,172468068,60001296,Donald Alaimo,23,2
ALAIMOD,172468068,60001296,Donald Alaimo,26,2
ALAIMOD,172468068,60001296,Donald Alaimo,27,2
ALAIMOD,172468068,60001296,Donald Alaimo,28,4
ALAIMOD,172468068,60001296,Donald Alaimo,29,2
ALAIMOD,172468068,60001296,Donald Alaimo,30,4
ALMODOM,172462645,50326971,Melissa Robinson,4,4
ALMODOM,172462645,50326971,Melissa Robinson,5,2
ALMODOM,172462645,50326971,Melissa Robinson,6,4
ALMODOM,172462645,50326971,Melissa Robinson,12,4
ALMODOM,172462645,50326971,Melissa Robinson,13,4
ALMODOM,172462645,50326971,Melissa Robinson,14,2
ALMODOM,172462645,50326971,Melissa Robinson,15,4
ALMODOM,172462645,50326971,Melissa Robinson,16,4
ALMODOM,172462645,50326971,Melissa Robinson,19,4
ALMODOM,172462645,50326971,Melissa Robinson,20,2
ALMODOM,172462645,50326971,Melissa Robinson,26,4
ALMODOM,172462645,50326971,Melissa Robinson,27,4
ALMODOM,172462645,50326971,Melissa Robinson,28,4
ALMODOM,172462645,50326971,Melissa Robinson,29,2
ALMODOM,172462645,50326971,Melissa Robinson,30,4
APRAJSV,172468442,110046242,Siddhesh V. Apraj,3,5
APRAJSV,172468442,110046242,Siddhesh V. Apraj,5,8
APRAJSV,172468442,110046242,Siddhesh V. Apraj,12,3
APRAJSV,172468442,110046242,Siddhesh V. Apraj,15,6
APRAJSV,172468442,110046242,Siddhesh V. Apraj,16,6
APRAJSV,172468442,110046242,Siddhesh V. Apraj,19,4
APRAJSV,172468442,110046242,Siddhesh V. Apraj,26,2
APRAJSV,172468442,110046242,Siddhesh V. Apraj,27,2
APRAJSV,172468442,110046242,Siddhesh V. Apraj,29,4
AROKIYS1,172508185,51000808,Socratis Arokiyasamy1,3,2
AROKIYS1,172508185,51000808,Socratis Arokiyasamy1,4,2
AROKIYS1,172508185,51000808,Socratis Arokiyasamy1,5,2
AROKIYS1,172508185,51000808,Socratis Arokiyasamy1,12,2
AROKIYS1,172508185,51000808,Socratis Arokiyasamy1,15,4
AROKIYS1,172508185,51000808,Socratis Arokiyasamy1,16,4
AROKIYS1,172508185,51000808,Socratis Arokiyasamy1,22,2
AROKIYS1,172508185,51000808,Socratis Arokiyasamy1,23,2
AROKIYS1,172508185,51000808,Socratis Arokiyasamy1,28,2
AROKIYS1,172508185,51000808,Socratis Arokiyasamy1,29,4
AROKIYS1,172508185,51000808,Socratis Arokiyasamy1,30,4
ARRIAGE,172462679,50328948,Elizabeth Arriaga1,2,4
ARRIAGE,172462679,50328948,Elizabeth Arriaga1,3,2
ARRIAGE,172462679,50328948,Elizabeth Arriaga1,4,2
ARRIAGE,172462679,50328948,Elizabeth Arriaga1,5,4
ARRIAGE,172462679,50328948,Elizabeth Arriaga1,6,2
ARRIAGE,172462679,50328948,Elizabeth Arriaga1,12,4
ARRIAGE,172462679,50328948,Elizabeth Arriaga1,13,2
ARRIAGE,172462679,50328948,Elizabeth Arriaga1,14,2
ARRIAGE,172462679,50328948,Elizabeth Arriaga1,16,2
ARRIAGE,172462679,50328948,Elizabeth Arriaga1,19,2
ARRIAGE,172462679,50328948,Elizabeth Arriaga1,20,2
ARRIAGE,172462679,50328948,Elizabeth Arriaga1,22,2
ARRIAGE,172462679,50328948,Elizabeth Arriaga1,23,4
ARRIAGE,172462679,50328948,Elizabeth Arriaga1,26,6
ARRIAGE,172462679,50328948,Elizabeth Arriaga1,27,2
ARRIAGE,172462679,50328948,Elizabeth Arriaga1,28,2
ARRIAGE,172462679,50328948,Elizabeth Arriaga1,29,4
BASAKSS,172462674,3003464,Sonali Basak1,2,4
BASAKSS,172462674,3003464,Sonali Basak1,3,6
BASAKSS,172462674,3003464,Sonali Basak1,4,2
BASAKSS,172462674,3003464,Sonali Basak1,5,6
BASAKSS,172462674,3003464,Sonali Basak1,6,2
BASAKSS,172462674,3003464,Sonali Basak1,12,2
BASAKSS,172462674,3003464,Sonali Basak1,13,2
BASAKSS,172462674,3003464,Sonali Basak1,14,4
BASAKSS,172462674,3003464,Sonali Basak1,15,6
BASAKSS,172462674,3003464,Sonali Basak1,16,4
BASAKSS,172462674,3003464,Sonali Basak1,17,4
BASAKSS,172462674,3003464,Sonali Basak1,19,2
BASAKSS,172462674,3003464,Sonali Basak1,20,2
BASAKSS,172462674,3003464,Sonali Basak1,22,4
BASAKSS,172462674,3003464,Sonali Basak1,26,4
BASAKSS,172462674,3003464,Sonali Basak1,27,6
BASAKSS,172462674,3003464,Sonali Basak1,28,5
BASAKSS,172462674,3003464,Sonali Basak1,29,5
BASAKSS,172462674,3003464,Sonali Basak1,30,2
BASAKSS,172462674,3003464,Sonali Basak1,31,2
BAXTERT,172462443,60001553,Thomas Baxter1,2,2
BAXTERT,172462443,60001553,Thomas Baxter1,3,2
BAXTERT,172462443,60001553,Thomas Baxter1,4,2
BAXTERT,172462443,60001553,Thomas Baxter1,5,2
BAXTERT,172462443,60001553,Thomas Baxter1,12,2
BAXTERT,172462443,60001553,Thomas Baxter1,13,2
BAXTERT,172462443,60001553,Thomas Baxter1,15,2
BAXTERT,172462443,60001553,Thomas Baxter1,19,2
BAXTERT,172462443,60001553,Thomas Baxter1,20,2
BAXTERT,172462443,60001553,Thomas Baxter1,22,2
BAXTERT,172462443,60001553,Thomas Baxter1,23,2
BAXTERT,172462443,60001553,Thomas Baxter1,26,2
BAXTERT,172462443,60001553,Thomas Baxter1,27,2
BAXTERT,172462443,60001553,Thomas Baxter1,28,2
BAXTERT,172462443,60001553,Thomas Baxter1,29,2
BAXTERT,172462443,60001553,Thomas Baxter1,30,2
BELLK,172410532,50433360,Katherine M. Bell,2,4
BELLK,172410532,50433360,Katherine M. Bell,4,2
BENNETD2,172547038,3017603,Doreene Bennett,2,15
BENNETD2,172547038,3017603,Doreene Bennett,24,14
BENNETD2,172547038,3017603,Doreene Bennett,25,6
BENNETD2,172547038,3017603,Doreene Bennett,26,13
BENNETD2,172547038,3017603,Doreene Bennett,27,12
BENNETD2,172547038,3017603,Doreene Bennett,29,10
BENNETD2,172547038,3017603,Doreene Bennett,30,15
BERNHAKM,172462673,3017934,Kathleen M. Bernhardt,3,2
BERNHAKM,172462673,3017934,Kathleen M. Bernhardt,4,2
BERNHAKM,172462673,3017934,Kathleen M. Bernhardt,5,4
BERNHAKM,172462673,3017934,Kathleen M. Bernhardt,6,2
BERNHAKM,172462673,3017934,Kathleen M. Bernhardt,12,2
BERNHAKM,172462673,3017934,Kathleen M. Bernhardt,13,4
BERNHAKM,172462673,3017934,Kathleen M. Bernhardt,14,4
BERNHAKM,172462673,3017934,Kathleen M. Bernhardt,15,2
BERNHAKM,172462673,3017934,Kathleen M. Bernhardt,16,2
BERNHAKM,172462673,3017934,Kathleen M. Bernhardt,19,2
BERNHAKM,172462673,3017934,Kathleen M. Bernhardt,22,2
BERNHAKM,172462673,3017934,Kathleen M. Bernhardt,23,2
BERNHAKM,172462673,3017934,Kathleen M. Bernhardt,26,2
BERNHAKM,172462673,3017934,Kathleen M. Bernhardt,27,2
BERNHAKM,172462673,3017934,Kathleen M. Bernhardt,28,2
BERTOTA,172410236,50396021,Alikhan Bertot1,2,2
BERTOTA,172410236,50396021,Alikhan Bertot1,3,3
BERTOTA,172410236,50396021,Alikhan Bertot1,4,4
BERTOTA,172410236,50396021,Alikhan Bertot1,5,2
BERTOTA,172410236,50396021,Alikhan Bertot1,6,1
BERTOTA,172410236,50396021,Alikhan Bertot1,12,2
BERTOTA,172410236,50396021,Alikhan Bertot1,13,3
BERTOTA,172410236,50396021,Alikhan Bertot1,14,3
BERTOTA,172410236,50396021,Alikhan Bertot1,15,5
BERTOTA,172410236,50396021,Alikhan Bertot1,16,6
BERTOTA,172410236,50396021,Alikhan Bertot1,20,2
BERTOTA,172410236,50396021,Alikhan Bertot1,22,2
BERTOTA,172410236,50396021,Alikhan Bertot1,23,3
BERTOTA,172410236,50396021,Alikhan Bertot1,26,3
BERTOTA,172410236,50396021,Alikhan Bertot1,27,6
BERTOTA,172410236,50396021,Alikhan Bertot1,28,2
BERTOTA,172410236,50396021,Alikhan Bertot1,29,7
BHIMASNA,172462957,50131871,Naveen Bhimasenachar,4,2
BHIMASNA,172462957,50131871,Naveen Bhimasenachar,5,4
BHIMASNA,172462957,50131871,Naveen Bhimasenachar,12,2
BHIMASNA,172462957,50131871,Naveen Bhimasenachar,13,2
BHIMASNA,172462957,50131871,Naveen Bhimasenachar,14,2
BHIMASNA,172462957,50131871,Naveen Bhimasenachar,23,2
BISHOPJ1,172462671,50627746,Jackie Ackerman,2,8
BISHOPJ1,172462671,50627746,Jackie Ackerman,3,10
BISHOPJ1,172462671,50627746,Jackie Ackerman,4,6
BISHOPJ1,172462671,50627746,Jackie Ackerman,5,8
BISHOPJ1,172462671,50627746,Jackie Ackerman,13,4
BISHOPJ1,172462671,50627746,Jackie Ackerman,16,2
BISHOPJ1,172462671,50627746,Jackie Ackerman,19,4
BISHOPJ1,172462671,50627746,Jackie Ackerman,20,2
BISHOPJ1,172462671,50627746,Jackie Ackerman,23,6
BISHOPJ1,172462671,50627746,Jackie Ackerman,27,4
BISHOPJ1,172462671,50627746,Jackie Ackerman,29,4
BOFFICF,172547334,50325156,Franco Boffice,2,2
BOFFICF,172547334,50325156,Franco Boffice,3,2
BOFFICF,172547334,50325156,Franco Boffice,4,2
BOFFICF,172547334,50325156,Franco Boffice,6,2
BOFFICF,172547334,50325156,Franco Boffice,12,2
BOFFICF,172547334,50325156,Franco Boffice,13,2
BOFFICF,172547334,50325156,Franco Boffice,14,4
BOFFICF,172547334,50325156,Franco Boffice,15,4
BOFFICF,172547334,50325156,Franco Boffice,16,2
BOFFICF,172547334,50325156,Franco Boffice,19,4
BOFFICF,172547334,50325156,Franco Boffice,20,2
BOFFICF,172547334,50325156,Franco Boffice,22,2
BOFFICF,172547334,50325156,Franco Boffice,23,4
BOFFICF,172547334,50325156,Franco Boffice,26,7
BOFFICF,172547334,50325156,Franco Boffice,27,4
BOFFICF,172547334,50325156,Franco Boffice,28,2
BOFFICF,172547334,50325156,Franco Boffice,29,2
BOFFICF,172547334,50325156,Franco Boffice,30,2
BRILLJ1,172503731,60002484,Jeff Brill,2,12
BRILLJ1,172503731,60002484,Jeff Brill,5,10
BRILLJ1,172503731,60002484,Jeff Brill,6,8
BRILLJ1,172503731,60002484,Jeff Brill,12,14
BRILLJ1,172503731,60002484,Jeff Brill,13,12
BRILLJ1,172503731,60002484,Jeff Brill,14,10
BRILLJ1,172503731,60002484,Jeff Brill,15,12
BRILLJ1,172503731,60002484,Jeff Brill,19,10
BRILLJ1,172503731,60002484,Jeff Brill,20,10
BRILLJ1,172503731,60002484,Jeff Brill,22,10
BRILLJ1,172503731,60002484,Jeff Brill,23,12
BRILLJ1,172503731,60002484,Jeff Brill,26,9
BRILLJ1,172503731,60002484,Jeff Brill,27,8
BRILLJ1,172503731,60002484,Jeff Brill,28,11
BRILLJ1,172503731,60002484,Jeff Brill,29,6
BROWNCD,172462879,50302387,Catherine D. Raively,29,2
BUNTINS,172508435,50407298,Shawn Bunting,13,2
CAMPANN,172468301,50405288,Noelle K. Campana,6,4
CAMPANN,172468301,50405288,Noelle K. Campana,29,10
CARBONJL,172462667,60001204,John Carboni,2,2
CARBONJL,172462667,60001204,John Carboni,3,2
CARBONJL,172462667,60001204,John Carboni,4,2
CARBONJL,172462667,60001204,John Carboni,5,2
CARBONJL,172462667,60001204,John Carboni,6,2
CARBONJL,172462667,60001204,John Carboni,12,2
CARBONJL,172462667,60001204,John Carboni,13,2
CARBONJL,172462667,60001204,John Carboni,14,2
CARBONJL,172462667,60001204,John Carboni,15,4
CARBONJL,172462667,60001204,John Carboni,19,4
CARBONJL,172462667,60001204,John Carboni,20,2
CARBONJL,172462667,60001204,John Carboni,23,4
CARBONJL,172462667,60001204,John Carboni,26,4
CARBONJL,172462667,60001204,John Carboni,27,4
CARBONJL,172462667,60001204,John Carboni,28,4
CARBONJL,172462667,60001204,John Carboni,29,4
CARBONJL,172462667,60001204,John Carboni,30,4
CARRERJB,172462666,50333201,Jackie Carrero,2,4
CARRERJB,172462666,50333201,Jackie Carrero,3,3
CARRERJB,172462666,50333201,Jackie Carrero,4,3
CARRERJB,172462666,50333201,Jackie Carrero,5,4
CARRERJB,172462666,50333201,Jackie Carrero,6,2
CARRERJB,172462666,50333201,Jackie Carrero,12,4
CARRERJB,172462666,50333201,Jackie Carrero,13,4
CARRERJB,172462666,50333201,Jackie Carrero,14,4
CARRERJB,172462666,50333201,Jackie Carrero,15,4
CARRERJB,172462666,50333201,Jackie Carrero,19,4
CARRERJB,172462666,50333201,Jackie Carrero,20,4
CARRERJB,172462666,50333201,Jackie Carrero,22,4
CARRERJB,172462666,50333201,Jackie Carrero,26,4
CARRERJB,172462666,50333201,Jackie Carrero,27,4
CARRERJB,172462666,50333201,Jackie Carrero,28,4
CARRERJB,172462666,50333201,Jackie Carrero,29,6
CAUDLEL,172462665,50566912,Lori Caudle,13,2
CHANDRP1,172462637,110045482,Parthiban Chandran,2,11
CHANDRP1,172462637,110045482,Parthiban Chandran,3,10
CHANDRP1,172462637,110045482,Parthiban Chandran,4,8
CHANDRP1,172462637,110045482,Parthiban Chandran,5,8
CHANDRP1,172462637,110045482,Parthiban Chandran,12,11
CHANDRP1,172462637,110045482,Parthiban Chandran,14,6
CHANDRP1,172462637,110045482,Parthiban Chandran,15,10
CHANDRP1,172462637,110045482,Parthiban Chandran,19,8
CHANDRP1,172462637,110045482,Parthiban Chandran,22,8
CHANDRP1,172462637,110045482,Parthiban Chandran,23,10
CHANDRP1,172462637,110045482,Parthiban Chandran,26,12
CHANDRP1,172462637,110045482,Parthiban Chandran,28,11
CHANDRP1,172462637,110045482,Parthiban Chandran,29,13
CHELIUJJ,172508177,3000370,James J. Chelius,15,2
CHELIUJJ,172508177,3000370,James J. Chelius,29,1
CHILAD,172462663,60002031,Dan Chila,2,7
CHILAD,172462663,60002031,Dan Chila,3,5
CHILAD,172462663,60002031,Dan Chila,4,6
CHILAD,172462663,60002031,Dan Chila,5,4
CHILAD,172462663,60002031,Dan Chila,6,5
CHILAD,172462663,60002031,Dan Chila,12,5
CHILAD,172462663,60002031,Dan Chila,13,5
CHILAD,172462663,60002031,Dan Chila,14,4
CHILAD,172462663,60002031,Dan Chila,15,4
CHILAD,172462663,60002031,Dan Chila,16,4
CHILAD,172462663,60002031,Dan Chila,19,4
CHILAD,172462663,60002031,Dan Chila,20,4
CHILAD,172462663,60002031,Dan Chila,22,2
CHILAD,172462663,60002031,Dan Chila,23,4
CHILAD,172462663,60002031,Dan Chila,26,5
CHILAD,172462663,60002031,Dan Chila,27,4
CHILAD,172462663,60002031,Dan Chila,28,4
CHILAD,172462663,60002031,Dan Chila,29,2
CHILAD,172462663,60002031,Dan Chila,30,4
CLARKEMS,171765320,50323983,Michael Clarke,3,2
CLARKEMS,171765320,50323983,Michael Clarke,4,2
CLARKEMS,171765320,50323983,Michael Clarke,6,2
CLARKEMS,171765320,50323983,Michael Clarke,12,2
CLARKEMS,171765320,50323983,Michael Clarke,13,2
CLARKEMS,171765320,50323983,Michael Clarke,14,4
CLARKEMS,171765320,50323983,Michael Clarke,15,5
CLARKEMS,171765320,50323983,Michael Clarke,16,2
CLARKEMS,171765320,50323983,Michael Clarke,19,2
CLARKEMS,171765320,50323983,Michael Clarke,20,4
CLARKEMS,171765320,50323983,Michael Clarke,22,4
CLARKEMS,171765320,50323983,Michael Clarke,23,2
CLARKEMS,171765320,50323983,Michael Clarke,26,2
CLARKEMS,171765320,50323983,Michael Clarke,27,2
CLARKEMS,171765320,50323983,Michael Clarke,28,2
CLARKEMS,171765320,50323983,Michael Clarke,29,4
CLARKEMS,171765320,50323983,Michael Clarke,30,4
CLINEM,172467187,60001076,Michael Cline1,2,2
CLINEM,172467187,60001076,Michael Cline1,3,6
CLINEM,172467187,60001076,Michael Cline1,4,6
CLINEM,172467187,60001076,Michael Cline1,5,2
CLINEM,172467187,60001076,Michael Cline1,6,7
CLINEM,172467187,60001076,Michael Cline1,12,4
CLINEM,172467187,60001076,Michael Cline1,13,2
CLINEM,172467187,60001076,Michael Cline1,14,6
CLINEM,172467187,60001076,Michael Cline1,15,4
CLINEM,172467187,60001076,Michael Cline1,16,6
CLINEM,172467187,60001076,Michael Cline1,17,2
CLINEM,172467187,60001076,Michael Cline1,19,2
CLINEM,172467187,60001076,Michael Cline1,20,7
CLINEM,172467187,60001076,Michael Cline1,22,4
CLINEM,172467187,60001076,Michael Cline1,23,5
CLINEM,172467187,60001076,Michael Cline1,26,4
CLINEM,172467187,60001076,Michael Cline1,27,4
CLINEM,172467187,60001076,Michael Cline1,28,7
CLINEM,172467187,60001076,Michael Cline1,30,2
COLEJR,172462710,50069219,John R. Cole,2,10
COLEJR,172462710,50069219,John R. Cole,3,8
COLEJR,172462710,50069219,John R. Cole,5,10
COLEJR,172462710,50069219,John R. Cole,6,6
COLEJR,172462710,50069219,John R. Cole,12,8
COLEJR,172462710,50069219,John R. Cole,13,8
COLEJR,172462710,50069219,John R. Cole,14,6
COLEJR,172462710,50069219,John R. Cole,15,8
COLEJR,172462710,50069219,John R. Cole,16,4
COLEJR,172462710,50069219,John R. Cole,19,8
COLEJR,172462710,50069219,John R. Cole,20,6
COLEJR,172462710,50069219,John R. Cole,22,10
COLEJR,172462710,50069219,John R. Cole,23,8
COLEJR,172462710,50069219,John R. Cole,26,10
COLEJR,172462710,50069219,John R. Cole,27,6
COLEJR,172462710,50069219,John R. Cole,28,4
COLEJR,172462710,50069219,John R. Cole,30,8
CONNELMS,172462946,50085802,Michael S. Connelly,2,8
CONNELMS,172462946,50085802,Michael S. Connelly,3,2
CONNELMS,172462946,50085802,Michael S. Connelly,5,2
CONNELMS,172462946,50085802,Michael S. Connelly,15,2
CONNELMS,172462946,50085802,Michael S. Connelly,29,10
COUCHDJ,172468278,60000934,Dennis Couch,5,2
COUCHDJ,172468278,60000934,Dennis Couch,6,5
DANGELLA,172468443,60001712,Lawrence A. D'Angelo Jr,29,2
DEGRAZD,171766913,60000549,Dominic DeGrazia,2,2
DEGRAZD,171766913,60000549,Dominic DeGrazia,3,2
DEGRAZD,171766913,60000549,Dominic DeGrazia,4,2
DEGRAZD,171766913,60000549,Dominic DeGrazia,5,2
DEGRAZD,171766913,60000549,Dominic DeGrazia,6,2
DEGRAZD,171766913,60000549,Dominic DeGrazia,12,2
DEGRAZD,171766913,60000549,Dominic DeGrazia,13,4
DEGRAZD,171766913,60000549,Dominic DeGrazia,14,4
DEGRAZD,171766913,60000549,Dominic DeGrazia,16,4
DEGRAZD,171766913,60000549,Dominic DeGrazia,19,6
DEGRAZD,171766913,60000549,Dominic DeGrazia,20,2
DEGRAZD,171766913,60000549,Dominic DeGrazia,22,2
DEGRAZD,171766913,60000549,Dominic DeGrazia,23,4
DEGRAZD,171766913,60000549,Dominic DeGrazia,26,2
DEGRAZD,171766913,60000549,Dominic DeGrazia,27,2
DEGRAZD,171766913,60000549,Dominic DeGrazia,28,2
DEGRAZD,171766913,60000549,Dominic DeGrazia,29,2
DELGADC,172410926,51000839,Celina Delgado1,3,4
DELGADC,172410926,51000839,Celina Delgado1,4,8
DELGADC,172410926,51000839,Celina Delgado1,15,4
DELLESLA,172467777,50323974,Laura A. Delles,2,4
DELLESLA,172467777,50323974,Laura A. Delles,3,2
DELLESLA,172467777,50323974,Laura A. Delles,13,2
DELLESLA,172467777,50323974,Laura A. Delles,14,2
DELLESLA,172467777,50323974,Laura A. Delles,15,4
DELLESLA,172467777,50323974,Laura A. Delles,16,4
DELLESLA,172467777,50323974,Laura A. Delles,19,6
DELLESLA,172467777,50323974,Laura A. Delles,20,5
DELLESLA,172467777,50323974,Laura A. Delles,22,2
DELLESLA,172467777,50323974,Laura A. Delles,23,4
DELLESLA,172467777,50323974,Laura A. Delles,26,4
DELLESLA,172467777,50323974,Laura A. Delles,27,2
DELLESLA,172467777,50323974,Laura A. Delles,28,4
DELLESLA,172467777,50323974,Laura A. Delles,29,4
DELLESLA,172467777,50323974,Laura A. Delles,30,4
DELSORJ,172469017,60001793,Jeanine Del Sordo1,2,2
DELSORJ,172469017,60001793,Jeanine Del Sordo1,4,2
DELSORJ,172469017,60001793,Jeanine Del Sordo1,5,2
DELSORJ,172469017,60001793,Jeanine Del Sordo1,6,2
DELSORJ,172469017,60001793,Jeanine Del Sordo1,12,2
DELSORJ,172469017,60001793,Jeanine Del Sordo1,13,2
DELSORJ,172469017,60001793,Jeanine Del Sordo1,14,2
DELSORJ,172469017,60001793,Jeanine Del Sordo1,15,8
DELSORJ,172469017,60001793,Jeanine Del Sordo1,16,2
DELSORJ,172469017,60001793,Jeanine Del Sordo1,19,2
DELSORJ,172469017,60001793,Jeanine Del Sordo1,20,2
DELSORJ,172469017,60001793,Jeanine Del Sordo1,22,2
DELSORJ,172469017,60001793,Jeanine Del Sordo1,23,2
DELSORJ,172469017,60001793,Jeanine Del Sordo1,26,2
DELSORJ,172469017,60001793,Jeanine Del Sordo1,27,2
DELSORJ,172469017,60001793,Jeanine Del Sordo1,28,4
DELSORJ,172469017,60001793,Jeanine Del Sordo1,29,2
DEPAULJ2,172462614,60001955,Jason DePaul1,2,5
DEPAULJ2,172462614,60001955,Jason DePaul1,3,2
DEPAULJ2,172462614,60001955,Jason DePaul1,4,2
DEPAULJ2,172462614,60001955,Jason DePaul1,5,2
DEPAULJ2,172462614,60001955,Jason DePaul1,6,8
DEPAULJ2,172462614,60001955,Jason DePaul1,12,2
DEPAULJ2,172462614,60001955,Jason DePaul1,13,3
DEPAULJ2,172462614,60001955,Jason DePaul1,14,2
DEPAULJ2,172462614,60001955,Jason DePaul1,15,2
DEPAULJ2,172462614,60001955,Jason DePaul1,16,2
DEPAULJ2,172462614,60001955,Jason DePaul1,19,2
DEPAULJ2,172462614,60001955,Jason DePaul1,20,2
DEPAULJ2,172462614,60001955,Jason DePaul1,22,2
DEPAULJ2,172462614,60001955,Jason DePaul1,23,2
DEPAULJ2,172462614,60001955,Jason DePaul1,26,2
DEPAULJ2,172462614,60001955,Jason DePaul1,27,2
DEPAULJ2,172462614,60001955,Jason DePaul1,28,2
DEPAULJ2,172462614,60001955,Jason DePaul1,29,2
DEPAULJ2,172462614,60001955,Jason DePaul1,30,2
DESTEFDM,172411413,50397138,Dante DeStefano,16,2
DEXTERMJ,172409845,50293021,Michael J. Dexter,2,16
DEXTERMJ,172409845,50293021,Michael J. Dexter,3,10
DEXTERMJ,172409845,50293021,Michael J. Dexter,4,14
DEXTERMJ,172409845,50293021,Michael J. Dexter,5,8
DEXTERMJ,172409845,50293021,Michael J. Dexter,6,4
DEXTERMJ,172409845,50293021,Michael J. Dexter,12,8
DEXTERMJ,172409845,50293021,Michael J. Dexter,13,4
DEXTERMJ,172409845,50293021,Michael J. Dexter,14,10
DEXTERMJ,172409845,50293021,Michael J. Dexter,15,6
DEXTERMJ,172409845,50293021,Michael J. Dexter,16,8
DEXTERMJ,172409845,50293021,Michael J. Dexter,19,10
DEXTERMJ,172409845,50293021,Michael J. Dexter,20,6
DEXTERMJ,172409845,50293021,Michael J. Dexter,22,8
DEXTERMJ,172409845,50293021,Michael J. Dexter,23,8
DEXTERMJ,172409845,50293021,Michael J. Dexter,26,14
DEXTERMJ,172409845,50293021,Michael J. Dexter,27,12
DEXTERMJ,172409845,50293021,Michael J. Dexter,28,8
DEXTERMJ,172409845,50293021,Michael J. Dexter,29,10
DEXTERMJ,172409845,50293021,Michael J. Dexter,30,20
DEXTERMJ,172409845,50293021,Michael J. Dexter,31,6
DIETZMDP,172508180,3017573,Denise Dietzmann,29,2
DIGEROKA,172462698,3002566,Kelly Digerolamo1,2,2
DIGEROKA,172462698,3002566,Kelly Digerolamo1,3,2
DIGEROKA,172462698,3002566,Kelly Digerolamo1,4,2
DIGEROKA,172462698,3002566,Kelly Digerolamo1,5,2
DIGEROKA,172462698,3002566,Kelly Digerolamo1,12,2
DIGEROKA,172462698,3002566,Kelly Digerolamo1,13,2
DIGEROKA,172462698,3002566,Kelly Digerolamo1,14,2
DIGEROKA,172462698,3002566,Kelly Digerolamo1,15,2
DIGEROKA,172462698,3002566,Kelly Digerolamo1,16,6
DIGEROKA,172462698,3002566,Kelly Digerolamo1,19,2
DIGEROKA,172462698,3002566,Kelly Digerolamo1,20,2
DIGEROKA,172462698,3002566,Kelly Digerolamo1,22,2
DIGEROKA,172462698,3002566,Kelly Digerolamo1,23,2
DIGEROKA,172462698,3002566,Kelly Digerolamo1,26,2
DIGEROKA,172462698,3002566,Kelly Digerolamo1,27,2
DIGEROKA,172462698,3002566,Kelly Digerolamo1,28,3
DIGEROKA,172462698,3002566,Kelly Digerolamo1,29,3
DONOSOJ,172411018,50610417,Juan Donoso1,2,2
DYSONK,172547277,50654149,Kyiem Dyson,3,2
DYSONK,172547277,50654149,Kyiem Dyson,4,3
DYSONK,172547277,50654149,Kyiem Dyson,5,2
DYSONK,172547277,50654149,Kyiem Dyson,6,2
DYSONK,172547277,50654149,Kyiem Dyson,29,2
DYSONK,172547277,50654149,Kyiem Dyson,30,2
EGNERKA,172411411,50039533,Kathleen Egner,4,4
EGNERKA,172411411,50039533,Kathleen Egner,5,2
EGNERKA,172411411,50039533,Kathleen Egner,16,2
EGNERKA,172411411,50039533,Kathleen Egner,22,2
EGNERKA,172411411,50039533,Kathleen Egner,23,2
EMORYD,172462617,60001010,Dennis Emory,2,4
EMORYD,172462617,60001010,Dennis Emory,3,4
EMORYD,172462617,60001010,Dennis Emory,4,4
EMORYD,172462617,60001010,Dennis Emory,5,4
EMORYD,172462617,60001010,Dennis Emory,6,4
EMORYD,172462617,60001010,Dennis Emory,12,4
EMORYD,172462617,60001010,Dennis Emory,13,4
EMORYD,172462617,60001010,Dennis Emory,14,4
EMORYD,172462617,60001010,Dennis Emory,15,4
EMORYD,172462617,60001010,Dennis Emory,19,4
EMORYD,172462617,60001010,Dennis Emory,20,6
EMORYD,172462617,60001010,Dennis Emory,22,4
EMORYD,172462617,60001010,Dennis Emory,23,4
EMORYD,172462617,60001010,Dennis Emory,26,4
EMORYD,172462617,60001010,Dennis Emory,27,4
EMORYD,172462617,60001010,Dennis Emory,28,4
EMORYD,172462617,60001010,Dennis Emory,29,4
ETEDALTA,172296612,18508945,Patricia A. Etedali,5,4
FARNTRUT,172462696,60001711,Uri Farntrog,2,2
FARNTRUT,172462696,60001711,Uri Farntrog,3,4
FARNTRUT,172462696,60001711,Uri Farntrog,4,4
FARNTRUT,172462696,60001711,Uri Farntrog,5,2
FARNTRUT,172462696,60001711,Uri Farntrog,12,4
FARNTRUT,172462696,60001711,Uri Farntrog,13,4
FARNTRUT,172462696,60001711,Uri Farntrog,19,4
FARNTRUT,172462696,60001711,Uri Farntrog,20,2
FARNTRUT,172462696,60001711,Uri Farntrog,22,4
FARNTRUT,172462696,60001711,Uri Farntrog,23,2
FARNTRUT,172462696,60001711,Uri Farntrog,26,4
FARNTRUT,172462696,60001711,Uri Farntrog,27,4
FARNTRUT,172462696,60001711,Uri Farntrog,28,4
FARNTRUT,172462696,60001711,Uri Farntrog,29,4
FARNTRUT,172462696,60001711,Uri Farntrog,30,2
FASNACA,172468219,51000567,Angela Fasnacht1,3,4
FASNACA,172468219,51000567,Angela Fasnacht1,4,2
FASNACA,172468219,51000567,Angela Fasnacht1,5,1
FASNACA,172468219,51000567,Angela Fasnacht1,6,5
FASNACA,172468219,51000567,Angela Fasnacht1,23,2
FASNACA,172468219,51000567,Angela Fasnacht1,26,2
FASNACA,172468219,51000567,Angela Fasnacht1,29,6
FASNACA,172468219,51000567,Angela Fasnacht1,30,2
FORRESJM,172409843,60001570,Jonathan M. Forrest,3,2
FORRESJM,172409843,60001570,Jonathan M. Forrest,4,2
FORRESJM,172409843,60001570,Jonathan M. Forrest,6,2
FORRESJM,172409843,60001570,Jonathan M. Forrest,12,2
FORRESJM,172409843,60001570,Jonathan M. Forrest,13,2
FORRESJM,172409843,60001570,Jonathan M. Forrest,14,2
FORRESJM,172409843,60001570,Jonathan M. Forrest,16,2
FORRESJM,172409843,60001570,Jonathan M. Forrest,19,2
FORRESJM,172409843,60001570,Jonathan M. Forrest,23,4
FORRESJM,172409843,60001570,Jonathan M. Forrest,26,3
FORRESJM,172409843,60001570,Jonathan M. Forrest,28,2
FORRESJM,172409843,60001570,Jonathan M. Forrest,29,2
GALLAGJJ,172412458,3000555,John J. Gallagher,14,2
GALLAGJJ,172412458,3000555,John J. Gallagher,26,2
GARELIP,172462692,50437062,Phyllis Garelick,2,2
GARELIP,172462692,50437062,Phyllis Garelick,3,4
GARELIP,172462692,50437062,Phyllis Garelick,4,2
GARELIP,172462692,50437062,Phyllis Garelick,5,2
GARELIP,172462692,50437062,Phyllis Garelick,6,2
GARELIP,172462692,50437062,Phyllis Garelick,12,2
GARELIP,172462692,50437062,Phyllis Garelick,13,2
GARELIP,172462692,50437062,Phyllis Garelick,14,2
GARELIP,172462692,50437062,Phyllis Garelick,15,2
GARELIP,172462692,50437062,Phyllis Garelick,16,2
GARELIP,172462692,50437062,Phyllis Garelick,23,3
GARELIP,172462692,50437062,Phyllis Garelick,26,6
GARELIP,172462692,50437062,Phyllis Garelick,27,4
GARELIP,172462692,50437062,Phyllis Garelick,28,2
GARELIP,172462692,50437062,Phyllis Garelick,29,2
GARELIP,172462692,50437062,Phyllis Garelick,30,2
GARGP,172503902,60002372,Parul Garg1,2,4
GARGP,172503902,60002372,Parul Garg1,3,2
GARGP,172503902,60002372,Parul Garg1,4,2
GARGP,172503902,60002372,Parul Garg1,5,4
GARGP,172503902,60002372,Parul Garg1,6,2
GARGP,172503902,60002372,Parul Garg1,12,2
GARGP,172503902,60002372,Parul Garg1,13,4
GARGP,172503902,60002372,Parul Garg1,14,2
GARGP,172503902,60002372,Parul Garg1,15,2
GARGP,172503902,60002372,Parul Garg1,16,2
GARGP,172503902,60002372,Parul Garg1,19,2
GARGP,172503902,60002372,Parul Garg1,20,2
GARGP,172503902,60002372,Parul Garg1,22,2
GARGP,172503902,60002372,Parul Garg1,23,2
GARGP,172503902,60002372,Parul Garg1,26,4
GARGP,172503902,60002372,Parul Garg1,27,2
GARGP,172503902,60002372,Parul Garg1,28,2
GARGP,172503902,60002372,Parul Garg1,29,4
GARGP,172503902,60002372,Parul Garg1,30,2
GEHLINTM,172462691,50579647,Todd Gehling1,2,8
GEHLINTM,172462691,50579647,Todd Gehling1,3,10
GEHLINTM,172462691,50579647,Todd Gehling1,4,6
GEHLINTM,172462691,50579647,Todd Gehling1,5,4
GEHLINTM,172462691,50579647,Todd Gehling1,6,3
GEHLINTM,172462691,50579647,Todd Gehling1,12,2
GEHLINTM,172462691,50579647,Todd Gehling1,13,8
GEHLINTM,172462691,50579647,Todd Gehling1,14,4
GEHLINTM,172462691,50579647,Todd Gehling1,15,6
GEHLINTM,172462691,50579647,Todd Gehling1,16,4
GEHLINTM,172462691,50579647,Todd Gehling1,20,4
GEHLINTM,172462691,50579647,Todd Gehling1,22,6
GEHLINTM,172462691,50579647,Todd Gehling1,23,4
GEHLINTM,172462691,50579647,Todd Gehling1,26,8
GEHLINTM,172462691,50579647,Todd Gehling1,27,4
GEHLINTM,172462691,50579647,Todd Gehling1,28,8
GEHLINTM,172462691,50579647,Todd Gehling1,29,10
GEHLINTM,172462691,50579647,Todd Gehling1,30,6
GHOSHI,172410560,110041130,Indranil Ghosh,2,10
GHOSHI,172410560,110041130,Indranil Ghosh,3,12
GHOSHI,172410560,110041130,Indranil Ghosh,5,8
GHOSHI,172410560,110041130,Indranil Ghosh,6,8
GHOSHI,172410560,110041130,Indranil Ghosh,15,6
GHOSHI,172410560,110041130,Indranil Ghosh,16,8
GHOSHI,172410560,110041130,Indranil Ghosh,19,10
GHOSHI,172410560,110041130,Indranil Ghosh,20,4
GHOSHI,172410560,110041130,Indranil Ghosh,22,6
GHOSHI,172410560,110041130,Indranil Ghosh,23,4
GHOSHI,172410560,110041130,Indranil Ghosh,26,6
GHOSHI,172410560,110041130,Indranil Ghosh,27,6
GHOSHI,172410560,110041130,Indranil Ghosh,28,10
GHOSHI,172410560,110041130,Indranil Ghosh,29,8
GHOSHI,172410560,110041130,Indranil Ghosh,30,7
GHOSHI,172410560,110041130,Indranil Ghosh,31,3
GRACEST,172462892,50315421,Scott T. Grace,2,4
GRACEST,172462892,50315421,Scott T. Grace,3,4
GRACEST,172462892,50315421,Scott T. Grace,4,4
GRACEST,172462892,50315421,Scott T. Grace,5,4
GRACEST,172462892,50315421,Scott T. Grace,6,2
GRACEST,172462892,50315421,Scott T. Grace,12,4
GRACEST,172462892,50315421,Scott T. Grace,13,6
GRACEST,172462892,50315421,Scott T. Grace,14,4
GRACEST,172462892,50315421,Scott T. Grace,15,6
GRACEST,172462892,50315421,Scott T. Grace,16,4
GRACEST,172462892,50315421,Scott T. Grace,19,6
GRACEST,172462892,50315421,Scott T. Grace,20,8
GRACEST,172462892,50315421,Scott T. Grace,22,4
GRACEST,172462892,50315421,Scott T. Grace,23,4
GRACEST,172462892,50315421,Scott T. Grace,27,4
GRACEST,172462892,50315421,Scott T. Grace,29,4
GRACEST,172462892,50315421,Scott T. Grace,30,4
GUDINL,172547033,50135657,Lana Gudin,2,8
GUDINL,172547033,50135657,Lana Gudin,4,9
GUDINL,172547033,50135657,Lana Gudin,5,8
GUDINL,172547033,50135657,Lana Gudin,12,6
GUDINL,172547033,50135657,Lana Gudin,13,6
GUDINL,172547033,50135657,Lana Gudin,15,6
GUDINL,172547033,50135657,Lana Gudin,19,6
GUPTAV1,172468259,60002503,Varun Gupta,2,2
GUPTAV1,172468259,60002503,Varun Gupta,12,4
GUPTAV1,172468259,60002503,Varun Gupta,13,4
GUPTAV1,172468259,60002503,Varun Gupta,14,4
GUPTAV1,172468259,60002503,Varun Gupta,16,2
GUPTAV1,172468259,60002503,Varun Gupta,19,4
GUPTAV1,172468259,60002503,Varun Gupta,22,4
GUPTAV1,172468259,60002503,Varun Gupta,23,2
GUPTAV1,172468259,60002503,Varun Gupta,26,4
GUPTAV1,172468259,60002503,Varun Gupta,27,2
GUPTAV1,172468259,60002503,Varun Gupta,28,4
GUPTAV1,172468259,60002503,Varun Gupta,29,4
GUPTAV1,172468259,60002503,Varun Gupta,30,2
GWARAJE,172468940,18507504,John Gwara,2,4
GWARAJE,172468940,18507504,John Gwara,3,10
GWARAJE,172468940,18507504,John Gwara,4,10
GWARAJE,172468940,18507504,John Gwara,6,10
GWARAJE,172468940,18507504,John Gwara,13,8
GWARAJE,172468940,18507504,John Gwara,14,8
GWARAJE,172468940,18507504,John Gwara,15,11
GWARAJE,172468940,18507504,John Gwara,20,4
GWARAJE,172468940,18507504,John Gwara,22,8
GWARAJE,172468940,18507504,John Gwara,23,6
GWARAJE,172468940,18507504,John Gwara,27,9
GWARAJE,172468940,18507504,John Gwara,28,8
GWARAJE,172468940,18507504,John Gwara,29,10
GWARAJE,172468940,18507504,John Gwara,30,15
HAINESJ,172296662,51000569,Joan Haines1,2,2
HAINESJ,172296662,51000569,Joan Haines1,4,2
HAINESJ,172296662,51000569,Joan Haines1,5,2
HAINESJ,172296662,51000569,Joan Haines1,6,2
HAINESJ,172296662,51000569,Joan Haines1,13,2
HAINESJ,172296662,51000569,Joan Haines1,15,4
HAINESJ,172296662,51000569,Joan Haines1,20,2
HAINESJ,172296662,51000569,Joan Haines1,22,2
HAINESJ,172296662,51000569,Joan Haines1,23,2
HAINESJ,172296662,51000569,Joan Haines1,26,2
HAINESJ,172296662,51000569,Joan Haines1,27,2
HAINESJ,172296662,51000569,Joan Haines1,28,2
HAINESJ,172296662,51000569,Joan Haines1,29,2
HAINESJ,172296662,51000569,Joan Haines1,30,2
HALLGRM,172467789,60000378,Megan Michalsky,2,10
HALLGRM,172467789,60000378,Megan Michalsky,5,12
HALLGRM,172467789,60000378,Megan Michalsky,12,8
HALLGRM,172467789,60000378,Megan Michalsky,13,10
HALLGRM,172467789,60000378,Megan Michalsky,15,8
HALLGRM,172467789,60000378,Megan Michalsky,19,14
HALLGRM,172467789,60000378,Megan Michalsky,26,14
HALLGRM,172467789,60000378,Megan Michalsky,27,8
HALLGRM,172467789,60000378,Megan Michalsky,28,8
HALLGRM,172467789,60000378,Megan Michalsky,29,10
HANNOCC,172468860,50499769,Christopher Hannock,2,2
HANNOCC,172468860,50499769,Christopher Hannock,3,2
HANNOCC,172468860,50499769,Christopher Hannock,4,4
HANNOCC,172468860,50499769,Christopher Hannock,5,6
HANNOCC,172468860,50499769,Christopher Hannock,6,4
HANNOCC,172468860,50499769,Christopher Hannock,12,2
HANNOCC,172468860,50499769,Christopher Hannock,14,4
HANNOCC,172468860,50499769,Christopher Hannock,15,2
HANNOCC,172468860,50499769,Christopher Hannock,16,4
HANNOCC,172468860,50499769,Christopher Hannock,19,4
HANNOCC,172468860,50499769,Christopher Hannock,22,2
HANNOCC,172468860,50499769,Christopher Hannock,23,4
HANNOCC,172468860,50499769,Christopher Hannock,26,4
HANNOCC,172468860,50499769,Christopher Hannock,28,6
HANNOCC,172468860,50499769,Christopher Hannock,29,6
HANNOCC,172468860,50499769,Christopher Hannock,30,6
HAVENSWA,172462884,50231145,Wayne A. Havens,14,2
HENSSE1,172411002,110016703,Eva Henss2,2,2
HENSSE1,172411002,110016703,Eva Henss2,3,2
HENSSE1,172411002,110016703,Eva Henss2,4,2
HENSSE1,172411002,110016703,Eva Henss2,5,2
HENSSE1,172411002,110016703,Eva Henss2,12,4
HENSSE1,172411002,110016703,Eva Henss2,13,2
HENSSE1,172411002,110016703,Eva Henss2,14,2
HENSSE1,172411002,110016703,Eva Henss2,15,2
HENSSE1,172411002,110016703,Eva Henss2,16,4
HENSSE1,172411002,110016703,Eva Henss2,19,2
HENSSE1,172411002,110016703,Eva Henss2,22,2
HENSSE1,172411002,110016703,Eva Henss2,23,2
HENSSE1,172411002,110016703,Eva Henss2,26,2
HENSSE1,172411002,110016703,Eva Henss2,27,2
HENSSE1,172411002,110016703,Eva Henss2,28,4
HENSSE1,172411002,110016703,Eva Henss2,29,7
HENSSE1,172411002,110016703,Eva Henss2,30,2
HILLWA,172506561,50477607,William A. Hill,2,2
HILLWA,172506561,50477607,William A. Hill,5,2
HILLWA,172506561,50477607,William A. Hill,6,3
HILLWA,172506561,50477607,William A. Hill,12,4
HILLWA,172506561,50477607,William A. Hill,13,4
HILLWA,172506561,50477607,William A. Hill,14,1
HILLWA,172506561,50477607,William A. Hill,15,4
HILLWA,172506561,50477607,William A. Hill,16,4
HILLWA,172506561,50477607,William A. Hill,19,2
HILLWA,172506561,50477607,William A. Hill,20,4
HILLWA,172506561,50477607,William A. Hill,23,3
HILLWA,172506561,50477607,William A. Hill,26,3
HILLWA,172506561,50477607,William A. Hill,27,9
HILLWA,172506561,50477607,William A. Hill,28,2
HILLWA,172506561,50477607,William A. Hill,29,4
HILLWA,172506561,50477607,William A. Hill,30,4
HOPKINMD,172468936,50528654,Matthew D. Hopkins,4,2
JACKSOML,172300351,18553746,Minnie Jackson,15,2
JAISONS,172462935,60001562,Sebastian Jaison Caliankara,2,2
JAISONS,172462935,60001562,Sebastian Jaison Caliankara,3,2
JAISONS,172462935,60001562,Sebastian Jaison Caliankara,4,2
JAISONS,172462935,60001562,Sebastian Jaison Caliankara,5,2
JAISONS,172462935,60001562,Sebastian Jaison Caliankara,12,2
JAISONS,172462935,60001562,Sebastian Jaison Caliankara,13,2
JAISONS,172462935,60001562,Sebastian Jaison Caliankara,14,2
JAISONS,172462935,60001562,Sebastian Jaison Caliankara,15,4
JAISONS,172462935,60001562,Sebastian Jaison Caliankara,16,3
JAISONS,172462935,60001562,Sebastian Jaison Caliankara,19,4
JAISONS,172462935,60001562,Sebastian Jaison Caliankara,20,4
JAISONS,172462935,60001562,Sebastian Jaison Caliankara,22,2
JAISONS,172462935,60001562,Sebastian Jaison Caliankara,26,4
JAISONS,172462935,60001562,Sebastian Jaison Caliankara,27,4
JAISONS,172462935,60001562,Sebastian Jaison Caliankara,28,4
JAISONS,172462935,60001562,Sebastian Jaison Caliankara,29,2
JAYAKUN,172507880,110051629,Nagaraj JAYAKUMAR,2,4
JAYAKUN,172507880,110051629,Nagaraj JAYAKUMAR,3,2
JAYAKUN,172507880,110051629,Nagaraj JAYAKUMAR,4,4
JAYAKUN,172507880,110051629,Nagaraj JAYAKUMAR,5,4
JAYAKUN,172507880,110051629,Nagaraj JAYAKUMAR,6,6
JAYAKUN,172507880,110051629,Nagaraj JAYAKUMAR,12,4
JAYAKUN,172507880,110051629,Nagaraj JAYAKUMAR,13,4
JAYAKUN,172507880,110051629,Nagaraj JAYAKUMAR,14,4
JAYAKUN,172507880,110051629,Nagaraj JAYAKUMAR,15,2
JAYAKUN,172507880,110051629,Nagaraj JAYAKUMAR,19,4
JAYAKUN,172507880,110051629,Nagaraj JAYAKUMAR,22,6
JAYAKUN,172507880,110051629,Nagaraj JAYAKUMAR,23,6
JAYAKUN,172507880,110051629,Nagaraj JAYAKUMAR,26,6
JAYAKUN,172507880,110051629,Nagaraj JAYAKUMAR,27,15
JAYAKUN,172507880,110051629,Nagaraj JAYAKUMAR,28,4
JAYAKUN,172507880,110051629,Nagaraj JAYAKUMAR,29,4
JENKINJM,172468419,17003587,James Jenkins,26,2
JENKINJM,172468419,17003587,James Jenkins,27,4
JOHNSOW,172462798,50519031,William Johnson1,26,2
JORDANRA,172468827,18623214,Ralph A. Jordan,2,2
JORDANRA,172468827,18623214,Ralph A. Jordan,3,2
JORDANRA,172468827,18623214,Ralph A. Jordan,5,2
JORDANRA,172468827,18623214,Ralph A. Jordan,6,2
JORDANRA,172468827,18623214,Ralph A. Jordan,12,2
JORDANRA,172468827,18623214,Ralph A. Jordan,13,6
JORDANRA,172468827,18623214,Ralph A. Jordan,15,2
JORDANRA,172468827,18623214,Ralph A. Jordan,16,2
JORDANRA,172468827,18623214,Ralph A. Jordan,22,4
JORDANRA,172468827,18623214,Ralph A. Jordan,23,2
JORDANRA,172468827,18623214,Ralph A. Jordan,27,10
JORDANRA,172468827,18623214,Ralph A. Jordan,28,2
JORDANRA,172468827,18623214,Ralph A. Jordan,29,2
JORDANRA,172468827,18623214,Ralph A. Jordan,30,2
JOYD,172410541,110018422,Deepa Joy,2,3
JOYD,172410541,110018422,Deepa Joy,3,4
JOYD,172410541,110018422,Deepa Joy,4,4
JOYD,172410541,110018422,Deepa Joy,6,6
JOYD,172410541,110018422,Deepa Joy,12,4
JOYD,172410541,110018422,Deepa Joy,13,4
JOYD,172410541,110018422,Deepa Joy,14,2
JOYD,172410541,110018422,Deepa Joy,15,4
JOYD,172410541,110018422,Deepa Joy,16,4
JOYD,172410541,110018422,Deepa Joy,19,4
JOYD,172410541,110018422,Deepa Joy,20,2
JOYD,172410541,110018422,Deepa Joy,27,4
JOYD,172410541,110018422,Deepa Joy,28,6
JURPALSF,171946595,110015643,Stephen F. Jurpalis,4,8
JURPALSF,171946595,110015643,Stephen F. Jurpalis,12,10
JURPALSF,171946595,110015643,Stephen F. Jurpalis,13,16
JURPALSF,171946595,110015643,Stephen F. Jurpalis,15,8
JURPALSF,171946595,110015643,Stephen F. Jurpalis,19,6
JURPALSF,171946595,110015643,Stephen F. Jurpalis,26,12
JURPALSF,171946595,110015643,Stephen F. Jurpalis,28,16
KASTHUD,172468234,110041123,Deepak Kasthuri,2,2
KASTHUD,172468234,110041123,Deepak Kasthuri,3,5
KASTHUD,172468234,110041123,Deepak Kasthuri,4,3
KASTHUD,172468234,110041123,Deepak Kasthuri,6,2
KASTHUD,172468234,110041123,Deepak Kasthuri,12,4
KASTHUD,172468234,110041123,Deepak Kasthuri,13,2
KASTHUD,172468234,110041123,Deepak Kasthuri,14,5
KASTHUD,172468234,110041123,Deepak Kasthuri,15,2
KASTHUD,172468234,110041123,Deepak Kasthuri,16,4
KASTHUD,172468234,110041123,Deepak Kasthuri,19,2
KASTHUD,172468234,110041123,Deepak Kasthuri,20,2
KASTHUD,172468234,110041123,Deepak Kasthuri,22,2
KASTHUD,172468234,110041123,Deepak Kasthuri,23,6
KASTHUD,172468234,110041123,Deepak Kasthuri,26,3
KASTHUD,172468234,110041123,Deepak Kasthuri,27,2
KASTHUD,172468234,110041123,Deepak Kasthuri,28,10
KASTHUD,172468234,110041123,Deepak Kasthuri,29,8
KASTHUD,172468234,110041123,Deepak Kasthuri,30,6
KASTHUD,172468234,110041123,Deepak Kasthuri,31,3
KESKINS,172300374,50171199,Sabri Keskin,2,2
KESKINS,172300374,50171199,Sabri Keskin,3,2
KESKINS,172300374,50171199,Sabri Keskin,4,6
KESKINS,172300374,50171199,Sabri Keskin,5,4
KESKINS,172300374,50171199,Sabri Keskin,6,2
KESKINS,172300374,50171199,Sabri Keskin,12,4
KESKINS,172300374,50171199,Sabri Keskin,13,2
KESKINS,172300374,50171199,Sabri Keskin,14,4
KESKINS,172300374,50171199,Sabri Keskin,15,4
KESKINS,172300374,50171199,Sabri Keskin,19,2
KESKINS,172300374,50171199,Sabri Keskin,20,4
KESKINS,172300374,50171199,Sabri Keskin,22,2
KESKINS,172300374,50171199,Sabri Keskin,23,2
KESKINS,172300374,50171199,Sabri Keskin,26,2
KESKINS,172300374,50171199,Sabri Keskin,27,2
KESKINS,172300374,50171199,Sabri Keskin,28,2
KESKINS,172300374,50171199,Sabri Keskin,29,2
KESKINS,172300374,50171199,Sabri Keskin,30,2
KIERMAJ,172468071,50128561,H Kierman,12,2
KIERMAJ,172468071,50128561,H Kierman,14,5
KIERMAJ,172468071,50128561,H Kierman,15,2
KIERMAJ,172468071,50128561,H Kierman,23,6
KIERMAJ,172468071,50128561,H Kierman,29,2
KINGJ,172503384,60002027,Josh King,5,7
KINGJ,172503384,60002027,Josh King,29,2
KIRWANKB,171883801,18505541,Kevin B. Kirwan,2,1
KIRWANKB,171883801,18505541,Kevin B. Kirwan,12,2
KONDAPN,172467849,110051670,Nagarojaramani Kondapu,12,6
KONDAPN,172467849,110051670,Nagarojaramani Kondapu,13,4
KONDAPN,172467849,110051670,Nagarojaramani Kondapu,14,4
KONDAPN,172467849,110051670,Nagarojaramani Kondapu,16,2
KUCHMEJ,172462442,60001383,John Kuchmek1,2,2
KUCHMEJ,172462442,60001383,John Kuchmek1,3,3
KUCHMEJ,172462442,60001383,John Kuchmek1,4,8
KUCHMEJ,172462442,60001383,John Kuchmek1,5,4
KUCHMEJ,172462442,60001383,John Kuchmek1,6,4
KUCHMEJ,172462442,60001383,John Kuchmek1,12,2
KUCHMEJ,172462442,60001383,John Kuchmek1,14,4
KUCHMEJ,172462442,60001383,John Kuchmek1,15,2
KUCHMEJ,172462442,60001383,John Kuchmek1,16,2
KUCHMEJ,172462442,60001383,John Kuchmek1,19,2
KUCHMEJ,172462442,60001383,John Kuchmek1,20,2
KUCHMEJ,172462442,60001383,John Kuchmek1,22,2
KUCHMEJ,172462442,60001383,John Kuchmek1,23,4
KUCHMEJ,172462442,60001383,John Kuchmek1,26,4
KUCHMEJ,172462442,60001383,John Kuchmek1,27,4
KUCHMEJ,172462442,60001383,John Kuchmek1,28,2
KUCHMEJ,172462442,60001383,John Kuchmek1,29,2
KUCHMEJ,172462442,60001383,John Kuchmek1,30,2
KUNTALS,172468286,60001696,Subhashini Kuntala1,4,2
LAKHANS,172506491,60002363,Surya K. Lakhani,2,4
LAKHANS,172506491,60002363,Surya K. Lakhani,4,2
LAKHANS,172506491,60002363,Surya K. Lakhani,5,4
LAKHANS,172506491,60002363,Surya K. Lakhani,12,2
LAKHANS,172506491,60002363,Surya K. Lakhani,14,2
LAKHANS,172506491,60002363,Surya K. Lakhani,19,4
LAKHANS,172506491,60002363,Surya K. Lakhani,23,4
LAKHANS,172506491,60002363,Surya K. Lakhani,28,4
LAMBFW,172468927,50622593,Frederick Lamb,2,20
LAMBFW,172468927,50622593,Frederick Lamb,3,10
LAMBFW,172468927,50622593,Frederick Lamb,4,19
LAMBFW,172468927,50622593,Frederick Lamb,5,19
LAMBFW,172468927,50622593,Frederick Lamb,6,8
LAMBFW,172468927,50622593,Frederick Lamb,12,17
LAMBFW,172468927,50622593,Frederick Lamb,13,16
LAMBFW,172468927,50622593,Frederick Lamb,14,15
LAMBFW,172468927,50622593,Frederick Lamb,15,12
LAMBFW,172468927,50622593,Frederick Lamb,16,14
LAMBFW,172468927,50622593,Frederick Lamb,19,20
LAMBFW,172468927,50622593,Frederick Lamb,20,7
LAMBFW,172468927,50622593,Frederick Lamb,22,19
LAMBFW,172468927,50622593,Frederick Lamb,23,21
LAMBFW,172468927,50622593,Frederick Lamb,26,13
LAMBFW,172468927,50622593,Frederick Lamb,27,16
LAMBFW,172468927,50622593,Frederick Lamb,28,14
LAMBFW,172468927,50622593,Frederick Lamb,29,19
LAMBFW,172468927,50622593,Frederick Lamb,30,10
LANGFEM,172228723,60001403,Michael Langfels1,28,4
LANGFEM,172228723,60001403,Michael Langfels1,29,6
LAWRENNC,172468618,50387614,Nicole DeFeo,2,8
LAWRENNC,172468618,50387614,Nicole DeFeo,3,2
LAWRENNC,172468618,50387614,Nicole DeFeo,4,4
LAWRENNC,172468618,50387614,Nicole DeFeo,5,2
LAWRENNC,172468618,50387614,Nicole DeFeo,6,2
LAWRENNC,172468618,50387614,Nicole DeFeo,12,2
LAWRENNC,172468618,50387614,Nicole DeFeo,13,4
LAWRENNC,172468618,50387614,Nicole DeFeo,14,4
LAWRENNC,172468618,50387614,Nicole DeFeo,15,4
LAWRENNC,172468618,50387614,Nicole DeFeo,19,2
LAWRENNC,172468618,50387614,Nicole DeFeo,20,4
LAWRENNC,172468618,50387614,Nicole DeFeo,22,2
LAWRENNC,172468618,50387614,Nicole DeFeo,26,4
LAWRENNC,172468618,50387614,Nicole DeFeo,27,2
LAWRENNC,172468618,50387614,Nicole DeFeo,28,4
LEACHDE,172410235,50424631,David E. Leach IV,2,4
LEACHDE,172410235,50424631,David E. Leach IV,6,2
LEACHDE,172410235,50424631,David E. Leach IV,13,1
LEACHDE,172410235,50424631,David E. Leach IV,14,4
LEACHDE,172410235,50424631,David E. Leach IV,15,13
LEACHDE,172410235,50424631,David E. Leach IV,20,2
LEACHDE,172410235,50424631,David E. Leach IV,22,1
LEACHDE,172410235,50424631,David E. Leach IV,23,4
LEACHDE,172410235,50424631,David E. Leach IV,26,6
LEACHDE,172410235,50424631,David E. Leach IV,27,1
LEACHDE,172410235,50424631,David E. Leach IV,28,1
LEWISA1,172462303,60002180,Ann Lewis,3,2
LEWISA1,172462303,60002180,Ann Lewis,4,2
LEWISA1,172462303,60002180,Ann Lewis,5,2
LEWISA1,172462303,60002180,Ann Lewis,12,2
LEWISA1,172462303,60002180,Ann Lewis,13,4
LEWISA1,172462303,60002180,Ann Lewis,16,4
LEWISA1,172462303,60002180,Ann Lewis,19,2
LEWISA1,172462303,60002180,Ann Lewis,23,2
LEWISA1,172462303,60002180,Ann Lewis,26,4
LEWISA1,172462303,60002180,Ann Lewis,27,2
LEWISA1,172462303,60002180,Ann Lewis,28,2
LEWISA1,172462303,60002180,Ann Lewis,29,2
LINJ,172300365,50408226,Jian Lin,12,2
LINJ,172300365,50408226,Jian Lin,13,4
LINJ,172300365,50408226,Jian Lin,14,6
LINJ,172300365,50408226,Jian Lin,15,2
LINJ,172300365,50408226,Jian Lin,16,2
LINJ,172300365,50408226,Jian Lin,19,2
LINJ,172300365,50408226,Jian Lin,20,2
LINJ,172300365,50408226,Jian Lin,22,4
LINJ,172300365,50408226,Jian Lin,23,2
LINJ,172300365,50408226,Jian Lin,26,2
LINJ,172300365,50408226,Jian Lin,27,4
LINJ,172300365,50408226,Jian Lin,28,2
LINJ,172300365,50408226,Jian Lin,29,2
LINJ,172300365,50408226,Jian Lin,30,6
LIPCHOM,171766479,50352090,Michael Lipchock,2,2
LIPCHOM,171766479,50352090,Michael Lipchock,3,6
LIPCHOM,171766479,50352090,Michael Lipchock,4,4
LIPCHOM,171766479,50352090,Michael Lipchock,5,2
LIPCHOM,171766479,50352090,Michael Lipchock,6,3
LIPCHOM,171766479,50352090,Michael Lipchock,12,2
LIPCHOM,171766479,50352090,Michael Lipchock,13,4
LIPCHOM,171766479,50352090,Michael Lipchock,14,6
LIPCHOM,171766479,50352090,Michael Lipchock,15,4
LIPCHOM,171766479,50352090,Michael Lipchock,16,4
LIPCHOM,171766479,50352090,Michael Lipchock,19,4
LIPCHOM,171766479,50352090,Michael Lipchock,20,4
LIPCHOM,171766479,50352090,Michael Lipchock,22,4
LIPCHOM,171766479,50352090,Michael Lipchock,23,4
LOJ,172469024,60000985,Jimmy Lo1,2,2
LOJ,172469024,60000985,Jimmy Lo1,3,3
LOJ,172469024,60000985,Jimmy Lo1,4,2
LOJ,172469024,60000985,Jimmy Lo1,5,2
LOJ,172469024,60000985,Jimmy Lo1,6,2
LOJ,172469024,60000985,Jimmy Lo1,12,4
LOJ,172469024,60000985,Jimmy Lo1,13,3
LOJ,172469024,60000985,Jimmy Lo1,14,2
LOJ,172469024,60000985,Jimmy Lo1,15,2
LOJ,172469024,60000985,Jimmy Lo1,16,2
LOJ,172469024,60000985,Jimmy Lo1,19,3
LOJ,172469024,60000985,Jimmy Lo1,20,2
LOJ,172469024,60000985,Jimmy Lo1,22,2
LOJ,172469024,60000985,Jimmy Lo1,27,4
LOJ,172469024,60000985,Jimmy Lo1,28,4
LOJ,172469024,60000985,Jimmy Lo1,29,2
LOJ,172469024,60000985,Jimmy Lo1,30,2
MACLAUTT,172468118,3016678,Tammy T. Maclaughlin,27,5
MACLAUTT,172468118,3016678,Tammy T. Maclaughlin,28,1
MACLAUTT,172468118,3016678,Tammy T. Maclaughlin,29,2
MANONM1,172468915,60000541,Manfredo Manon3,2,2
MANONM1,172468915,60000541,Manfredo Manon3,3,2
MANONM1,172468915,60000541,Manfredo Manon3,4,4
MANONM1,172468915,60000541,Manfredo Manon3,5,2
MANONM1,172468915,60000541,Manfredo Manon3,6,2
MANONM1,172468915,60000541,Manfredo Manon3,12,2
MANONM1,172468915,60000541,Manfredo Manon3,13,4
MANONM1,172468915,60000541,Manfredo Manon3,14,8
MANONM1,172468915,60000541,Manfredo Manon3,16,2
MANONM1,172468915,60000541,Manfredo Manon3,19,4
MANONM1,172468915,60000541,Manfredo Manon3,20,2
MANONM1,172468915,60000541,Manfredo Manon3,22,2
MANONM1,172468915,60000541,Manfredo Manon3,23,2
MANONM1,172468915,60000541,Manfredo Manon3,26,6
MANONM1,172468915,60000541,Manfredo Manon3,27,6
MANONM1,172468915,60000541,Manfredo Manon3,28,2
MANONM1,172468915,60000541,Manfredo Manon3,29,4
MARKWATF,172468817,50615230,Thomas Markward,3,4
MARKWATF,172468817,50615230,Thomas Markward,4,2
MARKWATF,172468817,50615230,Thomas Markward,5,6
MARKWATF,172468817,50615230,Thomas Markward,6,4
MARKWATF,172468817,50615230,Thomas Markward,12,4
MARKWATF,172468817,50615230,Thomas Markward,13,6
MARKWATF,172468817,50615230,Thomas Markward,14,4
MARKWATF,172468817,50615230,Thomas Markward,15,4
MARKWATF,172468817,50615230,Thomas Markward,19,4
MARKWATF,172468817,50615230,Thomas Markward,20,3
MARKWATF,172468817,50615230,Thomas Markward,22,4
MARKWATF,172468817,50615230,Thomas Markward,23,4
MARKWATF,172468817,50615230,Thomas Markward,26,6
MARKWATF,172468817,50615230,Thomas Markward,27,2
MARKWATF,172468817,50615230,Thomas Markward,28,5
MARKWATF,172468817,50615230,Thomas Markward,29,2
MARKWATF,172468817,50615230,Thomas Markward,30,4
MAZZELAJ,172462652,50218969,Armand J. Mazzella,2,2
MAZZELAJ,172462652,50218969,Armand J. Mazzella,3,2
MAZZELAJ,172462652,50218969,Armand J. Mazzella,4,2
MAZZELAJ,172462652,50218969,Armand J. Mazzella,5,2
MAZZELAJ,172462652,50218969,Armand J. Mazzella,6,2
MAZZELAJ,172462652,50218969,Armand J. Mazzella,12,2
MAZZELAJ,172462652,50218969,Armand J. Mazzella,13,2
MAZZELAJ,172462652,50218969,Armand J. Mazzella,14,2
MAZZELAJ,172462652,50218969,Armand J. Mazzella,15,4
MAZZELAJ,172462652,50218969,Armand J. Mazzella,16,2
MAZZELAJ,172462652,50218969,Armand J. Mazzella,19,4
MAZZELAJ,172462652,50218969,Armand J. Mazzella,20,2
MAZZELAJ,172462652,50218969,Armand J. Mazzella,22,2
MAZZELAJ,172462652,50218969,Armand J. Mazzella,23,4
MAZZELAJ,172462652,50218969,Armand J. Mazzella,26,2
MAZZELAJ,172462652,50218969,Armand J. Mazzella,27,4
MAZZELAJ,172462652,50218969,Armand J. Mazzella,28,4
MAZZELAJ,172462652,50218969,Armand J. Mazzella,29,7
MAZZELAJ,172462652,50218969,Armand J. Mazzella,30,4
MCATEEAK,172468103,50429620,Anne McAteer,2,2
MCATEEAK,172468103,50429620,Anne McAteer,3,2
MCATEEAK,172468103,50429620,Anne McAteer,4,4
MCATEEAK,172468103,50429620,Anne McAteer,5,4
MCATEEAK,172468103,50429620,Anne McAteer,6,4
MCATEEAK,172468103,50429620,Anne McAteer,14,4
MCATEEAK,172468103,50429620,Anne McAteer,15,4
MCATEEAK,172468103,50429620,Anne McAteer,16,4
MCATEEAK,172468103,50429620,Anne McAteer,20,2
MCATEEAK,172468103,50429620,Anne McAteer,26,6
MCATEEAK,172468103,50429620,Anne McAteer,27,6
MCATEEAK,172468103,50429620,Anne McAteer,28,4
MCATEEAK,172468103,50429620,Anne McAteer,29,4
MCATEEAK,172468103,50429620,Anne McAteer,30,4
MCKEEVMB,172409576,50273960,Michael B. McKeever,2,4
MCKEEVMB,172409576,50273960,Michael B. McKeever,3,4
MCKEEVMB,172409576,50273960,Michael B. McKeever,4,4
MCKEEVMB,172409576,50273960,Michael B. McKeever,6,5
MCKEEVMB,172409576,50273960,Michael B. McKeever,12,6
MCKEEVMB,172409576,50273960,Michael B. McKeever,13,4
MCKEEVMB,172409576,50273960,Michael B. McKeever,14,4
MCKEEVMB,172409576,50273960,Michael B. McKeever,15,2
MCKEEVMB,172409576,50273960,Michael B. McKeever,16,2
MCKEEVMB,172409576,50273960,Michael B. McKeever,19,6
MCKEEVMB,172409576,50273960,Michael B. McKeever,20,4
MCKEEVMB,172409576,50273960,Michael B. McKeever,22,4
MCKEEVMB,172409576,50273960,Michael B. McKeever,23,4
MCKEEVMB,172409576,50273960,Michael B. McKeever,26,4
MCKEEVMB,172409576,50273960,Michael B. McKeever,27,4
MCKEEVMB,172409576,50273960,Michael B. McKeever,28,4
MCKEEVMB,172409576,50273960,Michael B. McKeever,29,4
MCKEEVMB,172409576,50273960,Michael B. McKeever,30,4
MENSINI,172412236,60001809,Imelda Mensing2,2,7
MENSINI,172412236,60001809,Imelda Mensing2,3,2
MENSINI,172412236,60001809,Imelda Mensing2,4,2
MENSINI,172412236,60001809,Imelda Mensing2,5,3
MENSINI,172412236,60001809,Imelda Mensing2,6,3
MENSINI,172412236,60001809,Imelda Mensing2,13,1
MENSINI,172412236,60001809,Imelda Mensing2,14,4
MENSINI,172412236,60001809,Imelda Mensing2,20,1
MENSINI,172412236,60001809,Imelda Mensing2,23,2
MENSINI,172412236,60001809,Imelda Mensing2,26,2
MENSINI,172412236,60001809,Imelda Mensing2,27,1
MENSINI,172412236,60001809,Imelda Mensing2,28,1
MENSINI,172412236,60001809,Imelda Mensing2,29,2
MENSINI,172412236,60001809,Imelda Mensing2,30,2
MERANTJ,172468287,60000933,James Merante1,2,2
MERANTJ,172468287,60000933,James Merante1,3,2
MERANTJ,172468287,60000933,James Merante1,4,2
MERANTJ,172468287,60000933,James Merante1,5,4
MERANTJ,172468287,60000933,James Merante1,12,4
MERANTJ,172468287,60000933,James Merante1,13,4
MERANTJ,172468287,60000933,James Merante1,14,4
MERANTJ,172468287,60000933,James Merante1,15,2
MERANTJ,172468287,60000933,James Merante1,19,2
MERANTJ,172468287,60000933,James Merante1,20,2
MERANTJ,172468287,60000933,James Merante1,21,2
MERANTJ,172468287,60000933,James Merante1,22,2
MERANTJ,172468287,60000933,James Merante1,28,2
MERANTJ,172468287,60000933,James Merante1,29,2
MERANTJ,172468287,60000933,James Merante1,30,2
MERUNKRJ,172508192,60002394,Robert J. Merunka,14,2
MICHALA,172411019,60001256,Adam Michalsky,2,20
MICHALA,172411019,60001256,Adam Michalsky,4,16
MICHALA,172411019,60001256,Adam Michalsky,5,22
MICHALA,172411019,60001256,Adam Michalsky,12,22
MICHALA,172411019,60001256,Adam Michalsky,14,16
MICHALA,172411019,60001256,Adam Michalsky,15,19
MICHALA,172411019,60001256,Adam Michalsky,19,16
MICHALA,172411019,60001256,Adam Michalsky,26,16
MICHALA,172411019,60001256,Adam Michalsky,28,18
MICHALA,172411019,60001256,Adam Michalsky,29,22
MILAZZM,172468916,60001457,Michael Milazzo,2,3
MILAZZM,172468916,60001457,Michael Milazzo,3,4
MILAZZM,172468916,60001457,Michael Milazzo,4,4
MILAZZM,172468916,60001457,Michael Milazzo,5,4
MILAZZM,172468916,60001457,Michael Milazzo,6,6
MILAZZM,172468916,60001457,Michael Milazzo,12,4
MILAZZM,172468916,60001457,Michael Milazzo,13,4
MILAZZM,172468916,60001457,Michael Milazzo,14,4
MILAZZM,172468916,60001457,Michael Milazzo,16,7
MILAZZM,172468916,60001457,Michael Milazzo,29,4
MILAZZM,172468916,60001457,Michael Milazzo,30,3
MILLERBP,172412802,50201217,Brian P. Miller,4,2
MILLERBP,172412802,50201217,Brian P. Miller,5,2
MILLERBP,172412802,50201217,Brian P. Miller,19,4
MILLERBP,172412802,50201217,Brian P. Miller,20,4
MILLERBP,172412802,50201217,Brian P. Miller,21,2
MILLERBP,172412802,50201217,Brian P. Miller,22,4
MISHRAA3,171949854,110043562,Anjani Mishra1,3,2
MISHRAA3,171949854,110043562,Anjani Mishra1,4,6
MISHRAA3,171949854,110043562,Anjani Mishra1,5,6
MISHRAA3,171949854,110043562,Anjani Mishra1,6,6
MISHRAA3,171949854,110043562,Anjani Mishra1,14,4
MISHRAA3,171949854,110043562,Anjani Mishra1,15,2
MISHRAA3,171949854,110043562,Anjani Mishra1,16,2
MISHRAA3,171949854,110043562,Anjani Mishra1,19,12
MISHRAA3,171949854,110043562,Anjani Mishra1,22,4
MISHRAA3,171949854,110043562,Anjani Mishra1,23,4
MISHRAA3,171949854,110043562,Anjani Mishra1,26,2
MISHRAA3,171949854,110043562,Anjani Mishra1,27,6
MISHRAA3,171949854,110043562,Anjani Mishra1,28,2
MISHRAA3,171949854,110043562,Anjani Mishra1,29,2
MISHRAA3,171949854,110043562,Anjani Mishra1,30,4
MITTALA1,172410563,110041127,Ashwani Mittal,2,8
MITTALA1,172410563,110041127,Ashwani Mittal,3,4
MITTALA1,172410563,110041127,Ashwani Mittal,4,6
MITTALA1,172410563,110041127,Ashwani Mittal,5,6
MITTALA1,172410563,110041127,Ashwani Mittal,6,6
MITTALA1,172410563,110041127,Ashwani Mittal,12,4
MITTALA1,172410563,110041127,Ashwani Mittal,13,6
MITTALA1,172410563,110041127,Ashwani Mittal,14,4
MITTALA1,172410563,110041127,Ashwani Mittal,15,8
MITTALA1,172410563,110041127,Ashwani Mittal,16,4
MITTALA1,172410563,110041127,Ashwani Mittal,19,10
MITTALA1,172410563,110041127,Ashwani Mittal,20,4
MITTALA1,172410563,110041127,Ashwani Mittal,22,2
MITTALA1,172410563,110041127,Ashwani Mittal,23,2
MITTALA1,172410563,110041127,Ashwani Mittal,26,8
MITTALA1,172410563,110041127,Ashwani Mittal,27,4
MITTALA1,172410563,110041127,Ashwani Mittal,28,8
MITTALA1,172410563,110041127,Ashwani Mittal,29,13
MITTALA1,172410563,110041127,Ashwani Mittal,30,4
MITTALA1,172410563,110041127,Ashwani Mittal,31,2
MONAHAB1,172410229,60001811,Brendan Monahan1,4,4
MONAHAB1,172410229,60001811,Brendan Monahan1,5,1
MONAHAB1,172410229,60001811,Brendan Monahan1,13,4
MONAHAB1,172410229,60001811,Brendan Monahan1,14,2
MONAHAB1,172410229,60001811,Brendan Monahan1,15,6
MONAHAB1,172410229,60001811,Brendan Monahan1,19,6
MONAHAB1,172410229,60001811,Brendan Monahan1,26,4
MONAHAB1,172410229,60001811,Brendan Monahan1,27,4
MONAHAB1,172410229,60001811,Brendan Monahan1,29,4
MONAHAB1,172410229,60001811,Brendan Monahan1,30,4
MONAHADJ,172411055,3001971,Daniel Monahan,13,2
MONAHADJ,172411055,3001971,Daniel Monahan,14,2
MORSET,172506941,60002458,Tina M. Morse,2,10
MORSET,172506941,60002458,Tina M. Morse,3,6
MORSET,172506941,60002458,Tina M. Morse,4,6
MORSET,172506941,60002458,Tina M. Morse,5,8
MORSET,172506941,60002458,Tina M. Morse,12,6
MORSET,172506941,60002458,Tina M. Morse,13,2
MORSET,172506941,60002458,Tina M. Morse,14,8
MORSET,172506941,60002458,Tina M. Morse,15,8
MORSET,172506941,60002458,Tina M. Morse,23,10
MORSET,172506941,60002458,Tina M. Morse,26,6
MORSET,172506941,60002458,Tina M. Morse,27,8
MORSET,172506941,60002458,Tina M. Morse,28,6
MORSET,172506941,60002458,Tina M. Morse,29,8
MULLENP,172505994,50547633,Patrick Mullen,3,24
MULLENP,172505994,50547633,Patrick Mullen,4,14
MULLENP,172505994,50547633,Patrick Mullen,5,8
MULLENP,172505994,50547633,Patrick Mullen,13,22
MULLENP,172505994,50547633,Patrick Mullen,14,24
MULLENP,172505994,50547633,Patrick Mullen,16,22
MULLENP,172505994,50547633,Patrick Mullen,20,16
MULLENP,172505994,50547633,Patrick Mullen,22,20
MULLENP,172505994,50547633,Patrick Mullen,28,22
MULLENP,172505994,50547633,Patrick Mullen,29,22
MULLENP,172505994,50547633,Patrick Mullen,30,22
MUNDELH2,172468111,50441512,Howard J. Mundell,2,2
MUNDELH2,172468111,50441512,Howard J. Mundell,3,4
MUNDELH2,172468111,50441512,Howard J. Mundell,4,2
MUNDELH2,172468111,50441512,Howard J. Mundell,12,2
MUNDELH2,172468111,50441512,Howard J. Mundell,13,2
MUNDELH2,172468111,50441512,Howard J. Mundell,14,2
MUNDELH2,172468111,50441512,Howard J. Mundell,15,2
MUNDELH2,172468111,50441512,Howard J. Mundell,16,4
MUNDELH2,172468111,50441512,Howard J. Mundell,19,4
MUNDELH2,172468111,50441512,Howard J. Mundell,20,2
MUNDELH2,172468111,50441512,Howard J. Mundell,22,4
MUNDELH2,172468111,50441512,Howard J. Mundell,23,2
MUNDELH2,172468111,50441512,Howard J. Mundell,27,2
MUNDELH2,172468111,50441512,Howard J. Mundell,28,2
MUNDELH2,172468111,50441512,Howard J. Mundell,29,2
MUNDELH2,172468111,50441512,Howard J. Mundell,30,4
NATESAG,172410533,110041268,Gopinath Natesan,2,2
NATESAG,172410533,110041268,Gopinath Natesan,3,2
NATESAG,172410533,110041268,Gopinath Natesan,4,2
NATESAG,172410533,110041268,Gopinath Natesan,5,2
NATESAG,172410533,110041268,Gopinath Natesan,6,4
NATESAG,172410533,110041268,Gopinath Natesan,12,2
NATESAG,172410533,110041268,Gopinath Natesan,13,2
NATESAG,172410533,110041268,Gopinath Natesan,14,2
NATESAG,172410533,110041268,Gopinath Natesan,15,2
NATESAG,172410533,110041268,Gopinath Natesan,16,4
NATESAG,172410533,110041268,Gopinath Natesan,19,2
NATESAG,172410533,110041268,Gopinath Natesan,20,2
NATESAG,172410533,110041268,Gopinath Natesan,21,2
NATESAG,172410533,110041268,Gopinath Natesan,22,2
NATESAG,172410533,110041268,Gopinath Natesan,23,4
NATESAG,172410533,110041268,Gopinath Natesan,26,2
NATESAG,172410533,110041268,Gopinath Natesan,27,2
NATESAG,172410533,110041268,Gopinath Natesan,28,2
NATESAG,172410533,110041268,Gopinath Natesan,29,2
OCONNOJC,172462639,50520762,John C. O'Connor,2,2
OCONNOJC,172462639,50520762,John C. O'Connor,3,2
OCONNOJC,172462639,50520762,John C. O'Connor,4,2
OCONNOJC,172462639,50520762,John C. O'Connor,5,2
OCONNOJC,172462639,50520762,John C. O'Connor,12,2
OCONNOJC,172462639,50520762,John C. O'Connor,13,2
OCONNOJC,172462639,50520762,John C. O'Connor,14,2
OCONNOJC,172462639,50520762,John C. O'Connor,16,4
OCONNOJC,172462639,50520762,John C. O'Connor,19,2
OCONNOJC,172462639,50520762,John C. O'Connor,23,2
OCONNOJC,172462639,50520762,John C. O'Connor,26,2
OCONNOJC,172462639,50520762,John C. O'Connor,27,2
OCONNOJC,172462639,50520762,John C. O'Connor,28,4
OCONNOJC,172462639,50520762,John C. O'Connor,30,2
PARKS,172462622,60001278,Brandon Park,2,2
PARKS,172462622,60001278,Brandon Park,3,6
PARKS,172462622,60001278,Brandon Park,4,2
PARKS,172462622,60001278,Brandon Park,5,4
PARKS,172462622,60001278,Brandon Park,6,2
PARKS,172462622,60001278,Brandon Park,13,4
PARKS,172462622,60001278,Brandon Park,14,2
PARKS,172462622,60001278,Brandon Park,15,2
PARKS,172462622,60001278,Brandon Park,16,2
PARKS,172462622,60001278,Brandon Park,19,4
PARKS,172462622,60001278,Brandon Park,23,2
PARKS,172462622,60001278,Brandon Park,30,2
PELLOCLM,172468813,3000143,Lisa Pellock1,2,2
PELLOCLM,172468813,3000143,Lisa Pellock1,3,4
PELLOCLM,172468813,3000143,Lisa Pellock1,4,4
PELLOCLM,172468813,3000143,Lisa Pellock1,5,2
PELLOCLM,172468813,3000143,Lisa Pellock1,6,2
PELLOCLM,172468813,3000143,Lisa Pellock1,12,4
PELLOCLM,172468813,3000143,Lisa Pellock1,13,4
PELLOCLM,172468813,3000143,Lisa Pellock1,14,4
PELLOCLM,172468813,3000143,Lisa Pellock1,15,2
PELLOCLM,172468813,3000143,Lisa Pellock1,16,2
PELLOCLM,172468813,3000143,Lisa Pellock1,19,4
PELLOCLM,172468813,3000143,Lisa Pellock1,20,2
PELLOCLM,172468813,3000143,Lisa Pellock1,22,4
PELLOCLM,172468813,3000143,Lisa Pellock1,23,4
PELLOCLM,172468813,3000143,Lisa Pellock1,26,6
PELLOCLM,172468813,3000143,Lisa Pellock1,27,7
PELLOCLM,172468813,3000143,Lisa Pellock1,28,4
PELLOCLM,172468813,3000143,Lisa Pellock1,29,2
PELLOCLM,172468813,3000143,Lisa Pellock1,30,2
PERUMAS1,172462440,60001268,Sivananthan Perumalraj1,3,2
PERUMAS1,172462440,60001268,Sivananthan Perumalraj1,5,2
PERUMAS1,172462440,60001268,Sivananthan Perumalraj1,16,4
PERUMAS1,172462440,60001268,Sivananthan Perumalraj1,19,2
PERUMAS1,172462440,60001268,Sivananthan Perumalraj1,23,2
PERUMAS1,172462440,60001268,Sivananthan Perumalraj1,26,2
PERUMAS1,172462440,60001268,Sivananthan Perumalraj1,29,4
PERUMAS1,172462440,60001268,Sivananthan Perumalraj1,30,2
PILARCM2,172412276,50524039,Michael Pilarczyk1,12,8
PILARCM2,172412276,50524039,Michael Pilarczyk1,15,12
PILARCM2,172412276,50524039,Michael Pilarczyk1,19,10
PILARCM2,172412276,50524039,Michael Pilarczyk1,26,14
PILARCM2,172412276,50524039,Michael Pilarczyk1,28,12
PRYCEW,172462575,110047723,Wlatee Pryce1,2,2
PRYCEW,172462575,110047723,Wlatee Pryce1,3,2
PRYCEW,172462575,110047723,Wlatee Pryce1,4,4
PRYCEW,172462575,110047723,Wlatee Pryce1,5,2
PRYCEW,172462575,110047723,Wlatee Pryce1,6,4
PRYCEW,172462575,110047723,Wlatee Pryce1,12,8
PRYCEW,172462575,110047723,Wlatee Pryce1,13,8
PRYCEW,172462575,110047723,Wlatee Pryce1,14,6
PRYCEW,172462575,110047723,Wlatee Pryce1,15,4
PRYCEW,172462575,110047723,Wlatee Pryce1,16,4
PRYCEW,172462575,110047723,Wlatee Pryce1,19,2
PRYCEW,172462575,110047723,Wlatee Pryce1,20,2
PRYCEW,172462575,110047723,Wlatee Pryce1,23,2
PRYCEW,172462575,110047723,Wlatee Pryce1,26,6
PRYCEW,172462575,110047723,Wlatee Pryce1,27,4
PRYCEW,172462575,110047723,Wlatee Pryce1,28,2
PRYCEW,172462575,110047723,Wlatee Pryce1,29,4
PRYCEW,172462575,110047723,Wlatee Pryce1,30,4
RAFFAER,172468823,50348193,Rob Raffaele,3,2
RAFFAER,172468823,50348193,Rob Raffaele,4,2
RAFFAER,172468823,50348193,Rob Raffaele,5,2
RAFFAER,172468823,50348193,Rob Raffaele,6,1
RAFFAER,172468823,50348193,Rob Raffaele,12,1
RAFFAER,172468823,50348193,Rob Raffaele,13,2
RAFFAER,172468823,50348193,Rob Raffaele,14,2
RAFFAER,172468823,50348193,Rob Raffaele,15,2
RAFFAER,172468823,50348193,Rob Raffaele,16,2
RAFFAER,172468823,50348193,Rob Raffaele,19,2
RAFFAER,172468823,50348193,Rob Raffaele,20,4
RAFFAER,172468823,50348193,Rob Raffaele,21,2
RAFFAER,172468823,50348193,Rob Raffaele,23,6
RAFFAER,172468823,50348193,Rob Raffaele,26,3
RAFFAER,172468823,50348193,Rob Raffaele,27,6
RAFFAER,172468823,50348193,Rob Raffaele,29,2
RAFFAER,172468823,50348193,Rob Raffaele,30,4
RAJA,172410557,110041131,Arunaabh Raj,3,4
RAJA,172410557,110041131,Arunaabh Raj,4,9
RAJA,172410557,110041131,Arunaabh Raj,5,4
RAJA,172410557,110041131,Arunaabh Raj,6,8
RAJA,172410557,110041131,Arunaabh Raj,12,6
RAJA,172410557,110041131,Arunaabh Raj,13,10
RAJA,172410557,110041131,Arunaabh Raj,14,8
RAJA,172410557,110041131,Arunaabh Raj,15,4
RAJA,172410557,110041131,Arunaabh Raj,19,10
RAJA,172410557,110041131,Arunaabh Raj,20,9
RAJA,172410557,110041131,Arunaabh Raj,22,4
RAJA,172410557,110041131,Arunaabh Raj,23,10
RAJA,172410557,110041131,Arunaabh Raj,26,6
RAJA,172410557,110041131,Arunaabh Raj,27,6
RAJA,172410557,110041131,Arunaabh Raj,28,15
RAJA,172410557,110041131,Arunaabh Raj,29,12
RAJA,172410557,110041131,Arunaabh Raj,30,12
RAVALSJ,172462653,50516281,Sameer J. Raval,2,2
RAVALSJ,172462653,50516281,Sameer J. Raval,3,2
RAVALSJ,172462653,50516281,Sameer J. Raval,4,8
RAVALSJ,172462653,50516281,Sameer J. Raval,12,4
RAVALSJ,172462653,50516281,Sameer J. Raval,13,2
RAVALSJ,172462653,50516281,Sameer J. Raval,14,6
RAVALSJ,172462653,50516281,Sameer J. Raval,15,4
RAVALSJ,172462653,50516281,Sameer J. Raval,16,4
RAVALSJ,172462653,50516281,Sameer J. Raval,19,4
RAVALSJ,172462653,50516281,Sameer J. Raval,20,8
RAVALSJ,172462653,50516281,Sameer J. Raval,22,4
RAVALSJ,172462653,50516281,Sameer J. Raval,23,4
RAVALSJ,172462653,50516281,Sameer J. Raval,26,6
RAVALSJ,172462653,50516281,Sameer J. Raval,27,6
RAVALSJ,172462653,50516281,Sameer J. Raval,28,4
RAVALSJ,172462653,50516281,Sameer J. Raval,29,2
RAVALSJ,172462653,50516281,Sameer J. Raval,30,2
RICHMOA,172462650,60000344,Andrew Richmond1,12,2
RICHMOA,172462650,60000344,Andrew Richmond1,13,2
RICHMOA,172462650,60000344,Andrew Richmond1,14,2
RICHMOA,172462650,60000344,Andrew Richmond1,15,2
RICHMOA,172462650,60000344,Andrew Richmond1,16,2
RICHMOA,172462650,60000344,Andrew Richmond1,19,2
RICHMOA,172462650,60000344,Andrew Richmond1,20,2
RICHMOA,172462650,60000344,Andrew Richmond1,22,2
RICHMOA,172462650,60000344,Andrew Richmond1,23,2
RICHMOA,172462650,60000344,Andrew Richmond1,26,2
RICHMOA,172462650,60000344,Andrew Richmond1,27,4
RICHMOA,172462650,60000344,Andrew Richmond1,28,2
RICHMOA,172462650,60000344,Andrew Richmond1,29,2
ROLONC,172469027,50638325,Celeste Rolon1,2,2
ROLONC,172469027,50638325,Celeste Rolon1,12,4
ROLONC,172469027,50638325,Celeste Rolon1,13,6
ROLONC,172469027,50638325,Celeste Rolon1,14,4
ROLONC,172469027,50638325,Celeste Rolon1,15,4
ROLONC,172469027,50638325,Celeste Rolon1,16,4
ROLONC,172469027,50638325,Celeste Rolon1,19,4
ROLONC,172469027,50638325,Celeste Rolon1,20,3
ROLONC,172469027,50638325,Celeste Rolon1,23,6
ROLONC,172469027,50638325,Celeste Rolon1,26,2
ROLONC,172469027,50638325,Celeste Rolon1,27,4
ROLONC,172469027,50638325,Celeste Rolon1,28,6
ROLONC,172469027,50638325,Celeste Rolon1,29,4
ROLONC,172469027,50638325,Celeste Rolon1,30,2
SALAMONR,172462878,50362144,Nicholl Salamone,14,2
SALAMONR,172462878,50362144,Nicholl Salamone,26,4
SALAMONR,172462878,50362144,Nicholl Salamone,29,2
SANIKOR,172410644,110042385,Rajesh Sanikommu,2,2
SANIKOR,172410644,110042385,Rajesh Sanikommu,3,2
SANIKOR,172410644,110042385,Rajesh Sanikommu,4,2
SANIKOR,172410644,110042385,Rajesh Sanikommu,13,4
SANIKOR,172410644,110042385,Rajesh Sanikommu,14,4
SANIKOR,172410644,110042385,Rajesh Sanikommu,15,4
SANIKOR,172410644,110042385,Rajesh Sanikommu,16,2
SANIKOR,172410644,110042385,Rajesh Sanikommu,19,4
SANIKOR,172410644,110042385,Rajesh Sanikommu,20,2
SANIKOR,172410644,110042385,Rajesh Sanikommu,23,4
SANIKOR,172410644,110042385,Rajesh Sanikommu,26,4
SANIKOR,172410644,110042385,Rajesh Sanikommu,27,4
SANIKOR,172410644,110042385,Rajesh Sanikommu,28,4
SANIKOR,172410644,110042385,Rajesh Sanikommu,29,4
SANIKOR,172410644,110042385,Rajesh Sanikommu,30,6
SANTILNW,172411538,50305144,Nicholas W. Santillo Jr.,3,4
SANTILNW,172411538,50305144,Nicholas W. Santillo Jr.,4,2
SANTILNW,172411538,50305144,Nicholas W. Santillo Jr.,5,2
SANTILNW,172411538,50305144,Nicholas W. Santillo Jr.,6,4
SANTILNW,172411538,50305144,Nicholas W. Santillo Jr.,12,2
SANTILNW,172411538,50305144,Nicholas W. Santillo Jr.,13,4
SANTILNW,172411538,50305144,Nicholas W. Santillo Jr.,14,1
SANTILNW,172411538,50305144,Nicholas W. Santillo Jr.,15,5
SANTILNW,172411538,50305144,Nicholas W. Santillo Jr.,16,3
SANTILNW,172411538,50305144,Nicholas W. Santillo Jr.,19,4
SANTILNW,172411538,50305144,Nicholas W. Santillo Jr.,20,3
SANTILNW,172411538,50305144,Nicholas W. Santillo Jr.,21,4
SANTILNW,172411538,50305144,Nicholas W. Santillo Jr.,22,3
SANTILNW,172411538,50305144,Nicholas W. Santillo Jr.,23,7
SANTILNW,172411538,50305144,Nicholas W. Santillo Jr.,26,6
SANTILNW,172411538,50305144,Nicholas W. Santillo Jr.,27,4
SANTILNW,172411538,50305144,Nicholas W. Santillo Jr.,28,4
SANTILNW,172411538,50305144,Nicholas W. Santillo Jr.,29,4
SANTILNW,172411538,50305144,Nicholas W. Santillo Jr.,30,5
SCHWARML,172468944,50481432,Melissa L. Schwarzell,12,2
SCHWARML,172468944,50481432,Melissa L. Schwarzell,13,2
SCHWARML,172468944,50481432,Melissa L. Schwarzell,14,2
SCHWARML,172468944,50481432,Melissa L. Schwarzell,15,4
SCHWARML,172468944,50481432,Melissa L. Schwarzell,16,4
SCHWARML,172468944,50481432,Melissa L. Schwarzell,19,2
SCHWARML,172468944,50481432,Melissa L. Schwarzell,20,2
SCHWARML,172468944,50481432,Melissa L. Schwarzell,22,2
SCHWARML,172468944,50481432,Melissa L. Schwarzell,23,2
SCHWARML,172468944,50481432,Melissa L. Schwarzell,26,4
SCHWARML,172468944,50481432,Melissa L. Schwarzell,27,2
SCHWARML,172468944,50481432,Melissa L. Schwarzell,29,4
SCHWARML,172468944,50481432,Melissa L. Schwarzell,30,2
SEVINSK2,172462648,50584125,Kevin Sevinsky1,3,2
SEVINSK2,172462648,50584125,Kevin Sevinsky1,4,2
SEVINSK2,172462648,50584125,Kevin Sevinsky1,5,2
SEVINSK2,172462648,50584125,Kevin Sevinsky1,6,4
SEVINSK2,172462648,50584125,Kevin Sevinsky1,13,2
SEVINSK2,172462648,50584125,Kevin Sevinsky1,15,4
SEVINSK2,172462648,50584125,Kevin Sevinsky1,16,4
SEVINSK2,172462648,50584125,Kevin Sevinsky1,19,4
SEVINSK2,172462648,50584125,Kevin Sevinsky1,22,4
SEVINSK2,172462648,50584125,Kevin Sevinsky1,23,2
SEVINSK2,172462648,50584125,Kevin Sevinsky1,26,4
SEVINSK2,172462648,50584125,Kevin Sevinsky1,27,6
SEVINSK2,172462648,50584125,Kevin Sevinsky1,28,4
SEVINSK2,172462648,50584125,Kevin Sevinsky1,29,4
SEVINSK2,172462648,50584125,Kevin Sevinsky1,30,2
SHARMAN,172469025,60000843,Neeru Sharma,2,4
SHARMAN,172469025,60000843,Neeru Sharma,3,6
SHARMAN,172469025,60000843,Neeru Sharma,12,4
SHARMAN,172469025,60000843,Neeru Sharma,13,2
SHARMAN,172469025,60000843,Neeru Sharma,14,2
SHARMAN,172469025,60000843,Neeru Sharma,16,2
SHARMAN,172469025,60000843,Neeru Sharma,19,2
SHARMAN,172469025,60000843,Neeru Sharma,23,2
SHARMAN,172469025,60000843,Neeru Sharma,26,6
SHARMAN,172469025,60000843,Neeru Sharma,27,2
SHARMAN,172469025,60000843,Neeru Sharma,28,2
SHARMAN,172469025,60000843,Neeru Sharma,29,2
SHARMAN,172469025,60000843,Neeru Sharma,30,2
SHOCKLB,172467784,50301233,Barbara Shockley1,2,4
SHOCKLB,172467784,50301233,Barbara Shockley1,3,4
SHOCKLB,172467784,50301233,Barbara Shockley1,4,6
SHOCKLB,172467784,50301233,Barbara Shockley1,5,2
SHOCKLB,172467784,50301233,Barbara Shockley1,6,4
SHOCKLB,172467784,50301233,Barbara Shockley1,12,6
SHOCKLB,172467784,50301233,Barbara Shockley1,14,2
SHOCKLB,172467784,50301233,Barbara Shockley1,15,2
SHOCKLB,172467784,50301233,Barbara Shockley1,19,4
SHOCKLB,172467784,50301233,Barbara Shockley1,23,2
SHOCKLB,172467784,50301233,Barbara Shockley1,26,2
SHOCKLB,172467784,50301233,Barbara Shockley1,28,2
SHOCKLB,172467784,50301233,Barbara Shockley1,29,2
SHOCKLB,172467784,50301233,Barbara Shockley1,30,2
SIMPSOS1,172296713,60000860,Steve Simpson,5,2
SIMPSOS1,172296713,60000860,Steve Simpson,12,8
SIMPSOS1,172296713,60000860,Steve Simpson,13,4
SIMPSOS1,172296713,60000860,Steve Simpson,15,4
SIMPSOS1,172296713,60000860,Steve Simpson,16,2
SIMPSOS1,172296713,60000860,Steve Simpson,22,2
SIMPSOS1,172296713,60000860,Steve Simpson,23,2
SIMPSOS1,172296713,60000860,Steve Simpson,26,2
SIMPSOS1,172296713,60000860,Steve Simpson,29,6
SMITHB,172468856,50365813,Bryan Smith,2,2
SMITHB,172468856,50365813,Bryan Smith,3,6
SMITHB,172468856,50365813,Bryan Smith,4,2
SMITHB,172468856,50365813,Bryan Smith,5,2
SMITHB,172468856,50365813,Bryan Smith,6,2
SMITHB,172468856,50365813,Bryan Smith,13,2
SMITHB,172468856,50365813,Bryan Smith,14,2
SMITHB,172468856,50365813,Bryan Smith,15,2
SMITHB,172468856,50365813,Bryan Smith,22,2
SMITHB,172468856,50365813,Bryan Smith,23,4
SMITHB,172468856,50365813,Bryan Smith,27,4
SMITHB,172468856,50365813,Bryan Smith,28,4
SMITHB,172468856,50365813,Bryan Smith,29,4
SMITHB,172468856,50365813,Bryan Smith,30,2
SMITHSCL,172468828,50366974,Cheryl Smithson,2,2
SMITHSCL,172468828,50366974,Cheryl Smithson,3,4
SMITHSCL,172468828,50366974,Cheryl Smithson,4,4
SMITHSCL,172468828,50366974,Cheryl Smithson,5,4
SMITHSCL,172468828,50366974,Cheryl Smithson,6,2
SMITHSCL,172468828,50366974,Cheryl Smithson,12,2
SMITHSCL,172468828,50366974,Cheryl Smithson,13,4
SMITHSCL,172468828,50366974,Cheryl Smithson,14,4
SMITHSCL,172468828,50366974,Cheryl Smithson,15,4
SMITHSCL,172468828,50366974,Cheryl Smithson,16,2
SMITHSCL,172468828,50366974,Cheryl Smithson,19,2
SMITHSCL,172468828,50366974,Cheryl Smithson,22,4
SMITHSCL,172468828,50366974,Cheryl Smithson,23,2
SMITHSCL,172468828,50366974,Cheryl Smithson,26,2
SMITHSCL,172468828,50366974,Cheryl Smithson,27,2
SMITHSCL,172468828,50366974,Cheryl Smithson,28,4
SMITHSCL,172468828,50366974,Cheryl Smithson,29,4
SMITHSCL,172468828,50366974,Cheryl Smithson,30,2
STABILJ,171763992,110036542,John Stabile1,12,2
STABILJ,171763992,110036542,John Stabile1,13,4
STABILJ,171763992,110036542,John Stabile1,14,2
STABILJ,171763992,110036542,John Stabile1,15,2
STAUFFMW,172570638,50049784,Mitchell W. Stauffer,2,2
STAUFFMW,172570638,50049784,Mitchell W. Stauffer,3,4
STAUFFMW,172570638,50049784,Mitchell W. Stauffer,4,3
STAUFFMW,172570638,50049784,Mitchell W. Stauffer,5,2
STAUFFMW,172570638,50049784,Mitchell W. Stauffer,26,2
STAUFFMW,172570638,50049784,Mitchell W. Stauffer,27,5
STAUFFMW,172570638,50049784,Mitchell W. Stauffer,28,3
STAUFFMW,172570638,50049784,Mitchell W. Stauffer,29,4
STEFENSG,172468445,60001262,Susan Stefencavage,13,2
STEFENSG,172468445,60001262,Susan Stefencavage,19,2
STEFENSG,172468445,60001262,Susan Stefencavage,20,2
STEFENSG,172468445,60001262,Susan Stefencavage,22,4
STEFENSG,172468445,60001262,Susan Stefencavage,29,2
SWAMINR,172505151,60001810,Radhakrishnan Swaminathan1,2,2
SWAMINR,172505151,60001810,Radhakrishnan Swaminathan1,3,2
SWAMINR,172505151,60001810,Radhakrishnan Swaminathan1,4,2
SWAMINR,172505151,60001810,Radhakrishnan Swaminathan1,5,2
SWAMINR,172505151,60001810,Radhakrishnan Swaminathan1,12,4
SWAMINR,172505151,60001810,Radhakrishnan Swaminathan1,13,4
SWAMINR,172505151,60001810,Radhakrishnan Swaminathan1,14,4
SWAMINR,172505151,60001810,Radhakrishnan Swaminathan1,23,2
SWAMINR,172505151,60001810,Radhakrishnan Swaminathan1,26,3
SWAMINR,172505151,60001810,Radhakrishnan Swaminathan1,28,2
SWAMINR,172505151,60001810,Radhakrishnan Swaminathan1,29,4
SWAMINR,172505151,60001810,Radhakrishnan Swaminathan1,30,4
TANGAREJ,172468846,50297720,Eric J. Tangarone,2,4
TANGAREJ,172468846,50297720,Eric J. Tangarone,3,4
TANGAREJ,172468846,50297720,Eric J. Tangarone,4,4
TANGAREJ,172468846,50297720,Eric J. Tangarone,5,4
TANGAREJ,172468846,50297720,Eric J. Tangarone,6,4
TANGAREJ,172468846,50297720,Eric J. Tangarone,12,4
TANGAREJ,172468846,50297720,Eric J. Tangarone,13,4
TANGAREJ,172468846,50297720,Eric J. Tangarone,14,4
TANGAREJ,172468846,50297720,Eric J. Tangarone,15,6
TANGAREJ,172468846,50297720,Eric J. Tangarone,16,2
TANGAREJ,172468846,50297720,Eric J. Tangarone,19,4
TANGAREJ,172468846,50297720,Eric J. Tangarone,20,6
TANGAREJ,172468846,50297720,Eric J. Tangarone,22,6
TANGAREJ,172468846,50297720,Eric J. Tangarone,23,4
TANGAREJ,172468846,50297720,Eric J. Tangarone,26,5
TANGAREJ,172468846,50297720,Eric J. Tangarone,27,6
TANGAREJ,172468846,50297720,Eric J. Tangarone,28,4
TANGAREJ,172468846,50297720,Eric J. Tangarone,29,5
TANGAREJ,172468846,50297720,Eric J. Tangarone,30,4
TAYLORJM,172462899,60001331,Jeffrey Taylor,23,2
TAYLORML,172409849,50041705,Marianne L. Taylor,5,2
TAYLORML,172409849,50041705,Marianne L. Taylor,13,6
TAYLORML,172409849,50041705,Marianne L. Taylor,20,2
TAYLORML,172409849,50041705,Marianne L. Taylor,22,2
TAYLORML,172409849,50041705,Marianne L. Taylor,28,2
TAYLORML,172409849,50041705,Marianne L. Taylor,29,2
THIYAGJ,172468478,110049842,Jayachitra Thiyagarajan,3,4
THIYAGJ,172468478,110049842,Jayachitra Thiyagarajan,4,2
THIYAGJ,172468478,110049842,Jayachitra Thiyagarajan,5,2
THIYAGJ,172468478,110049842,Jayachitra Thiyagarajan,12,2
THIYAGJ,172468478,110049842,Jayachitra Thiyagarajan,13,2
THIYAGJ,172468478,110049842,Jayachitra Thiyagarajan,14,2
THIYAGJ,172468478,110049842,Jayachitra Thiyagarajan,15,4
THIYAGJ,172468478,110049842,Jayachitra Thiyagarajan,16,2
THIYAGJ,172468478,110049842,Jayachitra Thiyagarajan,19,2
THIYAGJ,172468478,110049842,Jayachitra Thiyagarajan,20,2
THIYAGJ,172468478,110049842,Jayachitra Thiyagarajan,22,2
THIYAGJ,172468478,110049842,Jayachitra Thiyagarajan,26,2
THIYAGJ,172468478,110049842,Jayachitra Thiyagarajan,27,2
THIYAGJ,172468478,110049842,Jayachitra Thiyagarajan,28,2
THIYAGJ,172468478,110049842,Jayachitra Thiyagarajan,29,2
THOMPSCM,172468110,50295540,Christopher Thompson,2,2
THOMPSCM,172468110,50295540,Christopher Thompson,3,4
THOMPSCM,172468110,50295540,Christopher Thompson,4,4
THOMPSCM,172468110,50295540,Christopher Thompson,5,4
THOMPSCM,172468110,50295540,Christopher Thompson,6,4
THOMPSCM,172468110,50295540,Christopher Thompson,12,4
THOMPSCM,172468110,50295540,Christopher Thompson,13,4
THOMPSCM,172468110,50295540,Christopher Thompson,15,4
THOMPSCM,172468110,50295540,Christopher Thompson,16,4
THOMPSCM,172468110,50295540,Christopher Thompson,19,6
THOMPSCM,172468110,50295540,Christopher Thompson,22,4
THOMPSCM,172468110,50295540,Christopher Thompson,23,2
THOMPSCM,172468110,50295540,Christopher Thompson,26,4
THOMPSCM,172468110,50295540,Christopher Thompson,27,4
THOMPSCM,172468110,50295540,Christopher Thompson,28,4
THOMPSCM,172468110,50295540,Christopher Thompson,29,4
THOMPSCM,172468110,50295540,Christopher Thompson,30,4
TIERNOWA,172468620,50344468,William A. Tierno Jr,12,4
TIERNOWA,172468620,50344468,William A. Tierno Jr,13,4
TIERNOWA,172468620,50344468,William A. Tierno Jr,14,4
TIERNOWA,172468620,50344468,William A. Tierno Jr,15,4
TIERNOWA,172468620,50344468,William A. Tierno Jr,20,6
TIERNOWA,172468620,50344468,William A. Tierno Jr,23,4
TIERNOWA,172468620,50344468,William A. Tierno Jr,26,4
TIERNOWA,172468620,50344468,William A. Tierno Jr,27,5
TIERNOWA,172468620,50344468,William A. Tierno Jr,28,6
TIERNOWA,172468620,50344468,William A. Tierno Jr,29,4
TUTTLED1,172468280,60000282,Dean M. Tuttle,27,2
TYAGIR,172547009,60002684,Rupesh K. Tyagi,2,8
TYAGIR,172547009,60002684,Rupesh K. Tyagi,4,6
TYAGIR,172547009,60002684,Rupesh K. Tyagi,5,10
TYAGIR,172547009,60002684,Rupesh K. Tyagi,14,12
TYAGIR,172547009,60002684,Rupesh K. Tyagi,15,6
TYAGIR,172547009,60002684,Rupesh K. Tyagi,19,6
TYAGIR,172547009,60002684,Rupesh K. Tyagi,22,8
TYAGIR,172547009,60002684,Rupesh K. Tyagi,26,8
TYAGIR,172547009,60002684,Rupesh K. Tyagi,28,10
TYAGIR,172547009,60002684,Rupesh K. Tyagi,29,10
VALLEJED,172409577,3002235,Edward D. Vallejo,12,2
VALLEJED,172409577,3002235,Edward D. Vallejo,26,2
VALLEJED,172409577,3002235,Edward D. Vallejo,27,2
VANNEMA,172468818,50411481,Ann Vanneman,12,4
VANNEMA,172468818,50411481,Ann Vanneman,13,4
VANNEMA,172468818,50411481,Ann Vanneman,16,4
VANNEMA,172468818,50411481,Ann Vanneman,19,4
VANNEMA,172468818,50411481,Ann Vanneman,20,2
VANNEMA,172468818,50411481,Ann Vanneman,26,3
VENKATC,172467177,60000810,Chandan Venkatesh1,29,2
WEINRILA,172462800,50196563,Lauren A. Weinrich,13,10
WEINRILA,172462800,50196563,Lauren A. Weinrich,14,12
WEINRILA,172462800,50196563,Lauren A. Weinrich,26,2
WHITEP,172180424,50576354,Paula White1,15,2
WICOFFM,172409844,60002304,Mark B. Wicoff,2,2
WICOFFM,172409844,60002304,Mark B. Wicoff,3,2
WICOFFM,172409844,60002304,Mark B. Wicoff,4,4
WICOFFM,172409844,60002304,Mark B. Wicoff,6,4
WICOFFM,172409844,60002304,Mark B. Wicoff,12,2
WICOFFM,172409844,60002304,Mark B. Wicoff,13,4
WICOFFM,172409844,60002304,Mark B. Wicoff,14,2
WICOFFM,172409844,60002304,Mark B. Wicoff,19,2
WICOFFM,172409844,60002304,Mark B. Wicoff,20,4
WICOFFM,172409844,60002304,Mark B. Wicoff,22,4
WICOFFM,172409844,60002304,Mark B. Wicoff,23,2
WICOFFM,172409844,60002304,Mark B. Wicoff,26,4
WICOFFM,172409844,60002304,Mark B. Wicoff,27,2
WICOFFM,172409844,60002304,Mark B. Wicoff,28,2
WICOFFM,172409844,60002304,Mark B. Wicoff,29,2
WICOFFM,172409844,60002304,Mark B. Wicoff,30,4
WILDEJR,172468854,60001724,John Wilde,3,2
WILDEJR,172468854,60001724,John Wilde,4,2
WILDEJR,172468854,60001724,John Wilde,5,2
WILDEJR,172468854,60001724,John Wilde,6,2
WILDEJR,172468854,60001724,John Wilde,12,2
WILDEJR,172468854,60001724,John Wilde,19,2
WILDEJR,172468854,60001724,John Wilde,20,2
WILDEJR,172468854,60001724,John Wilde,22,2
WILDEJR,172468854,60001724,John Wilde,23,2
WILDEJR,172468854,60001724,John Wilde,26,2
WILDEJR,172468854,60001724,John Wilde,27,4
WILDEJR,172468854,60001724,John Wilde,29,2
WINKB1,172468237,50616352,Benjamin Wink,3,8
WINKB1,172468237,50616352,Benjamin Wink,12,2
WINKB1,172468237,50616352,Benjamin Wink,13,6
WINKB1,172468237,50616352,Benjamin Wink,14,3
WINKB1,172468237,50616352,Benjamin Wink,23,4
WINTONEJ,172468859,3017829,Eileen Winton,2,2
WINTONEJ,172468859,3017829,Eileen Winton,3,4
WINTONEJ,172468859,3017829,Eileen Winton,4,8
WINTONEJ,172468859,3017829,Eileen Winton,5,4
WINTONEJ,172468859,3017829,Eileen Winton,6,2
WINTONEJ,172468859,3017829,Eileen Winton,12,6
WINTONEJ,172468859,3017829,Eileen Winton,13,8
WINTONEJ,172468859,3017829,Eileen Winton,14,2
WINTONEJ,172468859,3017829,Eileen Winton,15,6
WINTONEJ,172468859,3017829,Eileen Winton,16,4
WINTONEJ,172468859,3017829,Eileen Winton,19,4
WINTONEJ,172468859,3017829,Eileen Winton,20,2
WINTONEJ,172468859,3017829,Eileen Winton,22,8
WINTONEJ,172468859,3017829,Eileen Winton,23,6
WINTONEJ,172468859,3017829,Eileen Winton,26,4
WINTONEJ,172468859,3017829,Eileen Winton,27,6
WINTONEJ,172468859,3017829,Eileen Winton,28,4
WINTONEJ,172468859,3017829,Eileen Winton,29,4
WITHERC2,172462613,60001599,Charles Witherspoon1,2,6
WITHERC2,172462613,60001599,Charles Witherspoon1,3,6
WITHERC2,172462613,60001599,Charles Witherspoon1,4,10
WITHERC2,172462613,60001599,Charles Witherspoon1,5,4
WITHERC2,172462613,60001599,Charles Witherspoon1,6,4
WITHERC2,172462613,60001599,Charles Witherspoon1,12,4
WITHERC2,172462613,60001599,Charles Witherspoon1,13,4
WITHERC2,172462613,60001599,Charles Witherspoon1,14,6
WITHERC2,172462613,60001599,Charles Witherspoon1,15,5
WITHERC2,172462613,60001599,Charles Witherspoon1,16,6
WITHERC2,172462613,60001599,Charles Witherspoon1,19,6
WITHERC2,172462613,60001599,Charles Witherspoon1,20,8
WITHERC2,172462613,60001599,Charles Witherspoon1,22,5
WITHERC2,172462613,60001599,Charles Witherspoon1,23,4
WITHERC2,172462613,60001599,Charles Witherspoon1,26,4
WITHERC2,172462613,60001599,Charles Witherspoon1,27,4
WITHERC2,172462613,60001599,Charles Witherspoon1,28,7
WITHERC2,172462613,60001599,Charles Witherspoon1,29,4
WITHERC2,172462613,60001599,Charles Witherspoon1,30,4
YILMAZNM,172462646,50075099,Nancy M. Yilmaz,3,2
YILMAZNM,172462646,50075099,Nancy M. Yilmaz,5,2
YILMAZNM,172462646,50075099,Nancy M. Yilmaz,6,2
YILMAZNM,172462646,50075099,Nancy M. Yilmaz,12,2
YILMAZNM,172462646,50075099,Nancy M. Yilmaz,14,4
YILMAZNM,172462646,50075099,Nancy M. Yilmaz,15,4
YILMAZNM,172462646,50075099,Nancy M. Yilmaz,19,2
YILMAZNM,172462646,50075099,Nancy M. Yilmaz,20,4
YILMAZNM,172462646,50075099,Nancy M. Yilmaz,22,2
YILMAZNM,172462646,50075099,Nancy M. Yilmaz,28,4
YILMAZNM,172462646,50075099,Nancy M. Yilmaz,29,2
YUENSW,172508181,50493791,Stan B. Yuen,3,8
YUENSW,172508181,50493791,Stan B. Yuen,4,8
YUENSW,172508181,50493791,Stan B. Yuen,5,2
YUENSW,172508181,50493791,Stan B. Yuen,13,4
YUENSW,172508181,50493791,Stan B. Yuen,14,4
YUENSW,172508181,50493791,Stan B. Yuen,15,6
YUENSW,172508181,50493791,Stan B. Yuen,19,2
YUENSW,172508181,50493791,Stan B. Yuen,20,2
YUENSW,172508181,50493791,Stan B. Yuen,23,4
YUENSW,172508181,50493791,Stan B. Yuen,26,8
YUENSW,172508181,50493791,Stan B. Yuen,27,4
YUENSW,172508181,50493791,Stan B. Yuen,28,2
YUENSW,172508181,50493791,Stan B. Yuen,29,10
YUENSW,172508181,50493791,Stan B. Yuen,30,6
ZAMBONM,172462445,60001514,Michael Zambon1,2,2
ZAMBONM,172462445,60001514,Michael Zambon1,3,4
ZAMBONM,172462445,60001514,Michael Zambon1,4,2
ZAMBONM,172462445,60001514,Michael Zambon1,12,2
ZAMBONM,172462445,60001514,Michael Zambon1,13,2
ZAMBONM,172462445,60001514,Michael Zambon1,14,4
ZAMBONM,172462445,60001514,Michael Zambon1,15,4
ZAMBONM,172462445,60001514,Michael Zambon1,19,4
ZAMBONM,172462445,60001514,Michael Zambon1,20,5
ZAMBONM,172462445,60001514,Michael Zambon1,23,1