displayName,logon,badgeId,empNum,empId,dbKey
Guy B. Findon,FINDONGB,null,A002822,24020705,12273197
Daniel Lightner,LIGHTNDL,null,A005834,50433274,12273751
Brandi Matheis-Earnest,MATHEIB2,null,A008601,60001498,12273851
Matthew T. Glavin,GLAVINMT,null,A008503,60001393,12273299
Michael L. Hilbert,HILBERML,null,A000272,5000009,12273445
Casey W. Ferry,FERRYCW,null,A004154,50248995,12273193
Robert A. Mullery,MULLERRA,null,A002359,24006904,12273999
Latisha Dawkins,DAWKINLW,null,A003875,50190205,12273007
Donald Elder,ELDERDE,null,A003046,28007626,12273141
Marcus D. Hightower,HIGHTOM1,null,A017654,60002681,12273443
Dennis Couch,COUCHDJ,172468278,A008080,60000934,12272925
Stan Olive1,OLIVES,null,A007508,60000356,12274075
Michael Randolph1,RANDOLMA,null,A002857,24021120,12274223
William R. Hoerr,HOERRWR,null,A005080,50332087,12273467
Anne McAteer,MCATEEAK,172468103,A005802,50429620,12273871
Daniel Sivar,sivardp,null,A003672,50114015,12274439
Blair S. Glauber,GLAUBEBS,null,A008974,60001882,12273293
Jackie Ackerman,BISHOPJ1,172462671,A006912,50627746,12272721
Eric Mazza,MAZZAE,null,A008075,60000929,12273863
Tricia L. Russo,RUSSOTL,null,A000221,3017835,12274327
Rob Raffaele,RAFFAER,172468823,A005193,50348193,12274207
Jesse P. Horsford,HORSFOJ1,null,A011601,51000347,12273503
Jacob Pack1,PACKJ,null,A007546,60000394,12274087
Monty Stanton,STANTOMD,null,A001218,17000089,12274495
Vincent C. Zito,ZITOV1,null,A014992,110010488,12274825
Aaron Palmquist,PALMQUA,null,A009000,60001909,12274107
Erica Young1,YOUNGE,null,A008172,60001028,12274801
Jeffrey Gaughan1,GAUGHAJ,null,A007808,60000659,12273255
Kenneth Rhiel,RHIELKS,null,A002411,24006978,12274257
Michael Lewis1,LEWISMD,null,A003362,50042211,12273747
Ryan Moore,MOORER4,null,A008643,60001542,12273971
Jeff Brill,BRILLJ1,172503731,A016767,60002484,12272787
John Golya1,GOLYAJ,null,A002355,24006896,12273307
Timothy M. Juch,JUCHT2,null,A003594,50098323,12273607
Jeanine Del Sordo1,DELSORJ,172469017,A008885,60001793,12273033
Ivan Tepen,TEPENIH,null,A001512,17003513,12274587
Denise Dietzmann,DIETZMDP,172508180,A000208,3017573,12273061
Jesse Eckenrode1,ECKENRJE,null,A014963,110009448,12273127
Louis N. Ghilino Jr.,GHILINLN,null,A004664,50305051,12273275
Harikrishna KunigalYoga1,KUNIGAH,null,A015619,110041013,12273685
Brian T. McDonough,MCDONOBT,null,A014897,60002915,12273883
Michael Grondin,GRONDIM,null,A008659,60001559,12273347
Sonali Basak1,BASAKSS,172462674,A000083,3003464,12272657
Don E. Willis,WILLISDE,null,A005757,50425902,12274761
Chris Kahn,KAHNCR,null,A005470,50395083,12273613
Kimberly A. Lawson,MANLEYKA,null,A002780,24014898,12273825
John Dent1,DENTJ,null,A008331,60001218,12273037
Thomas E. Polon,POLONTE,null,A004686,50305075,12274179
David E. McBay,MCBAYDE,null,A003987,50206915,12273873
Dee C. Gillespie,GILLESJC,null,A004734,50305129,12273283
Daniel Monahan,MONAHADJ,172411055,A000065,3001971,12273967
Andrew J. Glass,GLASSAJ,null,A001727,18503458,12273291
William A. Tierno Jr,TIERNOWA,172468620,A005168,50344468,12274607
Brandon G. Cook,COOKBG,null,A004034,50217678,12272909
Ryan Green,GREENRE,null,A004988,50319800,12273333
Kyiem Dyson,DYSONK,172412031,A007132,50654149,12273117
Kevin Gorski,GORSKIK,null,A008538,60001432,12273313
Robert Schmidt,SCHMIDRE,null,A001705,18503191,12274363
Karen E. Diepenbrock,DIEPENKE,null,A000247,3017998,12273059
Donna Ennis,ENNISD,null,A008658,60001558,12273163
Brent E. O'Neill,ONEILLBE,null,A000585,9007999,12274079
James Shepherd,SHEPHEJ,null,A007153,50655702,12274409
Nelson G. Cook,COOKNG,null,A001460,17003305,12272915
Jeremy Rice,RICEJ1,null,A007733,60000584,12274259
Mike Magretto1,MAGRETM,null,A000329,5000167,12273811
Amy Caudill,CAUDILA,null,A007967,60000818,12272853
Richard Ruge2,RUGER1,null,A016958,110051600,12274321
Mandi Motley,MOTLEYME,null,A003545,50087138,12273985
Michael Langfels1,LANGFEM,172228723,A008513,60001403,12273705
Roy O. Dixon,DIXONRO,null,A004460,50285551,12273071
Haylie R. Ballard,BALLARHR,null,A008709,60001611,12272647
Todd Boroski,BOROSKTC,null,A004337,50276689,12272755
Ramesh Alagarswamy1,ALAGARR,172462682,A008136,60000992,12272579
Laura A. Silano,SILANOLA,null,A006436,50545441,12274425
Erin Hall,HOUSTOEG,null,A003773,50154974,12273509
Tammy T. Maclaughlin,MACLAUTT,172468118,A000149,3016678,12273807
Johnny l. McCourt,MCCOURJ,null,A017380,60002635,12273877
John Ocwieja,OCWIEJJD,null,A002390,24006947,12274065
George Oranski,ORANSKG,null,A008006,60000859,12274081
Erica C. Thurman,THURMAE,null,A017357,60002628,12274605
Mark Phillips,PHILLIMC,null,A008019,60000872,12274153
Michael Pilarczyk1,PILARCM2,172412276,A010935,50524039,12274159
Richard A. Sadowski,SADOWSRA,null,A004800,50305206,12274331
Pamela Richardson,RICHARP,null,A008722,60001625,12274267
Samantha S. Harris,HARRISMS,null,A009393,60002306,12273397
Harvey LeChett,LECHETH,null,A015429,110041248,12273717
Matthew A. Lueders,LUEDERMA,null,A005835,50433313,12273791
David Beck,BECKDJ,null,A004319,50275391,12272685
Jennifer Heymann,HEYMANJ,null,A008365,60001252,12273439
Brian Shore1,SHOREB,null,A006017,50479598,12274415
Ronald Holzum,HOLZUMRL,null,A001362,17002851,12273491
Ronald Carr,CARRRW,null,A006166,50496135,12272837
Daniel R. Rokosz,ROKOSZDR,null,A002328,24006856,12274295
Jennifer Birger,MEYERJ,null,A007652,60000502,12273919
Matthew Powell,POWELLM,null,A016464,110051322,12274189
Brandon Park,PARKS,172462622,A008391,60001278,12274117
Nancy Struckhoff,STRUCKNE,null,A001278,17002736,12274529
Mark Valtman,VALTMAMS,null,A000374,5006848,12274649
Tyler Jackson,JACKSOTC,null,A007772,60000623,12273529
Maria Victoria O Laurea1,RAMIREV,null,A005816,50431024,12274219
Jacquelyn Mikulla,MIKULLJ,null,A017754,60002730,12273925
Mark P. Faison,FAISONMP,null,A005298,50363376,12273177
Deepak Kasthuri,KASTHUD,172468234,A015666,110041123,12273615
Minnie Jackson,JACKSOML,172300351,A001960,18553746,12273527
Robert C. Hoffman,HOFFMARC,null,A001311,17002786,12273471
Francisco Cruz,CRUZF,null,A005610,50410452,12272963
Jeffrey Miller2,MILLERJ7,null,A011782,51000576,12273933
Joan Haines1,HAINESJ,172296662,A011775,51000569,12273371
Mark C. Quartucci,QUARTUMC,null,A011616,51000366,12274199
Donald A. Bates,BATESDA,null,A004491,50289381,12272663
David Lafeber,LAFEBEDD,null,A004497,50289511,12273689
Mike McKee,MCKEEMJ,null,A006281,50524032,12273899
Christopher Bolint1,BOLINTC,null,A000874,10008209,12272741
Robin Jacobi,JACOBIRL,null,A001617,17010485,12273531
Jeffrey Linam,LINAMJT,null,A006199,50500944,12273753
Bobby E. Petersen,PETERSRE,null,A017101,60002594,12274141
Cheryl Smithson,SMITHSCL,172468828,A005329,50366974,12274453
billy J. Mayhall,MAYHALBJ,null,A009308,60002221,12273859
Michael S. Connelly,CONNELMS,172462946,A003537,50085802,12272903
Jeremy L. Painter,PAINTEJL,null,A017075,60002587,12274093
Raymond Heiman,HEIMANRT,null,A003730,50131561,12273421
John Eppensteiner1,EPPENSJ,null,A006674,50589601,12273165
Jamie Devine,DEVINEJJ,null,A006043,50482453,12273051
Robert Messmer,MESSMERM,null,A003612,50100275,12273917
Ed Simon,SIMONEA,null,A000122,3016298,12274433
Edgar Lugo,LUGOE,null,A007145,50655107,12273793
David M. Drozd,DROZDDM,null,A002607,24007347,12273099
Raymond Bettleyon,BETTLERD,null,A002492,24007140,12272707
Linda Macauley,HARTMALM,null,A003541,50087002,12273403
Matthew Corson,CORSONMJ,null,A003932,50198714,12272921
Jennifer Hearn1,HEARNJ,null,A011986,51000811,12273417
Travis Henderson,HENDERTL,null,A005993,50475659,12273425
Michael R. Munns,MUNNSMR,null,A011672,51000436,12274005
Donald Nyce,NYCED,null,A004545,50296577,12274057
Robert M. Hildreth,HILDRERM,null,A006376,50537438,12273449
Dan Chila,CHILAD,172462663,A009120,60002031,12272871
Carolyn Mount1,MOUNTC,null,A007433,60000281,12273991
Pedro J. Lopez,LOPEZP1,null,A007963,60000814,12273779
Robert B. Daschbach,DASCHBR,null,A002199,24006518,12272987
Nicholas Arnold1,ARNOLDN,null,A008400,60001287,12272619
Joe Cruz,CRUZJ,null,A003526,50084641,12272965
Lawrence A. D'Angelo Jr,DANGELLA,172468443,A008805,60001712,12272981
Michael Ellis,ELLISMJ,null,A004707,50305100,12273147
Charles Kelley1,KELLEYC,null,A000870,10008200,12273623
William M. Kudaroski,KUDAROWM,null,A002302,24006736,12273679
Thomas Corrigan,CORRIGTF,null,A002629,24007381,12272919
Kimberly Carr,CARRK,null,A017734,60002710,12272833
Cheryl Joyner1,JOYNERC,null,A011810,51000606,12273605
Christopher Beaman,BEAMANC,null,A007864,60000715,12272677
Tawana Dean1,DEANT1,null,A002567,24007266,12273015
Anthony DeCarlo,DECARLAF,null,A002191,24006507,12273019
Bret Johnson,JOHNSOB5,null,A008757,60001663,12273559
Eainn Misner,MISNEREL,null,A003459,50069137,12273949
Darrell Tackett1,TACKETD1,null,A008370,60001257,12274553
Kondra Miller1,MILLERK5,null,A011943,51000767,12273935
Noelle K. Campana,CAMPANN,172468301,A005564,50405288,12272823
Enoch T. Jones Jr,JONESET,null,A000778,10000120,12273581
Angela Thompson,PITTARA1,null,A007347,60000192,12274165
James A. Shelton,SHELTOJA,null,A000929,10008398,12274407
Elizabeth Arriaga1,ARRIAGE,172462679,A005055,50328948,12272623
Steven G. Bolte,BOLTESG,null,A003007,28007547,12272743
Fred C. McIlhattan Jr,MCILHAFC,null,A002821,24019631,12273891
Harrison Toney,TONEYHE,null,A003170,28007864,12274613
Kenny O. Whittle,WHITTLKO,null,A001041,12000071,12274739
Aaron McAlpin,MCALPIAC,null,A006812,50608475,12273869
William Emmert,EMMERTW,null,A002464,24007053,12273153
Christopher Ducret,DUCRETCR,null,A006141,50490786,12273109
Emily T. Hicks,HICKSET,null,A002643,24007408,12273441
Charles Witherspoon1,WITHERC2,172462613,A008697,60001599,12274775
travis t. Conn,CONNCT,null,A016711,60002464,12272901
Sandra Tash,PALMIEST,null,A001921,18507854,12274105
Jay Drewry,DREWRYJ,null,A009053,60001963,12273095
Melinda D. Lair,LAIRMD,null,A004174,50251232,12273695
Bryan Smith,SMITHB,172468856,A005315,50365813,12274447
Roberto Cuevas,CUEVASR,null,A003500,50079238,12272967
Arthur E. Johnsen Sr,JOHNSEAE,null,A001842,18505445,12273557
Mark H. Morton,MORTONMH,null,A008118,60000973,12273979
Mark K. McDonough,MCDONOMK,null,A004030,50217630,12273885
Nicholas Syzonenko,SYZONEN,null,A006624,50579646,12274547
William Eyre,EYREWJ,null,A007362,60000208,12273175
Tyler Fryman,FRYMANT,null,A007253,60000095,12273223
Vishal Modi1,MODIVM,null,A005948,50454315,12273959
Randolph Pankiewicz,PANKIERJ,null,A002644,24007409,12274109
Rodney Blades1,BLADESR,null,A004923,50305345,12272725
Jon D. Welton,WELTONJD,null,A000293,5000062,12274715
Timothy Green,GREENTA,null,A001999,18717579,12273335
Dawn H. Holokan,HOLOKADH,null,A004088,50235003,12273489
Kadeem Pratt,PRATTK,null,A017890,110052155,12274191
Mary Buler,BULERML,null,A002562,24007256,12272807
Melissa Robinson,ALMODOM,172462645,A005045,50326971,12272589
Todd A. Schweitzer,SCHWEITA,null,A004611,50303476,12274373
Bahman Pourtaherian,POURTAB,null,A008057,60000910,12274187
Eric Kennedy,KENNEDE,null,A008931,60001839,12273627
Christine Wesolowski,WESOLOC,null,A009228,60002139,12274721
Michael S. Shutta,SHUTTAMS,null,A001757,18503896,12274419
Scotty W. Wingo,WINGOSW,null,A011469,51000170,12274767
Oscar Garcia,GARCIAOA,null,A007786,60000637,12273241
Dorothy W. Rader,RADERDW,null,A008141,60000997,12274205
Patrick Mullen,MULLENP,172505994,A006448,50547633,12273997
Allen Lewis1,LEWISA,null,A001952,18508697,12273741
Jackie Carrero,CARRERJB,172462666,A005083,50333201,12272831
Frank Basara1,BASARAF,null,A002770,24014526,12272659
Kent Hodgkinson,HODGKIKD,null,A004158,50249154,12273465
Joseph M. Loughmiller,LOUGHMJM,null,A000946,10009809,12273781
Akhil Mohammed,MOHAMMA1,null,A016951,110051595,12273961
DeAndre Lewis,LEWISD1,null,A007676,60000527,12273745
Ray M. Elliott,ELLIOTRM,null,A001320,17002796,12273145
Sean Toolan,TOOLANS,null,A007861,60000712,12274615
Luke W. Glaser,GLASERLW,null,A007107,50653181,12273289
Michael Alexander,ALEXANMS,null,A003631,50104155,12272585
Charles Crow1,CROWCR,null,A003198,28008899,12272957
Dennis Elzie,ELZIEDO,null,A000657,9010932,12273151
Michael Hoffman,HOFFMAMJ,null,A003787,50164869,12273469
Albert Dibella1,DIBELLA,null,A001988,18710166,12273057
Gretchen L. Benhardt,BENHARGL,null,A001530,17003591,12272695
Joshua Quatrone,QUATROJD,null,A004855,50305271,12274201
James F. Perry Sr,PERRYJF,null,A005276,50359771,12274137
Timothy P. Shellman,SHELLMTP,null,A005724,50422226,12274403
Deena Maxwell1,MAXWELD,null,A008050,60000903,12273855
Shelley C. Lane,GENTILS,null,A006031,50481485,12273269
Laura Martin1,JORDANL,null,A006430,50543748,12273597
Matthew H. Lewallen,LEWALLMH,null,A007750,60000601,12273739
Stephanie Wicks-Franklin,WICKSFS1,null,A007818,60000669,12274741
Frederick Lamb,LAMBFW,172468927,A006902,50622593,12273699
Robert MacLean1,MACLEARG,null,A003333,50031460,12273809
Brian P. Miller,MILLERBP,172412802,A003968,50201217,12273931
Rudy Schneider,SCHNEIRH,null,A005882,50437990,12274367
Kate DePhilippo1,DEPHILK,null,A007656,60000506,12273041
Donald Geddes,GEDDESDJ,null,A005777,50427029,12273261
Daniel Drozdowski,DROZDODM,null,A002335,24006864,12273101
David J. Elmer,ELMERDJ,null,A004185,50254053,12273149
James Skrabacz,SKRABAJH,null,A000471,9000180,12274441
Elizabeth M. Doellman,DOELLME,null,A004565,50297741,12273075
Uri Farntrog,FARNTRUT,172462696,A008804,60001711,12273181
Dan R. Strommen,STROMMD,null,A000289,5000053,12274525
Gerald McDermott,MCDERMGP,null,A005253,50358668,12273881
Tina M. Morse,MORSET,172506941,A016637,60002458,12273977
Carrie Wilemon1,WILEMOC,null,A008312,60001198,12274751
Thomas J. Czerw,CZERWTJ,null,A002385,24006937,12272977
Mary Roland,MCELHIMP,null,A002578,24007296,12273887
Thomas Braunworth,BRAUNWTE,null,A001941,18508507,12272775
Keith B. Hansen,HANSENKB,null,A011679,51000444,12273387
Jeffrey Stafford,STAFFOJR,null,A004113,50238070,12274485
Lauren A. Weinrich,WEINRILA,172462800,A003926,50196563,12274711
Eric Boeving,BOEVINEP,null,A006300,50526630,12272735
MaryAnn Goldie,GOLDIEM,null,A017742,60002718,12273305
Scott T. Hartman,HARTMAST,null,A004013,50213497,12273405
David D. Boore,BOORED,null,A002510,24007176,12272747
Matthew D. Hopkins,HOPKINMD,172468936,A006317,50528654,12273495
Michael Novotka1,NOVOTKM,null,A009383,60002296,12274053
Jody Stafford,STAFFOJ,null,A000803,10000182,12274483
Sarah E. Egli,LEEPERSE,null,A006567,50564904,12273727
Logan V. Hindman,HINDMALV,null,A007147,50655157,12273459
Jennifer A. Milakeve,MILAKEJA,null,A006342,50530649,12273927
Sunil Patil1,PATILSR,null,A004016,50213550,12274121
Edwin F. Winton,WINTONEF,null,A011648,51000407,12274771
Gregory A. Swibold,SWIBOLGA,null,A000496,9000240,12274545
Jayshree Ranjan1,RANJANJ,null,A009442,60002355,12274225
David J. Winer,WINERDJ,null,A001018,12000021,12274765
Kaylee Bayes,BAYESKB,null,A005854,50434674,12272673
Brian Worthington,WORTHIB,null,A016546,60002437,12274789
Ronald J. Delisio,DELISIRJ,null,A002222,24006572,12273029
Marcia L. McFarland,MCFARLML,null,A002262,24006651,12273889
Daniel L. Christenson,CHRISTDL,null,A004987,50319796,12272877
Dominic DeGrazia,DEGRAZD,171766913,A007698,60000549,12273025
Randall S. Downey,DOWNEYRS,null,A000494,9000237,12273089
Anthony Cacchiola1,CACCHIA,null,A008100,60000955,12272821
Mary Drechsler,DRECHSME,null,A004813,50305221,12273091
Sivananthan Perumalraj1,PERUMAS1,172462440,A008381,60001268,12274139
Anthony J. Lopez,LOPEZAJ,null,A005713,50421137,12273777
Jose C. Solano,SOLANOJC,null,A005703,50420083,12274469
Melissa A. Spitzner,SPITZNMA,null,A003908,50193833,12274475
Victoria Kunda1,KUNDAV,null,A006895,50618553,12273683
Alikhan Bertot1,BERTOTA,171556234,A005488,50396021,12272705
scott briggs1,BRIGGSS,null,A008645,60001545,12272785
Brian F. Jacobus,JACOBUBF,null,A011604,51000351,12273535
Joseph Romaine,ROMAINJG,null,A001140,14004515,12274299
Joyce Creel,CREELJL,null,A002975,27002056,12272947
Arturo Lopez1,LOPEZA,null,A008529,60001421,12273775
Havier Cervantes1,CERVANH,null,A004954,50315427,12272857
David Cunningham,CUNNINDA,null,A003458,50069084,12272973
William Reedy1,REEDYW,null,A007553,60000401,12274235
David Chitty,CHITTYDP,null,A004340,50277432,12272873
Rebecca Ashack,ASHACKRL,null,A005499,50397145,12272629
Kira L. Shamblin,RICHARKL,null,A006499,50552955,12274263
Jason Yowonske,YOWONSJR,null,A006608,50571215,12274809
Rebecca L. Joshu,JOSHURL,null,A000177,3017079,12273601
Nathan R. Koch,KOCHNR,null,A005123,50340354,12273661
Art Reed,REEDAE,null,A009128,60002039,12274231
Ann Lewis,LEWISA1,172462303,A009269,60002180,12273743
Courtney M. Munir,PALMERC1,null,A008209,60001067,12274099
Eric Dvorachek1,DVORACE,null,A008981,60001889,12273115
Daniel J. Ingstrup,INGSTRDJ,null,A006062,50482507,12273523
Cheri Reis,REISCL,null,A006864,50612320,12274249
Timothy Lee,LEETS,null,A004399,50281430,12273729
Brenda Wall,WALLB,null,A009315,60002228,12274691
Bill W. Kerr,KERRB,null,A009295,60002208,12273631
Armand J. Mazzella,MAZZELAJ,172462652,A004038,50218969,12273865
Juan Donoso1,DONOSOJ,172411018,A006837,50610417,12273083
Jeromy M. Scanlon,SCANLOJ,null,A010922,50515047,12274357
Jason Young1,YOUNGJ1,null,A007495,60000343,12274805
Jane Moore,MOOREJE,null,A002698,24007505,12273969
Pamela J. Riley,RILEYPJ,null,A002540,24007223,12274275
James N. Davis,DAVISJN,null,A001745,18503714,12273001
Jeremy Waite,WAITEJM,null,A004956,50315444,12274681
Charles Gibson,GIBSONCJ,null,A003217,28010088,12273279
Daniel Noto1,NOTOD,null,A009435,60002348,12274049
Thomas Gercie,GERCIETM,null,A004107,50237993,12273271
Tony Byrd,BYRDTL,null,A001033,12000062,12272819
Susan M. De Bartoli,DEBARTSM,null,A000610,9008473,12273017
Josh Deal1,DEALJ,null,A008166,60001022,12273011
Anthony Nokovich,NOKOVIAM,null,A004572,50299166,12274045
Justin Minson1,MINSONJ,null,A006858,50611010,12273945
Kevin A. Lowry,LOWRYKA,null,A005342,50367958,12273785
James C. Baer,BAERJC,null,A006316,50528647,12272637
Laura Orfe1,ORFEL2,null,A011221,50597848,12274083
Charles Aurilia,AURILICA,null,A001668,18502746,12272635
Carl Bergen1,BERGENCA,null,A002860,24021554,12272699
Clint James,JAMESCA,null,A004173,50251222,12273541
John W. Scofield,SCOFIEJW,null,A004235,50263343,12274379
Charles Van Horne,VANHORCD,null,A006125,50488198,12274653
Michael Beauchesne1,BEAUCHM,null,A003760,50147417,12272681
John A. Martino II,MARTINJ7,null,A006610,50571217,12273841
Sim I. Turay,TURAYSI,null,A010912,50509168,12274631
Kameron Velasquez,VELASQK,null,A016616,60002451,12274659
Donna Short,SHORTDS,null,A001974,18667145,12274417
Ronald L. Barr,BARRRL,null,A004032,50217653,12272655
Daniel G. Ebbing,EBBINGDG,null,A006303,50526690,12273123
Nikole L. Bowen,MCKEEVNL,null,A003317,50027598,12273903
Christopher Tucker,TUCKERC1,null,A007761,60000612,12274625
Jose H. Molina,MOLINAJH,null,A005194,50348198,12273963
Julie Glaeser,BREWERJA,null,A003313,50027566,12272781
Bruce Sladek,SLADEKBE,null,A001499,17003483,12274443
Paula White1,WHITEP,172180424,A011202,50576354,12274731
Nagarojaramani Kondapu,KONDAPN,172467849,A017073,110051670,12273665
Shane Freeman1,FREEMAS,null,A008149,60001005,12273221
Tracie E. Figueroa,FIGUERTE,null,A000234,3017927,12273195
Keith Moyer,MOYERKH,null,A005262,50358851,12273993
Rajesh Sanikommu,SANIKOR,172410644,A015931,110042385,12274345
Kenneth Conrad,CONRADKR,null,A000740,10000068,12272907
Lana Gudin,GUDINL,172547033,A003737,50135657,12273355
Gaetano T. Bommarito,BOMMARGT,null,A001426,17002960,12272745
Wolferd Cravens,CRAVENWA,null,A008699,60001601,12272945
Jason Hollon,HOLLONJS,null,A009102,60002013,12273485
Charles F. Motley,MOTLEYCF,null,A002361,24006906,12273983
Gerold Hoormann,HOORMAGJ,null,A001503,17003489,12273493
Ezat Nayeri1,NAYERIE,null,A007691,60000542,12274027
Christine M. Page,PAGECM,null,A008013,60000866,12274089
Troy Smith,SMITHT5,null,A016857,60002530,12274455
Michael Zieger,ZIEGERM,null,A007003,50643672,12274821
Jeffrey Dana,DANAJM,null,A004265,50269627,12272979
Kyle D. Henegar,HENEGAKD,null,A006232,50511483,12273427
Robert S. Gundersen,GUNDERR,null,A002840,24020763,12273359
Sushma Kesamsetty,KESAMSS,null,A017956,110052189,12273633
Janine E. Adao,ADAOJE,null,A002206,24006538,12272573
kaitlin szedlar1,SZEDLAK,null,A008027,60000880,12274549
Jessie A. Harris,HARRISJ4,null,A003736,50135642,12273395
Robert W. Johnston,JOHNSTRW,null,A002406,24006972,12273575
Kevin B. Kirwan,KIRWANKB,172506022,A001849,18505541,12273651
Lawrence Pennock,PENNOCLE,null,A001733,18503538,12274129
John Saltern,SALTERJ,null,A004156,50249029,12274341
Angela M. Davis,JONESA2,null,A000709,9016970,12273577
Antonio Oliviero,OLIVIEA,null,A001990,18711935,12274077
Thomas Baxter1,BAXTERT,172462443,A008653,60001553,12272671
Nancy Hollingsworth,HOLLINN,null,A008565,60001460,12273483
Matthew Maher1,MAHERM,null,A011742,51000521,12273813
Michael Cunard,CUNARDMP,null,A005241,50356461,12272971
Katie T. Angstadt,ANGSTAKT,null,A014926,110001301,12272605
Salvador Navar1,NAVARS,null,A004506,50289609,12274025
Bobby L. Robinett,ROBINEBL,null,A001450,17003060,12274283
Jason DePaul1,DEPAULJ2,172462614,A009045,60001955,12273039
Michael E. Bauer,BAUERME,null,A002785,24017098,12272667
Gilberto Flores,FLORESGG,null,A004278,50271708,12273205
Brittany Manassero1,MANASSB,null,A008938,60001846,12273817
Lance E. Rogers,ROGERSLE,null,A005122,50340345,12274293
Theresa Duba,DUBATJ,null,A000503,9000266,12273103
Tyler Beams,BEAMST,null,A008854,60001761,12272679
Michael Watts,WATTSML,null,A002016,18732461,12274705
Michael Clarke,CLARKEMS,171765320,A005024,50323983,12272881
William Varley,VARLEYWM,null,A001172,14005713,12274657
Stephen S. Demofonte,DEMOFOS,null,A002285,24006701,12273035
Herminio Echevarria,ECHEVAH,null,A003282,50021026,12273125
Nicole DeFeo,LAWRENNC,172468618,A005443,50387614,12273711
Lisa C. Eley,ELEYLC,null,A000240,3017978,12273143
Rodney Bias,BIASRA,null,A003208,28008971,12272711
Mark A. Matlock,MATLOCMA,null,A004366,50279191,12273853
Kevin Kublo,KUBLOK,null,A008180,60001037,12273675
Andrew Markwardt1,MARKWAA,null,A008394,60001281,12273833
James Martin1,MARTIJ16,null,A008633,60001532,12273839
Monica Na,NAM,null,A006244,50514260,12274015
Roland Nelson,NELSONRE,null,A000991,11000064,12274033
Lakesha M. Darden,DARDENLM,null,A003349,50037458,12272983
Harisankar Raju,RAJUH,null,A015540,110040042,12274215
John W. Walker Jr.,WALKERJW,null,A005494,50397065,12274687
Howard T. Lehman,LEHMANHT,null,A001001,11000077,12273731
James E. Agravante,AGRAVAJ,172468069,A010716,50240579,12272575
Jason C. Lisiewski,LISIEWJC,null,A005396,50377884,12273761
Kevin W. Westfall,WESTFAKW,null,A003183,28007894,12274725
Matt Dillon,DILLONM,null,A003043,28007619,12273067
Jeff R. Teetor,TEETORJR,null,A003166,28007858,12274581
James E. Keeton,KEETONJE,null,A009029,60001938,12273621
Joshua F. McCrohan,MCCROHJF,null,A005026,50324043,12273879
Anjani Mishra1,MISHRAA3,171949854,A015630,110043562,12273947
Donald Owings,OWINGSD,null,A008772,60001679,12274085
Kathleen Udasco,UDASCOKM,null,A006801,50606394,12274639
Shauna Racicot1,RACICOS,null,A008554,60001448,12274203
Michael Lipchock,LIPCHOM,171766479,A005214,50352090,12273759
Randal Dawson,DAWSONRT,null,A003042,28007614,12273009
Joshua Davis,DAVISJ5,null,A008711,60001613,12272999
Barry Judson1,JUDSONB,null,A001946,18508566,12273609
George Bauer,BAUERGR,null,A001897,18507061,12272665
Melissa E. Litteken,LITTEKME,null,A006475,50550377,12273763
Brian P. McLindon,MCLINDBP,null,A016642,60002460,12273905
Gina Bayes,MYERSGL,null,A001493,17003473,12274013
Mark A. Duchesne,DUCHESMA,null,A005984,50468121,12273107
John Phillips,PHILLIJC,null,A005274,50359768,12274151
Clayton Bishop,BISHOPC,null,A006489,50551097,12272719
Eric Stevenson,STEVENE,null,A005939,50450232,12274507
Joseph Tufaro,TUFAROJ,null,A001741,18503651,12274627
Shannon East,EASTS,null,A009415,60002328,12273121
Lisa Pellock1,PELLOCLM,172468813,A000020,3000143,12274127
William Johnson1,JOHNSOW,172462798,A006262,50519031,12273571
Billy J. Kline,KLINEBJ,null,A005007,50321832,12273653
Joseph A. Green,GREENJA,null,A001949,18508611,12273331
Thomas Markward,MARKWATF,172468817,A006878,50615230,12273835
George Altman1,ALTMANG,null,A009076,60001987,12272593
Diane Johns,JOHNSDJ,null,A005175,50345768,12273555
Tony M. Gilliard Jr,GILLIATM,null,A011403,51000079,12273287
Dawn L. Maynor,MAYNORD,null,A015663,60002886,12273861
Katherine M. Bell,BELLK,172410532,A005844,50433360,12272691
James P. Cox,COXJP,null,A000619,9008490,12272937
Jennifer Farmer,FARMERJL,null,A004504,50289587,12273179
Gloria Turetzkin1,TURETZG,null,A001939,18508486,12274633
William Deckelmann,DECKELBR,null,A005664,50415680,12273021
Lenard Jean-Laurent1,JEANLAL,null,A004621,50305005,12273547
Nicholas W. Santillo Jr.,SANTILNW,172411538,A004747,50305144,12274349
Leah T. Morrison,MORRISLT,null,A002884,26000078,12273975
Gary Akmentins,AKMENTGL,172462651,A001956,18508751,12272577
Donald R. Bradshaw,BRADSHDR,null,A000400,9000046,12272771
Ronnell Hale,HALERF,null,A003270,50018499,12273375
Brian J. Munson Jr,MUNSONBJ,null,A002005,18721391,12274007
Lisa Brooks,BROOKSLR,null,A003016,28007559,12272793
Jon Prawdzik1,PRAWDZJ,null,A002473,24007063,12274193
Zachary Jessen,JESSENZJ,null,A003536,50085788,12273553
Jaime A. Beltran,BELTRAJA,null,A005289,50360907,12272693
Jed Fiscus,FISCUSJA,null,A005887,50438050,12273201
Tremorla D. Gardner,GARDNETD,null,A003288,50021281,12273243
Daphne Kirksey1,KIRKSED,null,A007886,60000737,12273649
Raymond E. Kuba Jr,KUBARE,null,A002783,24015839,12273673
Shawn M. Simpson,LANTERSM,null,A007398,60000244,12273707
Tammy Lonabaugh1,LONABATL,null,A004069,50229839,12273771
Betty A. Hill,HILLBA,null,A000864,10008143,12273453
David C. Arndt,ARNDTDC,null,A000415,9000083,12272617
Andre Hawkins,HAWKINA,null,A004302,50273105,12273413
Crystal N. Grant,GRANTCN,null,A000119,3016243,12273323
Timothy B. Blevins,BLEVINTB,null,A003645,50108180,12272731
Benjamin Maness,MANESSBW,null,A008634,60001533,12273821
Lynn Mcclenahan,MCCLENLM,null,A001590,17007262,12273875
James Merante1,MERANTJ,172468287,A008079,60000933,12273913
Jesse Granger,GRANGEJ,null,A000442,9000130,12273321
Christopher May,MAYCJ,null,A004874,50305292,12273857
Nina Miller,MILLERN,null,A008117,60000972,12273937
Nicholl Salamone,SALAMONR,172462878,A005296,50362144,12274333
Thomas H. Stark,STARKTH,null,A001145,14004525,12274499
James J. Phelps,PHELPSJJ,null,A007618,60000467,12274147
Melanie Horvath1,HORVATM,null,A007229,60000071,12273507
Dante Alday,ALDAYDI,null,A005579,50408163,12272583
Dennis Emory,EMORYD,172462617,A008154,60001010,12273155
Daniel Trush1,TRUSHDD,null,A000373,5006847,12274621
Clinton Wehmeyer,WEHMEYCA,null,A006661,50586409,12274709
Eileen Winton,WINTONEJ,172468859,A000220,3017829,12274773
Robert Passmore,PASSMORO,null,A009010,60001919,12274119
William Smither1,SMITHEW1,null,A008234,60001104,12274449
Michael Zambon1,ZAMBONM,172462445,A008616,60001514,12274817
Parul Garg1,GARGP,172503902,A016097,60002372,12273247
Holly Wheeler1,WHEELEH,null,A009404,60002317,12274729
Jim E. Cowley,COWLEYJE,null,A010747,50305344,12272933
Jeffrey D. Haines,HAINESJD,null,A004787,50305192,12273373
Michael Spaide,SPAIDEMJ,null,A008246,60001128,12274473
David E. Jones,JONESDE,null,A004147,50247217,12273579
Gabriel Bowden,BOWDENGA,null,A004092,50235170,12272759
Steven Zordich,ZORDICSA,null,A000089,3013226,12274827
Holly J. Rotkowitz,ROTKOWHJ,null,A007138,50655098,12274313
Jacob Borden,BORDENJ,null,A008752,60001658,12272751
Jasun L. Stanton,STANTOJL,null,A002754,24008252,12274493
Frank D. Atkinson Jr,ATKINSFD,null,A001573,17007159,12272631
Danny Griswold,GRISWODG,null,A000940,10009330,12273343
Rachel Kennard,KENNARRA,null,A009367,60002280,12273625
Craig Darosh,DAROSHCB,null,A002828,24020725,12272985
Zach Neill,NEILLZ,null,A008847,60001754,12274031
Preston N. Pallas,PALLASPN,null,A003957,50200009,12274097
Michael J. Dexter,DEXTERMJ,172409845,A004519,50293021,12273053
Matthew A. Joop,JOOPMA,null,A003471,50074799,12273595
Brian Ray,RAYBE,null,A005149,50342455,12274229
Michael Tabor,TABORMS,null,A005814,50431021,12274551
Kelly Digerolamo1,DIGEROKA,172462698,A000071,3002566,12273063
Scott Gartland,GARTLAST,null,A005157,50342600,12273249
Benjamin Ritzi1,RITZIB,null,A008929,60001837,12274281
Daniel L. Brenner,BRENNEDL,null,A001322,17002798,12272779
David B. Wildman,WILDMADB,null,A005642,50413322,12274749
Dennis Blevins,BLEVINDN,null,A005871,50436958,12272729
Alexander Indrutz,INDRUTA,null,A008622,60001520,12273521
Jayachitra Thiyagarajan,THIYAGJ,172468478,A015944,110049842,12274591
Jason T. Cheek,CHEEKJT,null,A005600,50409434,12272867
Nathan A. Clark,CLARKNA,null,A003865,50188930,12272885
Walter T. Trotman,TROTMAW1,null,A008849,60001756,12274617
Mark B. Wicoff,WICOFFM,172409844,A009391,60002304,12274743
Shane Crow1,CROWS,null,A007538,60000386,12272961
Michael S. Hannon,HANNONMS,null,A006222,50507232,12273385
Nagaraj JAYAKUMAR,JAYAKUN,172507880,A017009,110051629,12273545
John Gillespie2,GILLESJ2,null,A005708,50420232,12273281
Tony Rigolizzo1,RIGOLIT,null,A008919,60001827,12274273
Charles Robowski,ROBOWSCJ,null,A002306,24006741,12274289
Tyler Burke1,BURKET,null,A007131,50654148,12272811
Manfredo Manon3,MANONM1,172468915,A007690,60000541,12273827
Jason Q. Kinman,KINMANJQ,null,A003847,50184764,12273647
Nick E. Mills,MILLSN,null,A016709,60002462,12273941
Una M. Harrison,HARRISUM,null,A003688,50122342,12273399
Ronnie Cook1,COOKR,null,A008739,60001645,12272917
Miguel Morales,MORALEME,null,A008328,60001215,12273973
Donald Alaimo,ALAIMOD,172468068,A008409,60001296,12272581
David L. Hummel,HUMMELDL,null,A005433,50385745,12273515
Rick R. Westby,WESTBYD,null,A009396,60002309,12274723
Kristina Remelius,SNYDERK2,null,A005626,50411448,12274463
Wesley H. Wood,WOODW1,null,A009304,60002217,12274785
Jodie L. Bays,BAYSJL,null,A003210,28009183,12272675
Tracy Livingston,LIVINGTW,null,A004211,50257199,12273765
Charles Atterton,ATTERTC,null,A007894,60000745,12272633
Joseph Bukowski,BUKOWSJJ,null,A002467,24007057,12272805
George Cox,COXGE,null,A001983,18703169,12272935
Brian Gaylets,GAYLETBC,null,A009177,60002088,12273259
David A. Naturale,NATURADA,null,A003285,50021052,12274021
Penny Farmer,POHLMAPY,null,A000132,3016456,12274175
Barbara Shockley1,SHOCKLB,172467784,A010742,50301233,12274413
John Wilde,WILDEJR,172468854,A008817,60001724,12274747
Varun Gupta,GUPTAV1,172468259,A016870,60002503,12273361
Chris Johnston1,JOHNSTC,null,A009279,60002191,12273573
Craig Johnson,JOHNSOC,null,A006665,50586426,12273561
James M. Errickson,ERRICKJM,null,A005550,50404126,12273169
Mark Patterson1,PATTERM,null,A016944,51000891,12274123
Carolyn Walters,WALTERCS,null,A001081,12000157,12274695
Stacey D. Gress,GRESSSD,null,A006580,50566911,12273337
Chad Reynolds1,REYNOLC,null,A011737,51000516,12274255
Jian Lin,LINJ,172300365,A005585,50408226,12273757
Joseph A. Richardson,RICHARJA,null,A004427,50284062,12274261
Joseph J. Muha,MUHAJJ,null,A001746,18503731,12273995
Kurt Driscoll1,DRISCOK1,null,A008376,60001263,12273097
Kendall Shelhart,SHELGAGL,null,A000841,10002131,12274401
Kevin Nylander1,NYLANDK,null,A008304,60001188,12274059
Manny A. Hernandez,HERNANMA,null,A009238,60002149,12273435
Wlatee Pryce1,PRYCEW,172462575,A015661,110047723,12274195
Clifford Shelton,SHELTOCR,null,A003205,28008963,12274405
Brian Brinker,BRINKEBD,null,A007968,60000819,12272789
Detlef R. Becker,BECKERDR,null,A017318,110051869,12272687
Benjamin Wink,WINKB1,172468237,A006894,50616352,12274769
Brendan Monahan1,MONAHAB1,172410229,A008903,60001811,12273965
Rene Perez,PEREZR,null,A014959,110009107,12274131
Celeste Rolon1,ROLONC,172469027,A006975,50638325,12274297
Jody Carlson,CARLSOJ,null,A008348,60001235,12272827
Abbey Greenberg1,GREENBA,null,A011781,51000575,12273329
Ashwani Mittal,MITTALA1,172410563,A015667,110041127,12273957
Theresa L. Holland,HOLLANTL,null,A001637,18502068,12273481
Marianne L. Taylor,TAYLORML,172409849,A003359,50041705,12274577
Peter J Keenan,KEENANPJ,null,A000072,3002816,12273619
Jennifer Smith1,SMITHJ8,null,A006748,50598903,12274451
Richard L. Farr,FARRRL,null,A004649,50305034,12273183
Nathan Mitchell,MITCHENA,null,A004019,50214856,12273955
Alfonso Rossi,ROSSIAF,null,A002838,24020757,12274309
James J. Chelius,CHELIUJJ,172508177,A000041,3000370,12272869
Dean M. Tuttle,TUTTLED1,172468280,A007434,60000282,12274635
Robert J. Ogden Jr,OGDENRJ,null,A005997,50476614,12274071
Kenya Johnson,JOHNSOK7,null,A009234,60002145,12273563
George Reteguiz,RETEGUG,null,A003693,50123691,12274253
Gabriel Santoyo1,SANTOYG,null,A000380,5009455,12274351
Joseph Conner1,CONNERJ2,null,A008569,60001464,12272905
Kurt Kogler,KOGLERK,null,A008724,60001628,12273663
Alex Fuller1,FULLERA,null,A008327,60001214,12273227
Alison N. Bibb-Carson,BIBBCAAN,null,A015809,60002494,12272713
Sameer J. Raval,RAVALSJ,172462653,A006251,50516281,12274227
Charles A. Anderson,ANDERSCA,null,A005001,50320693,12272601
David E. Leach IV,LEACHDE,172410235,A005743,50424631,12273715
Socratis Arokiyasamy1,AROKIYS1,172508185,A011983,51000808,12272621
Shawn Bunting,BUNTINS,172508435,A005575,50407298,12272809
Zachary Taylor,TAYLORZP,null,A006197,50500921,12274579
Thomas R. Estes,ESTESTR,null,A004866,50305283,12273171
James McKean,MCKEANJA,null,A004202,50256217,12273897
Bond S. Davis Jr,DAVISBS,null,A006111,50486364,12272997
Dante DeStefano,DESTEFDM,172411413,A005498,50397138,12273047
Gerardo Andalon,ANDALOG1,null,A007813,60000664,12272599
Mariano D. Garcia,GARCIAMD,null,A004017,50214829,12273239
Phyllis Garelick,GARELIP,172462692,A005878,50437062,12273245
Eva Henss2,HENSSE1,172411002,A015075,110016703,12273431
Jacob M. Hobson,HOBSONJM,null,A003528,50085462,12273463
Elizabeth Matthews1,MALISZE,null,A006271,50520778,12273815
Greg Rogers,ROGERSGK,null,A003973,50203006,12274291
Chelsea H. Simkins,SIMKINCH,null,A008248,60001130,12274431
Thomas Walck,WALCKTJ,null,A002400,24006960,12274683
Kenneth Fuller,FULLERKC,null,A001446,17003056,12273229
Naveen Bhimasenachar,BHIMASNA,172462957,A003732,50131871,12272709
Jared M. Hoke,HOKEJM,null,A005590,50408293,12273477
Dan L. Crowe,CROWEDL,null,A000100,3015077,12272959
Josh King,KINGJ,172503384,A009116,60002027,12273643
Guadalupe Diaz,DIAZG,null,A003721,50129835,12273055
Steven Walls,WALLSSW,null,A003177,28007881,12274693
Leonardo Nevarez,NEVARELF,null,A003449,50066466,12274035
Patricia Bellinger1,BELLINP,null,A008698,60001600,12272689
Kathleen M. Bernhardt,BERNHAKM,172462673,A000237,3017934,12272703
Jeffrey L. McIntyre,MCINTYJ,null,A005862,50435963,12273893
Kevin Sevinsky1,SEVINSK2,172462648,A006648,50584125,12274391
Richard D. Shackleford,SHACKLRD,null,A005978,50467059,12274397
Sean D. Wheatley,WHEATLSD,null,A011110,50535517,12274727
Joshua Chapman,CHAPMAJP,null,A009035,60001944,12272863
Daniel P. Olis,OLISD,null,A005382,50374580,12274073
Hannah Korte-Runge1,KORTERH,null,A009049,60001959,12273667
Jamie J. Yakes,YAKESJ,null,A016529,60002428,12274797
Alan T. Starks,STARKSAT,null,A005416,50382130,12274497
Jared Jones,JONESJD,null,A005715,50421175,12273587
Roland H. Simon,SIMONRH,null,A001401,17002913,12274435
William Goehringer,GOEHRIWM,null,A001126,14004498,12273301
Matthew Surmeier1,SURMEIMG,null,A004257,50267294,12274539
Christopher Thiel,THIELCJ,null,A005705,50420131,12274589
Joseph Washinski,WASHINJA,null,A002129,24006362,12274701
Randall H. Burkholder,BURKHORH,null,A002192,24006508,12272813
Edgar A. Poe,POEEA,null,A003648,50109187,12274173
Karl Landis,LANDISKE,null,A005768,50425989,12273703
Jake Knight,KNIGHTJE,null,A007842,60000693,12273659
Jeffrey Lape,LAPEJ,null,A017748,60002724,12273709
Anthony J. L'Hote,LHOTEAJ,null,A000436,9000122,12273749
Samuel E. Martin,MARTINSE,null,A003807,50171216,12273845
Ronald A. Hogan Jr,HOGANRA,null,A001360,17002849,12273475
Gwendolyn Dean,DEANG,null,A001256,17002636,12273013
Barry L. Pawelek,PAWELEBL,null,A005486,50395995,12274125
Stephen Hoke,HOKESK,null,A005261,50358850,12273479
James E. Walker,WALKERJE,null,A004254,50267221,12274685
Shannon Hedges,HEDGESSL,null,A005821,50432031,12273419
Dennis Potteiger,POTTEIDG,null,A002831,24020734,12274185
Gregory A. Butler,BUTLERGA,null,A004767,50305168,12272817
Peter Yuan,YUANPZ,null,A006291,50525790,12274811
Trevor J. Gruver,GRUVERT,null,A017660,60002685,12273351
Sean Roscoe,ROSCOESL,null,A001703,18503167,12274303
John Stabile1,STABILJ,171763992,A015144,110036542,12274481
James M. Bozarth,BOZARTJM,null,A004663,50305050,12272769
Cynthia L. Reichart,REICHACL,null,A002843,24020870,12274239
Maria Da Silva,DASILVMF,null,A004826,50305237,12272989
John F. Gillespie,GILLESJF,null,A000410,9000078,12273285
John Kuchmek1,KUCHMEJ,172462442,A008493,60001383,12273677
Marija Petrauskaite,PETRAUM1,null,A007728,60000579,12274143
Karl Silvius,SILVIUK1,null,A007979,60000832,12274429
Mark Saldida1,SALDIDM,null,A007973,60000825,12274337
Kenneth A. Taylor II,TAYLORKA,null,A005284,50360888,12274574
Teresa Bierly,BIERLYTL,null,A000800,10000176,12272717
William Edwards,EDWARDWA,null,A004947,50314590,12273135
Ronald Harvey1,HARVEYR,null,A009318,60002231,12273407
Patricia A. Etedali,ETEDALTA,172296612,A001959,18508945,12273173
Nicholas R. Hlasnick,HLASNINR,null,A006787,50604460,12273461
Martin Salas1,SALASM,null,A003448,50066448,12274335
Adam Michalsky,MICHALA,172411019,A008369,60001256,12273923
John C. O'Connor,OCONNOJC,172462639,A006270,50520762,12274063
Don Vlcek,VLCEKDC,null,A004451,50285326,12274669
Katie M. Kohoutek,NIMANK,null,A008975,60001883,12274043
Steven Sudzina,SUDZINSE,null,A005668,50416653,12274535
Tracy L. Scheibe,SCHEIBTL,null,A003991,50210444,12274361
Steven Creel,CREELSE,null,A000044,3000487,12272949
Gregg A. Hafer,HAFERGA,null,A001677,18502877,12273369
Jarvis Rembert,REMBERJ,null,A007522,60000370,12274251
Lee C. Scott,SCOTTLC,null,A003143,28007821,12274383
Bryan M. Raisor,RAISORBM,null,A011508,51000225,12274211
Chandan Venkatesh1,VENKATC,172467177,A007959,60000810,12274663
Eric Adams1,ADAMSE,null,A011689,51000456,12272571
James Croce1,CROCEJ,null,A008330,60001217,12272953
David W. Cook,COOKD2,null,A003031,28007596,12272911
Michelle Bagge1,BAGGEM,null,A006828,50608516,12272641
Robert J. Gruber,GRUBERRJ,null,A002779,24014584,12273349
John Murray,MURRAYJ1,null,A008259,60001141,12274011
Alpa R. Parikh,PARIKHAR,null,A004829,50305240,12274111
Kurt Rinaldi1,RINALDK,null,A015180,110037322,12274277
Scott Fogelsanger,FOGELSSD,null,A007545,60000393,12273207
Wesley Jones,JONESWI,null,A002324,24006850,12273593
Jerry Couch,COUCHJ,null,A001086,12003959,12272927
Christine M. Wait,WAITCM,null,A004262,50268663,12274679
Matt Corzine,CORZINM,null,A009285,60002197,12272923
Victor W. Whitley,WHITLEVW,null,A001612,17010231,12274735
Angela Michael,MICHAEA,null,A002439,24007016,12273921
Steven D. Casebier,CASEBIS,null,A005295,50362110,12272845
Donald K. Follen,FOLLENDK,null,A004053,50223658,12273209
Lamar Pickett,PICKETL,null,A004576,50300141,12274155
Josh M. Royer,ROYERJM,null,A005269,50358879,12274319
Angela Fasnacht1,FASNACA,172468219,A011773,51000567,12273185
Thomas Hoffstetter,HOFFSTTJ,null,A000971,11000034,12273473
Eugene Tsikalov1,TSIKALE1,null,A008140,60000996,12274623
Kristopher Hopwood,HOPWOOK,null,A008740,60001646,12273499
Anthony J. Scarpa,SCARPAAJ,null,A004758,50305157,12274359
John Golda,GOLDAJS,null,A001761,18503950,12273303
Raymond Fontana,FONTANRJ,null,A002820,24019517,12273211
John Iannello1,IANNELJ,null,A012009,51000842,12273519
Robert M. Secor,SECORRM,null,A004054,50224814,12274385
Lawrence Wooten,WOOTENL,null,A009329,60002242,12274787
Cole F. Hildebrand,HILDEBC,null,A016962,60002548,12273447
Louie Ragan,RAGANLL,null,A004316,50274070,12274209
Bobby J. Hart,HARTBJ,null,A006174,50498243,12273401
Eric Boyer1,BOYERE,null,A007568,60000416,12272763
George W. Gabsewics,GABSEWGW,null,A002550,24007241,12273233
Matthew Carter,CARTERMA,null,A006224,50507250,12272839
Marevic N. Clark,CLARKMN,null,A005174,50345385,12272883
Siddhesh V. Apraj,APRAJSV,172468442,A015566,110046242,12272609
Wesley Smith,SMITHWW,null,A000499,9000247,12274457
Cody R. Cummins,CUMMINCR,null,A016887,60002534,12272969
Sean Willey,WILLEYSP,null,A006606,50570381,12274753
Mary Bambi,BAMBIMA,null,A002552,24007243,12272649
Subhashini Kuntala1,KUNTALS,172468286,A008789,60001696,12273687
Sherman Braxton,BRAXTOS,null,A008683,60001585,12272777
Mario Mancinelli,MANCINM,null,A002280,24006694,12273819
Jeffrey W. Mason,MASONJW,null,A003101,28007738,12273849
Henry R. Perkins,PERKINHR,null,A003128,28007791,12274133
Zach P. Hackett,HACKETZ,null,A017217,60002613,12273367
Billie Suder,SUDERBJ,null,A003162,28007850,12274533
Jose M. Tellez,TELLEZJM,null,A005523,50401266,12274583
Surya K. Lakhani,LAKHANS,172506491,A009450,60002363,12273697
Dolph D. Booth,BOOTHDD,null,A000710,9017003,12272749
Edward Baetzel,BAETZEEL,null,A002841,24020767,12272639
Mitzi R. Combs,COMBSMR,null,A001075,12000142,12272899
Edward Lee,LEEEA,null,A009006,60001915,12273725
Jason D. Craig,CRAIGJD,null,A002198,24006517,12272941
David F. Glauner,GLAUNEDF,null,A004462,50285580,12273297
Brian Hard1,HARDB,null,A005431,50385572,12273391
Joseph Notarangelo,NOTARAJA,null,A003823,50178288,12274047
Mark Plambeck,PLAMBEMM,null,A005858,50434680,12274167
Michael Milazzo,MILAZZM,172468916,A008562,60001457,12273929
Scott D. Reiner,REINERSD,null,A002381,24006931,12274247
Collette Patton,SCHMITC,null,A006881,50615242,12274365
Bruno G. Sciulli,SCIULLBG,null,A002170,24006432,12274377
Radhakrishnan Swaminathan1,SWAMINR,172505151,A008902,60001810,12274541
Kevin M. Ventrone,VENTROKM,null,A006470,50549582,12274665
Luis M. Herrejon,HERREJLM,null,A004912,50305332,12273437
Reginald England,ENGLANR,null,A015073,110013252,12273161
James A. Gable,GABLEJA,null,A002835,24020744,12273231
Todd Gehling1,GEHLINTM,172462691,A006625,50579647,12273265
Imelda Mensing2,MENSINI,172412236,A008901,60001809,12273911
Eileen M. Reidy,REIDYE,null,A005049,50327063,12274243
Eric J. Tangarone,TANGAREJ,172468846,A004557,50297720,12274559
Brian Basham1,BASHAMB,null,A008707,60001609,12272661
Glenn M. Chamberlain,CHAMBEGM,null,A002533,24007210,12272859
Susan Miller,MILLERSJ,null,A002296,24006726,12273939
Dean Thorsen,THORSEDA,null,A000682,9010965,12274603
Ronald Stuart,STUARTRJ,null,A002483,24007080,12274531
Raymond Zimmerman1,ZIMMERR,null,A006552,50562621,12274823
Robert W. Dohoney,DOHONER1,null,A011246,50610438,12273077
Tyler W. Baker,BAKERTW,null,A017800,60002755,12272645
Jimmy Lo1,LOJ,172469024,A008130,60000985,12273769
Kevin Jones,JONESK2,null,A001624,18501903,12273589
Michael B. McKeever,MCKEEVMB,172409576,A004310,50273960,12273901
Jose L. Lozoya,LOZOYAJL,null,A010840,50442464,12273787
Angela M. Griffin,GRIFFIAM,null,A004047,50220274,12273339
Bruce Zhang,ZHANGBY,null,A003239,30000096,12274819
Christina L. Baril,BARILCL,null,A008034,60000887,12272651
Jennifer Oosterhoff,THOMASJ7,null,A007920,60000771,12274595
Tremere D. Grant,GRANTTD,null,A003649,50109253,12273325
Victor E. Guempel,GUEMPEVE,null,A004735,50305130,12273357
Michael Lynn1,LYNNM,null,A011697,51000466,12273799
Terrill E. Wastello,WASTELTE,null,A002437,24007014,12274703
Michael Hopkins,HOPKINML,null,A005753,50425858,12273497
James D. Polys,POLYSJD,null,A003241,50002584,12274181
Roger F. Venable,VENABLRF,null,A011576,51000313,12274661
Arthur Salegna,SALEGNA,null,A009355,60002268,12274339
Michael Cline1,CLINEM,172467187,A008218,60001076,12272887
Dennis P. Stahl,STAHLDP,null,A000680,9010963,12274489
David Forcinito1,FORCINDJ,null,A001858,18505752,12273215
Richard Branding,BRANDIRW,null,A000474,9000186,12272773
Vincent S. Casalnova,CASALNVS,null,A001670,18502789,12272843
Linda Bridwell,BRIDWELC,null,A001068,12000128,12272783
Joseph Rambaldi,RAMBALJJ,null,A004995,50320612,12274217
Martin Robison,ROBISOML,null,A000639,9008883,12274287
Eric T. Wilson,WILSONET,null,A004347,50277546,12274763
Sheila Blaine1,BLAINES,null,A015784,110043162,12272727
George Djurasevic1,DJURASG,null,A011462,51000163,12273073
Darin D. Duncan,DUNCANR1,null,A007327,60000171,12273111
Jacqueline Thomas,THOMASJ5,null,A007290,60000133,12274593
William J. Wruck,WRUCKWJ,null,A004408,50281618,12274793
John J. Graham,GRAHAMJJ,null,A001929,18508136,12273319
David A. Kull,KULLDA,null,A003989,50208967,12273681
Mark Misura,MISURAMA,null,A008636,60001535,12273951
Michael Horn1,HORNMJ,null,A004970,50317576,12273501
John Cooke,COOKEJM,null,A006671,50589591,12272913
Christopher Leight,LEIGHTCJ,null,A004659,50305045,12273733
Clarence Boland,BOLANDCF,null,A001336,17002817,12272739
Richard Gedrich,GEDRICRJ,null,A002444,24007024,12273263
Jeffrey Gream,GREAMJR,null,A003772,50153752,12273327
Oleg A. Kostin,KOSTINO,null,A004753,50305152,12273669
Mark Oeckinghaus,OECKINMR,null,A001753,18503845,12274069
Daniel Bickerton,BICKERDP,null,A003002,28007541,12272715
Larry M. Crone,CRONELM,null,A003214,28010038,12272955
Timothy J. Palmer,PALMERTJ,null,A006313,50528573,12274103
Michael J. Griffith,GRIFFIMJ,null,A004120,50240644,12273341
Thomas Brothers,BROTHET,null,A004398,50280576,12272795
Maria Stravinski,STRAVIMT,null,A002410,24006976,12274521
Robert Lucas1,LUCASRH,null,A000957,10018580,12273789
Richard Tanaka1,TANAKAR,null,A000291,5000057,12274557
William Arvin,ARVINWP,null,A003815,50173103,12272625
Larry A. Wood,WOODLA,null,A000815,10000207,12274779
Everette Mitchell2,MITCHEE2,null,A009446,60002359,12273953
John Edwards1,EDWARDJ,null,A001827,18505162,12273131
Megan Michalsky,HALLGRM,172467789,A007530,60000378,12273377
Randy P. Janota,JANOTARP,null,A000702,9015412,12273543
Matthew J. Fink,FINKMJ,null,A005092,50335963,12273199
Kevin Keane,KEANEKT,null,A001780,18504371,12273617
Arunaabh Raj,RAJA,172410557,A015669,110041131,12274213
Mark Mottert,MOTTERMA,null,A003339,50032625,12273989
Mike Vraninin1,VRANINM,null,A008696,60001598,12274673
Joseph Davignon,DAVIGNJN,null,A004626,50305011,12272993
Thomas J. Mangan III,MANGANTJ,null,A002396,24006954,12273823
Patrick D. Parker,PARKERPD,null,A000934,10009321,12274115
Royston P. Charrier Jr,CHARRIRP,null,A011251,50614217,12272865
Dwayne A. DeClue,DECLUEDA,null,A006252,50516602,12273023
Richard Boyer,BOYERRJ,null,A005267,50358858,12272767
Jose Castillo,CASTILJA,null,A004426,50284053,12272847
David A. Fugitt,FUGITTDA,null,A000318,5000150,12273225
John J. Gallagher,GALLAGJJ,172412458,A000049,3000555,12273235
Christopher K. Lindsey,LINDSECK,null,A001398,17002910,12273755
Matthew A. Sillings,SILLINMA,null,A006873,50614253,12274427
Timothy A. Stone,STONETA,null,A003669,50113938,12274515
Ronald Tarp,TARPRD,null,A004181,50252829,12274561
Adam R. Tilley,TILLEYAR,null,A007399,60000245,12274609
Carolyn S. Volpert,VOLPERCS,null,A005406,50379455,12274671
Bianca Lee,LEEBV,null,A006985,50643440,12273721
Timothy Playter1,PLAYTET,null,A006884,50615793,12274169
Joseph Snyder1,SNYDERJM,null,A007606,60000455,12274461
Kurt A. Stafford,STAFFOKA,null,A008848,60001755,12274487
Keion J. Wright,WRIGHTKJ,null,A009072,60001982,12274791
Nick Suiter,SUITERNR,null,A005827,50433148,12274537
Christopher Bordfeld1,BORDFEC,null,A001793,18504717,12272753
Leland Newell,NEWELLL,null,A008700,60001602,12274037
Richard G. Bitting III,BITTINRG,null,A008803,60001710,12272723
Levi Jones,JONESLE,null,A004233,50262149,12273591
Gregory A. Nungesser,NUNGESGA,null,A002965,27000132,12274055
Douglas Thorn1,THORNDE,null,A001823,18505111,12274601
Gopinath Natesan,NATESAG,172410533,A015991,110041268,12274019
Thomas O'Drain,ODRAINT,null,A008213,60001071,12274067
Carroll Williams,WILLIACL,null,A002933,27000063,12274755
Jeremy Risden,RISDENJD,null,A000849,10007147,12274279
Peter L. Swartzentruber,SWARTZPL,null,A002758,24008673,12274543
Scott M. Pocaro,POCAROSM,null,A004601,50302525,12274171
Takisha Walker,WALKERTD,null,A000116,3016239,12274689
Jim Hatfield,HATFIEJ,null,A001552,17007123,12273409
Spencer Ward,WARDSC,null,A003748,50139421,12274699
Scarlett Jelly,JELLYSV,null,A004220,50258638,12273549
Chad Bowers1,BOWERSC,null,A005258,50358838,12272761
Doreene Bennett,BENNETD2,172547038,A000216,3017603,12272697
Nicholas Rutkowski1,RUTKOWN1,null,A008460,60001347,12274329
Edward Anderson1,ANDERSE,null,A004710,50305103,12272603
Daniel Hufton,HUFTONDJ,null,A002782,24015781,12273513
Matthew J. Macek,MACEKMJ,null,A003924,50196498,12273805
Steve Simpson,SIMPSOS1,172296713,A008007,60000860,12274437
Gordon Eggers,EGGERSGM,null,A007298,60000141,12273137
Greg Mcallister,MCALLIGE,null,A000630,9008518,12273867
James M. Runzer,RUNZERJM,null,A001729,18503482,12274323
Keith Young,YOUNGKE,null,A000883,10008226,12274807
Matthew Wood2,WOODM,null,A008681,60001583,12274781
David M. Lemmon,LEMMONDM,null,A000611,9008475,12273735
Danny Mottern,MOTTERDJ,null,A004502,50289578,12273987
Greg Ross1,ROSSG1,null,A007238,60000080,12274307
Stephen Foor,FOORS,null,A008893,60001801,12273213
Jeffrey Jones,JONESJA,null,A004057,50226412,12273585
Richard Reichwein,REICHWRL,null,A005362,50371627,12274241
Christopher Hannock,HANNOCC,172468860,A006179,50499769,12273383
Mark C. Reifer,REIFERM,null,A005537,50403177,12274245
Marcia E. Wiggan,WIGGANME,null,A004868,50305286,12274745
Frank Gates,GATESFJ,null,A002412,24006979,12273253
Corey Locascio,LOCASCCS,null,A000884,10008228,12273767
Bernadette L. Diller,DILLERB,null,A010814,50423462,12273065
Paul Youngheim,YOUNGHPW,null,A000911,10008290,12274803
Sebastian Jaison Caliankara,JAISONS,172462935,A008661,60001562,12273539
Brandon Adams1,ADAMSB,null,A008913,60001821,12272569
Jeffrey Taylor,TAYLORJM,172462899,A008444,60001331,12274563
Celina Delgado1,DELGADC,172410926,A012006,51000839,12273027
Darin W. Ambrose,AMBROSDW,null,A010774,50364696,12272597
Megan Early,EARLYM,null,A009294,60002207,12273119
William A. Hill,HILLWA,172506561,A006002,50477607,12273455
Ralph A. Jordan,JORDANRA,172468827,A001964,18623214,12273599
Leszek Kozak,KOZAKL,null,A002014,18730749,12273671
John Sexton,SEXTONJ,null,A008576,60001472,12274393
Holly True,TRUEHS,null,A000806,10000186,12274619
Brandon L. Sherwood,SHERWOBL,null,A005815,50431023,12274411
Ann Vanneman,VANNEMA,172468818,A005629,50411481,12274655
Constance Cianci,SIBERTCM,null,A006542,50561986,12274421
Nick O. Rowe,ROWENO,null,A001027,12000052,12274315
Jeffrey A. Thompson,THOMPSJA,null,A003169,28007862,12274599
Michael A. Harnett,HARNETMA,null,A004842,50305255,12273393
Keith Parker,PARKERKD,null,A001763,18503992,12274113
Daniel L. Strange,STRANGDL,null,A004934,50311196,12274517
Manoj Yadav1,YADAVM,null,A008142,60000998,12274795
Stan B. Yuen,YUENSW,172508181,A006154,50493791,12274813
Deepa Joy,JOYD,172410541,A015046,110018422,12273603
Samuel Gentes1,GENTESS,null,A008989,60001898,12273267
Thomas R. Page,PAGETR,null,A004046,50220243,12274091
Roger L. Rowe,ROWER,null,A010783,50379471,12274317
Wayne A. Havens,HAVENSWA,172462884,A004071,50231145,12273411
Stefani G. Santy,SANTYSC,null,A010689,50158940,12274353
Scott Crane,CRANESE,null,A002868,26000033,12272943
Gary Boyer,BOYERG,null,A015868,110050482,12272765
Cord N. Crisler,CRISLECN,null,A005968,50459659,12272951
Thomas Perman1,PERMANT,null,A002299,24006729,12274135
Kerry L. Napoleon,NAPOLEKL,null,A004665,50305052,12274017
Frank J. Seris,SERISFJ,null,A004478,50286008,12274389
Christopher Thompson,THOMPSCM,172468110,A004533,50295540,12274597
Ralph R. Wawrzyniakowski,WAWRZYRR,null,A006178,50499129,12274707
Robert Becerra,BECERRR,null,A000295,5000076,12272683
Tonya Lagermann,LAGERMTM,null,A010693,50166407,12273691
John C. Edwards Jr,EDWARDJC,null,A004393,50280529,12273133
Sonja Holmes1,HOLMESS,null,A007076,50652115,12273487
Donald Doss,DOSSD,null,A000910,10008289,12273087
Parthiban Chandran,CHANDRP1,172462637,A015451,110045482,12272861
Scott T. Grace,GRACEST,172462892,A004952,50315421,12273317
Franco Boffice,BOFFICF,172547334,A005031,50325156,12272737
Dennis R. Hindman Jr,HINDMADR,null,A005909,50441516,12273457
Michael Novakoski,NOVAKOMW,null,A005706,50420133,12274051
Travis D. Allen,ALLENTD,null,A005544,50404029,12272587
Chad F. Pope,POPECF,null,A001992,18712911,12274183
Robert Arcangeletti,ARCANGR,null,A009156,60002067,12272611
Gregory Boswell,BOSWELGJ,null,A000908,10008285,12272757
Shaylynn A. Burnham,BURNHAS,null,A017774,60002749,12272815
Stephen F. Jurpalis,JURPALSF,171946595,A015094,110015643,12273611
Gary Rossetter,ROSSETGT,null,A006139,50490781,12274305
Kathiresan Srivel1,SRIVELK,null,A008844,60001751,12274479
Lori Caudle,CAUDLEL,172462665,A006581,50566912,12272855
Jeremy Sexton,SEXTONJM,null,A004359,50279054,12274395
Robert Vah,VAHRP,null,A000882,10008223,12274645
Randy C. Leppanen,LEPPANR,null,A007552,60000400,12273737
John Bernard,BERNARJ,null,A015086,110017922,12272701
Jonathan M. Forrest,FORRESJM,172409843,A008668,60001570,12273217
David Choate,CHOATEDW,null,A004003,50210614,12272875
Wallace Williams,WILLIAWA,null,A001190,17000031,12274759
Robert M. Urban,URBANRM,null,A004675,50305063,12274641
Adam Chrnalogar,CHRNALAD,null,A003642,50107207,12272879
Dan R. Boedy,BOEDYDR,null,A001487,17003437,12272733
Robert Barker1,BARKERR,null,A008950,60001858,12272653
Tracy White,WHITET,null,A002984,27002555,12274733
Paul Zurbriggen,ZURBRIPW,null,A004997,50320617,12274829
Nathaniel L. Carr,CARRNL,null,A000932,10009003,12272835
Darren Waggoner,WAGGOND,null,A008525,60001417,12274677
Sam M. Alvey,ALVEYSM,null,A005411,50380815,12272595
Jason Vandiver,VANDIVJM,null,A004309,50273940,12274651
Travis Hannah,HANNAHT,null,A007584,60000433,12273381
Randal D. Edgemon,EDGEMORD,null,A004178,50252718,12273129
Leroy Hamilton,HAMILTL,null,A001375,17002866,12273379
Joshua W. Cox,COXJW,null,A006167,50496500,12272939
Terry Knepp,KNEPPTL,null,A002950,27000093,12273657
Susan L. Lancho,LANCHOSL,null,A001022,12000035,12273701
Lloyd C. Lawson,LAWSONLC,null,A005571,50406380,12273713
Brian Epps,EPPSBT,null,A000367,5006816,12273167
Donald Petry,PETRYDJ,null,A002067,22000088,12274145
Edward J. Scanlon,SCANLOEJ,null,A001653,18502287,12274355
Matt Klotzbach,KLOTZBM,null,A015113,110028002,12273655
Ruth M. Marfil-Vega,MARFILR,null,A007396,60000242,12273831
Daniel Dorion,DORIONDT,null,A003416,50056127,12273085
Aaron R. King,KINGAR,null,A003885,50191291,12273641
Joseph J. Pierce,PIERCEJJ,null,A002539,24007221,12274157
Stephen Polillo,POLILLSF,null,A006472,50549594,12274177
Daniel Gauthier,GAUTHID1,null,A008263,60001145,12273257
Robert L. Samuels,SAMUELRL,null,A001034,12000063,12274343
Nicholas Pinto,PINTONM,null,A001771,18504143,12274161
Richard J. Gerleve,GERLEVRJ,null,A006658,50586402,12273273
David J. Santarelli,SANTARDJ,null,A002344,24006880,12274347
Aaron Newman,NEWMANAD,null,A000948,10011427,12274039
Sherry R. Ridens,RIDENSSR,null,A011539,51000260,12274271
Laura K. Richardson,RICHARLK,null,A003831,50180178,12274265
Robert Victorero1,VICTORR,null,A000276,5000016,12274667
Dustin M. Muntz,MUNTZDM,null,A004018,50214850,12274009
Gabriel Nieves1,NIEVESGA,null,A005053,50328938,12274041
Gregory E. Stephens,STEPHEGE,null,A005352,50370260,12274505
Kent Woodburn,WOODBUKA,null,A000632,9008521,12274777
Carada Springstead,SPRINGCG,null,A005982,50467761,12274477
James M. Strasko,STRASKJM,null,A001768,18504101,12274519
Sabri Keskin,KESKINS,172300374,A003805,50171199,12273635
Grover Hansford,HANSFOG,null,A001774,18504207,12273389
Shelby Cowell1,COWELLS,null,A011904,51000712,12272931
Vincent M. Johnson,JOHNSOVM,null,A001007,11002266,12273569
Jason Phelps,PHELPSJR,null,A004938,50314479,12274149
Laura A. Delles,DELLESLA,172467777,A005018,50323974,12273031
Thomas S. Derryberry,DERRYBTS,null,A008947,60001855,12273045
Natale Lussi,LUSSIN,null,A002792,24018226,12273797
Kathleen Egner,EGNERKA,172411411,A003351,50039533,12273139
D. Andrew Welcomer1,WELCOMD,null,A008432,60001319,12274713
David E. Werner,WERNERDE,null,A002839,24020759,12274717
Juan Acevedo1,ACEVEDJ,null,A004155,50248997,12272567
Luke Deras,DERASL,null,A017586,51000917,12273043
Sherry L. Johnson,JOHNSOS2,null,A005440,50387597,12273567
Steven Catalan1,CATALAS,null,A008315,60001201,12272851
Christine L. Donahue,DONAHUCL,null,A000539,9000348,12273079
Brandy A. Hill,HILLB2,null,A003422,50057221,12273451
Clayton V. Durham,DURHAMCV,null,A003617,50101763,12273113
Stephen Grizzle,GRIZZLSD,null,A008787,60001694,12273345
Gemmy J. Siegel,SIEGELGJ,null,A004456,50285458,12274423
Monica L. Cicalo,KILEYML,null,A000764,10000101,12273639
Jamie L. Gough,LECHIEJL,null,A003972,50202917,12273719
Evens Aristilde,ARISTIE,null,A005462,50392907,12272615
Rupesh K. Tyagi,TYAGIR,172547009,A017659,60002684,12274637
Taylor R. Purcell,PURCELR,null,A007573,60000421,12274197
Kurt J. Wanninger,WANNINKJ,null,A007272,60000114,12274697
Robert H. Woods Jr,WOODSRH,null,A002164,24006420,12274783
Kevin L. Dixon,DIXONK2,null,A001004,11000235,12273069
Lance Johnson,JOHNSOKK,null,A000636,9008529,12273565
Christopher J. Casaburro,CASABUCJ,null,A005405,50379443,12272841
Wayde D. Davis,DAVISWD,null,A003039,28007611,12273005
Patricia McNiece,MCNIECP,null,A007428,60000276,12273909
David A. Sopko,SOPKODA,null,A004372,50279312,12274471
Nancy M. Donahue,DONAHUNM,null,A002573,24007289,12273081
Martin Randazzo,RANDAZM1,null,A008112,60000967,12274221
Jerry A. Gaskin,GASKINJA,null,A000762,10000099,12273251
Joseph Stankiewicz1,STANKIJ,null,A004876,50305294,12274491
John C. King,KINGJC,null,A005316,50365829,12273645
Robert M. Bausch,BAUSCHRM,null,A004391,50280517,12272669
Brett Fansher,COVERTBL,null,A000782,10000139,12272929
Darlene Williams,WILLIAD4,null,A005888,50438051,12274757
Shan Ferrell1,FERRELS,null,A008703,60001605,12273191
David D. Schwierjohn,SCHWIEDD,null,A000417,9000088,12274375
Mark Hernandez1,HERNANM,null,A006419,50541720,12273433
Robert Moss1,MOSSR2,null,A007734,60000585,12273981
Peter Gualtieri1,GUALTIP,null,A006055,50482480,12273353
Jodi Wadel,WADELJL,null,A006208,50502045,12274675
Sandra Fitzpatrick,FITZPAS,null,A008553,60001447,12273203
Evan J. Jacobs,JACOBSE,null,A005035,50325431,12273533
Robert P. Lowder,LOWDERRP,null,A000994,11000067,12273783
Terry M. Coleman,COLEMAT,null,A003627,50103236,12272897
DeAngelo Britt,BRITTDL,null,A006675,50590949,12272791
Carl R. Lee,LEECL,null,A005032,50325157,12273723
Frank Seris,SERISF,null,A003609,50100026,12274387
Joseph A. Jones Jr.,JONESJ2,null,A005254,50358693,12273583
Mark MacDonald,MACDONML,null,A006754,50601342,12273803
John Carboni,CARBONJL,172462667,A008318,60001204,12272825
Craig D. Smock,SMOCKCD,null,A001649,18502201,12274459
Jason Yuraitis,YURAITJ,null,A003766,50148531,12274815
Aaron Fazzari,FAZZARA,null,A006272,50521507,12273187
William E. Minerd,MINERDWE,null,A008806,60001713,12273943
Jose Alpizar,ALPIZAJA,null,A009082,60001993,12272591
Josue Navarro1,NAVARRJ,null,A007523,60000371,12274023
Lee Castleman,CASTLELE,null,A001099,12007384,12272849
Larry Davis,DAVISLE,null,A004242,50265101,12273003
Kenneth P. Marvin,MARVINKP,null,A007519,60000367,12273847
Gregory P. Rossi,ROSSIGP,null,A005512,50400109,12274311
Robin D. Robinson-Still,ROBINSRD,null,A009070,60001980,12274285
Felicia Abrams,ABRAMSFA,null,A000017,3000129,12272563
Fredrick J. Hurley,HURLEYFJ,null,A005089,50335860,12273517
Susan Schneider,SCHNEISE,null,A003661,50111360,12274369
Lynn A. Hudson,HUDSONLA,null,A004978,50318684,12273511
Joseph A. Tackett,TACKETJ2,null,A010905,50500938,12274555
Joe C. Glauber Jr.,GLAUBEJ,null,A017204,60002607,12273295
Thomas J. Palansky,PALANSTJ,null,A000899,10008253,12274095
Indranil Ghosh,GHOSHI,172410560,A015668,110041130,12273277
Alan Sleeper,sleepeaw,null,A004523,50293057,12274445
Susan Stefencavage,STEFENSG,172468445,A008375,60001262,12274503
Dawnesha Y. Johnson,TOMLINDY,null,A003647,50108289,12274611
Joseph Luisi,LUISIJA,null,A004608,50303441,12273795
Karl Engallena,ENGALLK,null,A008540,60001434,12273159
Carrie A. Necky,NECKYCA,null,A004029,50217359,12274029
Douglas E. Ruoff,RUOFFDE,null,A004808,50305216,12274325
John R. Cole,COLEJR,172462710,A003461,50069219,12272895
Kevin Jaggs,JAGGSK,null,A001127,14004499,12273537
David B. Still,STILLDB,null,A003668,50113934,12274511
Catherine D. Raively,BROWNCD,172462879,A004589,50302387,12272797
Clinton Feger,FEGERCD,null,A007224,60000066,12273189
Jerry Reed1,REEDJ1,null,A008597,60001494,12274233
Gilberto Rosa2,ROSAG1,null,A010062,90000668,12274301
Joseph E. Tufaro,TUFAROJE,null,A005672,50416710,12274629
Greer L. Thacker,BROWNG2,null,A006546,50562539,12272799
Victor Munguia,MUNGUIV,null,A003720,50129710,12274003
Eli F. Encarnacion,ENCARNEF,null,A002854,24020884,12273157
James Long,LONGJS,null,A003569,50094719,12273773
Brian A. Henretta,HENRETBA,null,A004150,50247294,12273429
Suzana Duby,DUBYS,null,A005355,50370384,12273105
Brian K. Davis,DAVISBK,null,A000936,10009324,12272995
Brian Buchanan,BUCHANBA,null,A004452,50285332,12272803
Peter D. Steward,STEWARPD,null,A001548,17007102,12274509
John Gwara,GWARAJE,172468940,A001912,18507504,12273363
Lee Mansfield,MANSFILA,null,A003240,30000612,12273829
Barbora O'Connell1,OCONNEBK,null,A004554,50297664,12274061
Donald S. Bailey,BAILEYDS,null,A005848,50433392,12272643
Jamie Hort1,HORTJ,null,A004477,50285972,12273505
H Kierman,KIERMAJ,172468071,A003716,50128561,12273637
John Palmer,PALMERJ1,null,A006909,50625545,12274101
James Jenkins,JENKINJM,172468419,A001528,17003587,12273551
William Teodecki,TEODECW,null,A007736,60000587,12274585
Jose L. Martin,MARTINJL,null,A005213,50350614,12273843
Charles Cofer,COFERC,null,A008003,60000856,12272889
Jason Daskas1,DASKASJ,null,A008537,60001431,12272991
Teresa McIntyre,MCINTYTC,null,A004852,50305267,12273895
Malcolm Still,STILLM,null,A006037,50481617,12274513
Neeru Sharma,SHARMAN,172469025,A007990,60000843,12274399
Gregory L. Scott,SCOTTGL,null,A004060,50226499,12274381
Timothy C. Kerns,KERNSTC,null,A007430,60000278,12273629
Kristen M. Snyder,SNYDERKM,null,A002585,24007315,12274465
Jason M. Browne,BROWNJ4,null,A011105,50535512,12272801
Arthur L. Fowler,FOWLERAL,null,A004931,50311172,12273219
Christopher L. Marshall,MARSHACL,null,A006353,50531519,12273837
Edward D. Vallejo,VALLEJED,172409577,A000067,3002235,12274647
Rachel Wesner,WESNERR,null,A008429,60001316,12274719
Jesus Gonzales,GONZALJ2,null,A004127,50243194,12273309
Andrew McManus1,MCMANUA,null,A008759,60001665,12273907
Mitchell W. Stauffer,STAUFFMW,172570638,A003395,50049784,12274501
Nancy M. Yilmaz,YILMAZNM,172462646,A003475,50075099,12274799
Nicholas T. DeVecchis,DEVECCNT,null,A004282,50271950,12273049
Brad A. Reeser,REESERBA,null,A008497,60001387,12274237
Melissa L. Schwarzell,SCHWARML,172468944,A006030,50481432,12274371
Charlie J. Cole,COLECJ,null,A011341,50660759,12272893
Corey D. Jackson,JACKSOCD,null,A009241,60002152,12273525
Andie Cokel,COKELA,null,A009408,60002321,12272891
Rodney Cureton,CURETOR,null,A004777,50305181,12272975
Eric Lyons2,LYONSE,null,A008025,60000878,12273801
David J. Annarumo,ANNARUDJ,null,A005429,50384302,12272607
Chris L. Hays,HAYSCL,null,A002913,26000153,12273415
Brian W. LaGrand,LAGRANBW,null,A006340,50530613,12273693
Howard J. Mundell,MUNDELH2,172468111,A005908,50441512,12274001
Andrew J. Sobocinski,SOBOCIAJ,null,A006201,50501589,12274467
Kenneth Struckhoff,STRUCKKJ,null,A001431,17003036,12274527
Marian Drewes,DREWESME,null,A001600,17009339,12273093
Sheila A. Gallagher,GALLAGSA,null,A002178,24006487,12273237
Robert J. Merunka,MERUNKRJ,172508192,A016119,60002394,12273915
Linda M. Vaaler,VAALERLM,null,A010805,50411457,12274643
Christian Arias,ARIASCD,null,A005683,50417783,12272613
Andrew Richmond1,RICHMOA,172462650,A007496,60000344,12274269
Christopher J. Gouger,GOUGERCJ,null,A003646,50108206,12273315
Christy A. Pirok,PIROKCA,null,A010608,3016358,12274163
Ryan L. Haack,HAACKR,null,A004544,50296550,12273365
Savino S. Carlucci,CARLUCSS,null,A004232,50262146,12272829
Wayne Asbell,ASBELLWL,null,A000535,9000339,12272627
Julio Gonzalez,GONZALJ3,null,A017407,60002644,12273311
Lonnie Henderson,HENDERL,null,A001415,17002945,12273423
Angela E. Strebel,STREBEAE,null,A010730,50285889,12274523
Richard E. Whittington,WHITTIRE,null,A007885,60000736,12274737
